date,nav,ret
2014-05-29,1.0,0.0
2014-05-30,1.0,0.0
2014-06-06,1.001,0.0
2014-06-13,1.002,0.0
2014-06-20,1.002,0.0
2014-06-27,1.006,0.0
2014-06-30,1.006,0.0
2014-07-01,1.005,-0.000994
2014-07-02,1.005,0.0
2014-07-03,1.009,0.00398
2014-07-04,1.011,0.001982
2014-07-07,1.012,0.000989
2014-07-08,1.012,0.0
2014-07-09,1.006,-0.005929
2014-07-10,1.005,-0.000994
2014-07-11,1.006,0.000995
2014-07-14,1.009,0.0029820000000000003
2014-07-15,1.008,-0.000991
2014-07-16,1.006,-0.001984
2014-07-17,1.002,-0.003976
2014-07-18,1.002,0.0
2014-07-21,1.004,0.001996
2014-07-22,1.007,0.002988
2014-07-23,1.003,-0.003972
2014-07-24,1.001,-0.001994
2014-07-25,1.005,0.003996
2014-07-28,1.009,0.00398
2014-07-29,1.012,0.002973
2014-07-30,1.013,0.000988
2014-07-31,1.02,0.0069099999999999995
2014-08-01,1.013,-0.006863
2014-08-04,1.021,0.007897
2014-08-05,1.02,-0.000979
2014-08-06,1.022,0.001961
2014-08-07,1.018,-0.003914
2014-08-08,1.021,0.002947
2014-08-11,1.03,0.008815
2014-08-12,1.033,0.0029130000000000002
2014-08-13,1.034,0.000968
2014-08-14,1.032,-0.001934
2014-08-15,1.042,0.009689999999999999
2014-08-18,1.056,0.013435999999999998
2014-08-19,1.066,0.00947
2014-08-20,1.067,0.0009379999999999999
2014-08-21,1.069,0.001874
2014-08-22,1.073,0.0037419999999999997
2014-08-25,1.062,-0.010251999999999999
2014-08-26,1.051,-0.010358000000000001
2014-08-27,1.052,0.000951
2014-08-28,1.049,-0.002852
2014-08-29,1.056,0.006673
2014-09-01,1.065,0.008523
2014-09-02,1.071,0.005634
2014-09-03,1.073,0.001867
2014-09-04,1.08,0.006523999999999999
2014-09-05,1.08,0.0
2014-09-09,1.089,0.008333
2014-09-10,1.093,0.003673
2014-09-11,1.1,0.006404
2014-09-12,1.111,0.01
2014-09-15,1.123,0.010801
2014-09-16,1.103,-0.017809
2014-09-17,1.111,0.007252999999999999
2014-09-18,1.123,0.010801
2014-09-19,1.138,0.013357
2014-09-22,1.137,-0.000879
2014-09-23,1.149,0.010554
2014-09-24,1.161,0.010444
2014-09-25,1.17,0.007752
2014-09-26,1.178,0.0068379999999999995
2014-09-29,1.189,0.009337999999999999
2014-09-30,1.194,0.0042049999999999995
2014-10-08,1.203,0.007538
2014-10-09,1.202,-0.0008309999999999999
2014-10-10,1.196,-0.004992
2014-10-13,1.187,-0.007525
2014-10-14,1.182,-0.0042120000000000005
2014-10-15,1.189,0.005921999999999999
2014-10-16,1.177,-0.010093000000000001
2014-10-17,1.163,-0.011895
2014-10-20,1.179,0.013758
2014-10-21,1.177,-0.001696
2014-10-22,1.17,-0.005947
2014-10-23,1.151,-0.016239
2014-10-24,1.153,0.0017380000000000002
2014-10-27,1.167,0.012142
2014-10-28,1.196,0.024849999999999997
2014-10-29,1.208,0.010033
2014-10-30,1.212,0.003311
2014-10-31,1.213,0.000825
2014-11-03,1.222,0.0074199999999999995
2014-11-04,1.211,-0.009002
2014-11-05,1.208,-0.002477
2014-11-06,1.216,0.006623
2014-11-07,1.204,-0.009868
2014-11-10,1.206,0.001661
2014-11-11,1.182,-0.0199
2014-11-12,1.201,0.016073999999999998
2014-11-13,1.187,-0.011656999999999999
2014-11-14,1.187,0.0
2014-11-17,1.203,0.013479000000000001
2014-11-18,1.203,0.0
2014-11-19,1.216,0.010806
2014-11-20,1.221,0.004112
2014-11-21,1.238,0.013923000000000001
2014-11-24,1.26,0.017771
2014-11-25,1.269,0.007143
2014-11-26,1.297,0.022065
2014-11-27,1.308,0.008480999999999999
2014-11-28,1.309,0.000765
2014-12-01,1.295,-0.010695
2014-12-02,1.299,0.003089
2014-12-03,1.3,0.00077
2014-12-04,1.323,0.017692
2014-12-05,1.287,-0.027211
2014-12-08,1.296,0.006993
2014-12-09,1.221,-0.05787
2014-12-10,1.246,0.020475
2014-12-11,1.246,0.0
2014-12-12,1.273,0.021669
2014-12-15,1.305,0.025137
2014-12-16,1.32,0.011493999999999999
2014-12-17,1.317,-0.002273
2014-12-18,1.303,-0.010629999999999999
2014-12-19,1.282,-0.016117
2014-12-22,1.231,-0.039782000000000005
2014-12-23,1.211,-0.016247
2014-12-24,1.219,0.006606
2014-12-25,1.23,0.009023999999999999
2014-12-26,1.238,0.006503999999999999
2014-12-29,1.222,-0.012924
2014-12-30,1.222,0.0
2014-12-31,1.249,0.022094999999999997
2015-01-05,1.254,0.004003
2015-01-06,1.26,0.004785
2015-01-07,1.259,-0.000794
2015-01-08,1.251,-0.006353999999999999
2015-01-09,1.246,-0.003997
2015-01-12,1.227,-0.015248999999999999
2015-01-13,1.24,0.010595
2015-01-14,1.239,-0.0008060000000000001
2015-01-15,1.253,0.011298999999999998
2015-01-16,1.263,0.007981
2015-01-19,1.233,-0.023753000000000003
2015-01-20,1.277,0.035684999999999995
2015-01-21,1.309,0.025059
2015-01-22,1.319,0.007639
2015-01-23,1.301,-0.013647
2015-01-26,1.325,0.018447
2015-01-27,1.335,0.007547000000000001
2015-01-28,1.324,-0.008239999999999999
2015-01-29,1.318,-0.004532
2015-01-30,1.303,-0.011380999999999999
2015-02-02,1.308,0.0038369999999999997
2015-02-03,1.336,0.021407
2015-02-04,1.337,0.000749
2015-02-05,1.329,-0.005984000000000001
2015-02-06,1.303,-0.019563999999999998
2015-02-09,1.295,-0.00614
2015-02-10,1.302,0.005405
2015-02-11,1.313,0.008449
2015-02-12,1.319,0.00457
2015-02-13,1.331,0.009098
2015-02-16,1.348,0.012771999999999999
2015-02-17,1.351,0.002226
2015-02-25,1.336,-0.011103
2015-02-26,1.335,-0.000749
2015-02-27,1.345,0.007491
2015-03-02,1.372,0.020074
2015-03-03,1.372,0.0
2015-03-04,1.4,0.020408
2015-03-05,1.418,0.012857
2015-03-06,1.415,-0.0021160000000000003
2015-03-09,1.427,0.008480999999999999
2015-03-10,1.472,0.031535
2015-03-11,1.473,0.000679
2015-03-12,1.455,-0.01222
2015-03-13,1.48,0.017182
2015-03-16,1.532,0.035135
2015-03-17,1.53,-0.001305
2015-03-18,1.548,0.011765000000000001
2015-03-19,1.565,0.010982
2015-03-20,1.585,0.01278
2015-03-23,1.617,0.020189
2015-03-24,1.654,0.022882
2015-03-25,1.679,0.015115
2015-03-26,1.647,-0.019059
2015-03-27,1.682,0.021251000000000003
2015-03-30,1.676,-0.0035670000000000003
2015-03-31,1.685,0.005370000000000001
2015-04-01,1.724,0.023145
2015-04-02,1.753,0.016821
2015-04-03,1.808,0.031375
2015-04-07,1.864,0.030973
2015-04-08,1.861,-0.001609
2015-04-09,1.857,-0.002149
2015-04-10,1.89,0.017771
2015-04-13,1.928,0.020106000000000002
2015-04-14,1.913,-0.0077800000000000005
2015-04-15,1.815,-0.051227999999999996
2015-04-16,1.822,0.0038569999999999998
2015-04-17,1.802,-0.010976999999999999
2015-04-20,1.756,-0.025527
2015-04-21,1.829,0.041572
2015-04-22,1.864,0.019136
2015-04-23,1.91,0.024678
2015-04-24,1.908,-0.001047
2015-04-27,1.893,-0.007862000000000001
2015-04-28,1.826,-0.035394
2015-04-29,1.868,0.023001
2015-04-30,1.888,0.010707
2015-05-04,1.912,0.012712000000000001
2015-05-05,1.857,-0.028766
2015-05-06,1.873,0.008616
2015-05-07,1.86,-0.006941
2015-05-08,1.971,0.059677
2015-05-11,2.091,0.060883
2015-05-12,2.205,0.054519000000000005
2015-05-13,2.246,0.018594
2015-05-14,2.236,-0.004452
2015-05-15,2.264,0.012522
2015-05-18,2.351,0.038428
2015-05-19,2.392,0.017439
2015-05-20,2.443,0.021321
2015-05-21,2.488,0.018420000000000002
2015-05-22,2.499,0.004421
2015-05-25,2.542,0.017207
2015-05-26,2.668,0.049567
2015-05-27,2.669,0.000375
2015-05-28,2.509,-0.059947999999999994
2015-05-29,2.573,0.025508000000000003
2015-06-01,2.704,0.05091300000000001
2015-06-02,2.833,0.047707
2015-06-03,2.829,-0.0014119999999999998
2015-06-04,2.794,-0.012372000000000001
2015-06-05,2.803,0.003221
2015-06-08,2.731,-0.025687
2015-06-09,2.729,-0.000732
2015-06-10,2.781,0.019055
2015-06-11,2.846,0.023372999999999998
2015-06-12,2.872,0.009136
2015-06-15,2.839,-0.01149
2015-06-16,2.687,-0.053540000000000004
2015-06-17,2.714,0.010048
2015-06-18,2.634,-0.029477000000000003
2015-06-19,2.459,-0.066439
2015-06-23,2.428,-0.012607
2015-06-24,2.486,0.023888
2015-06-25,2.38,-0.042638999999999996
2015-06-26,2.178,-0.08487399999999999
2015-06-29,2.024,-0.070707
2015-06-30,2.108,0.041502
2015-07-01,1.947,-0.076376
2015-07-02,1.815,-0.067797
2015-07-03,1.709,-0.058402
2015-07-06,1.626,-0.048566000000000005
2015-07-07,1.53,-0.059040999999999996
2015-07-08,1.408,-0.079739
2015-07-09,1.493,0.060369
2015-07-10,1.6,0.07166800000000001
2015-07-13,1.694,0.05875
2015-07-14,1.747,0.031286999999999995
2015-07-15,1.668,-0.04522
2015-07-16,1.671,0.001799
2015-07-17,1.762,0.054458
2015-07-20,1.813,0.028944
2015-07-21,1.84,0.014892
2015-07-22,1.869,0.015761
2015-07-23,1.946,0.041199000000000006
2015-07-24,1.915,-0.01593
2015-07-27,1.762,-0.07989600000000001
2015-07-28,1.681,-0.045970000000000004
2015-07-29,1.78,0.058894
2015-07-30,1.703,-0.043258
2015-07-31,1.667,-0.021139
2015-08-03,1.593,-0.044391
2015-08-04,1.666,0.045825
2015-08-05,1.646,-0.012004999999999998
2015-08-06,1.654,0.00486
2015-08-07,1.697,0.025998
2015-08-10,1.775,0.045963000000000004
2015-08-11,1.775,0.0
2015-08-12,1.739,-0.020282
2015-08-13,1.778,0.022427000000000002
2015-08-14,1.81,0.017998
2015-08-17,1.84,0.016575
2015-08-18,1.702,-0.075
2015-08-19,1.755,0.031139999999999998
2015-08-20,1.703,-0.02963
2015-08-21,1.617,-0.050499
2015-08-24,1.483,-0.08287000000000001
2015-08-25,1.357,-0.084963
2015-08-26,1.305,-0.03832
2015-08-27,1.346,0.031418
2015-08-28,1.412,0.049034
2015-08-31,1.373,-0.02762
2015-09-01,1.335,-0.027677
2015-09-02,1.331,-0.002996
2015-09-07,1.331,0.0
2015-09-08,1.412,0.060856
2015-09-09,1.466,0.038244
2015-09-10,1.442,-0.016371
2015-09-11,1.449,0.004854
2015-09-14,1.368,-0.055901
2015-09-15,1.322,-0.033626
2015-09-16,1.403,0.061271000000000006
2015-09-17,1.39,-0.009266
2015-09-18,1.417,0.019424
2015-09-21,1.475,0.040932
2015-09-22,1.474,-0.000678
2015-09-23,1.472,-0.001357
2015-09-24,1.479,0.004755
2015-09-25,1.441,-0.025693
2015-09-28,1.483,0.029146000000000002
2015-09-29,1.482,-0.000674
2015-09-30,1.469,-0.008772
2015-10-08,1.518,0.033356
2015-10-09,1.532,0.009223
2015-10-12,1.596,0.041775
2015-10-13,1.625,0.01817
2015-10-14,1.603,-0.013538
2015-10-15,1.678,0.046787
2015-10-16,1.718,0.023837999999999998
2015-10-19,1.741,0.013388
2015-10-20,1.768,0.015508
2015-10-21,1.683,-0.048076999999999995
2015-10-22,1.709,0.015449
2015-10-23,1.746,0.02165
2015-10-26,1.766,0.011455
2015-10-27,1.784,0.010193
2015-10-28,1.761,-0.012891999999999999
2015-10-29,1.773,0.006814
2015-10-30,1.774,0.0005639999999999999
2015-11-02,1.722,-0.029312
2015-11-03,1.709,-0.007549
2015-11-04,1.773,0.037448999999999996
2015-11-05,1.786,0.007332
2015-11-06,1.834,0.026876
2015-11-09,1.87,0.019629
2015-11-10,1.887,0.009091
2015-11-11,1.919,0.016958
2015-11-12,1.931,0.006253
2015-11-13,1.864,-0.034697
2015-11-16,1.91,0.024678
2015-11-17,1.888,-0.011517999999999999
2015-11-18,1.85,-0.020127000000000003
2015-11-19,1.894,0.023784
2015-11-20,1.914,0.01056
2015-11-23,1.909,-0.0026119999999999997
2015-11-24,1.928,0.009953
2015-11-25,1.962,0.017635
2015-11-26,1.943,-0.009684
2015-11-27,1.838,-0.05404
2015-11-30,1.852,0.0076170000000000005
2015-12-01,1.849,-0.0016200000000000001
2015-12-02,1.842,-0.003786
2015-12-03,1.883,0.022258
2015-12-04,1.864,-0.010089999999999998
2015-12-07,1.885,0.011266
2015-12-08,1.854,-0.016446000000000002
2015-12-09,1.841,-0.007012000000000001
2015-12-10,1.823,-0.009777000000000001
2015-12-11,1.801,-0.012068
2015-12-14,1.826,0.013881
2015-12-15,1.844,0.009858
2015-12-16,1.86,0.008677
2015-12-17,1.889,0.015590999999999999
2015-12-18,1.885,-0.002118
2015-12-21,1.901,0.008488
2015-12-22,1.903,0.001052
2015-12-23,1.889,-0.007357
2015-12-24,1.873,-0.00847
2015-12-25,1.883,0.005339
2015-12-28,1.853,-0.015931999999999998
2015-12-29,1.874,0.011333
2015-12-30,1.885,0.005869999999999999
2015-12-31,1.845,-0.02122
2016-01-04,1.708,-0.074255
2016-01-05,1.661,-0.027517999999999997
2016-01-06,1.703,0.025286
2016-01-07,1.562,-0.08279500000000001
2016-01-08,1.59,0.017926
2016-01-11,1.48,-0.069182
2016-01-12,1.45,-0.02027
2016-01-13,1.406,-0.030345
2016-01-14,1.464,0.041252000000000004
2016-01-15,1.414,-0.034152999999999996
2016-01-18,1.439,0.01768
2016-01-19,1.503,0.044475
2016-01-20,1.495,-0.005323
2016-01-21,1.422,-0.048829000000000004
2016-01-22,1.435,0.009142
2016-01-25,1.455,0.013937
2016-01-26,1.357,-0.067354
2016-01-27,1.336,-0.015475000000000001
2016-01-28,1.274,-0.046407
2016-01-29,1.327,0.041601
2016-02-01,1.336,0.006782
2016-02-02,1.4,0.047904
2016-02-03,1.42,0.014286
2016-02-04,1.463,0.030282
2016-02-05,1.428,-0.023923
2016-02-15,1.454,0.018207
2016-02-16,1.505,0.035076
2016-02-17,1.525,0.013289
2016-02-18,1.515,-0.0065569999999999995
2016-02-19,1.523,0.005281
2016-02-22,1.547,0.015758
2016-02-23,1.526,-0.013574999999999999
2016-02-24,1.528,0.0013109999999999999
2016-02-25,1.425,-0.067408
2016-02-26,1.427,0.0014039999999999999
2016-02-29,1.357,-0.049054
2016-03-01,1.371,0.010317
2016-03-02,1.443,0.052516
2016-03-03,1.439,-0.002772
2016-03-04,1.412,-0.018763000000000002
2016-03-07,1.424,0.008499
2016-03-08,1.404,-0.014045
2016-03-09,1.367,-0.026353
2016-03-10,1.352,-0.010973
2016-03-11,1.344,-0.005917
2016-03-14,1.39,0.034226
2016-03-15,1.369,-0.015108
2016-03-16,1.361,-0.005844
2016-03-17,1.4,0.028655
2016-03-18,1.46,0.042857000000000006
2016-03-21,1.502,0.028767
2016-03-22,1.496,-0.003995
2016-03-23,1.506,0.006684
2016-03-24,1.48,-0.017263999999999998
2016-03-25,1.488,0.005405
2016-03-28,1.476,-0.008065
2016-03-29,1.441,-0.023713
2016-03-30,1.491,0.034698
2016-03-31,1.517,0.017438
2016-04-01,1.507,-0.006592
2016-04-05,1.541,0.022561
2016-04-06,1.543,0.001298
2016-04-07,1.511,-0.020739
2016-04-08,1.498,-0.008604
2016-04-11,1.53,0.021362000000000003
2016-04-12,1.521,-0.005881999999999999
2016-04-13,1.544,0.015122
2016-04-14,1.556,0.007772
2016-04-15,1.554,-0.0012850000000000001
2016-04-18,1.526,-0.018018
2016-04-19,1.529,0.001966
2016-04-20,1.458,-0.046436000000000005
2016-04-21,1.453,-0.0034289999999999998
2016-04-22,1.479,0.017894
2016-04-25,1.469,-0.0067610000000000005
2016-04-26,1.49,0.014295
2016-04-27,1.494,0.0026850000000000003
2016-04-28,1.484,-0.006693
2016-04-29,1.49,0.004043
2016-05-03,1.538,0.032215
2016-05-04,1.539,0.00065
2016-05-05,1.545,0.003899
2016-05-06,1.494,-0.033010000000000005
2016-05-09,1.428,-0.044177
2016-05-10,1.421,-0.004902
2016-05-11,1.416,-0.003519
2016-05-12,1.419,0.0021190000000000002
2016-05-13,1.414,-0.003524
2016-05-16,1.447,0.023338
2016-05-17,1.428,-0.013130999999999999
2016-05-18,1.388,-0.028010999999999998
2016-05-19,1.406,0.012968
2016-05-20,1.413,0.004979
2016-05-23,1.438,0.017693
2016-05-24,1.422,-0.011127
2016-05-25,1.41,-0.008439
2016-05-26,1.418,0.005674
2016-05-27,1.416,-0.0014099999999999998
2016-05-30,1.405,-0.007768000000000001
2016-05-31,1.46,0.039146
2016-06-01,1.478,0.012329000000000001
2016-06-02,1.494,0.010825
2016-06-03,1.488,-0.0040160000000000005
2016-06-06,1.495,0.004704
2016-06-07,1.501,0.004013
2016-06-08,1.489,-0.007995
2016-06-13,1.428,-0.040967
2016-06-14,1.442,0.009804
2016-06-15,1.494,0.036061
2016-06-16,1.519,0.016734
2016-06-17,1.513,-0.00395
2016-06-20,1.526,0.008591999999999999
2016-06-21,1.512,-0.009174
2016-06-22,1.537,0.016534
2016-06-23,1.53,-0.004554
2016-06-24,1.517,-0.008497
2016-06-27,1.542,0.016479999999999998
2016-06-28,1.533,-0.005837
2016-06-29,1.524,-0.0058709999999999995
2016-06-30,1.514,-0.006562
2016-07-01,1.509,-0.003303
2016-07-04,1.532,0.015242
2016-07-05,1.538,0.003916
2016-07-06,1.565,0.017555
2016-07-07,1.568,0.001917
2016-07-08,1.555,-0.008291
2016-07-11,1.558,0.001929
2016-07-12,1.563,0.003209
2016-07-13,1.554,-0.005758
2016-07-14,1.549,-0.003218
2016-07-15,1.552,0.0019370000000000001
2016-07-18,1.532,-0.012887
2016-07-19,1.519,-0.008486
2016-07-20,1.528,0.005925000000000001
2016-07-21,1.535,0.004581
2016-07-22,1.515,-0.013028999999999999
2016-07-25,1.512,-0.00198
2016-07-26,1.536,0.015872999999999998
2016-07-27,1.493,-0.027995000000000003
2016-07-28,1.515,0.014735
2016-07-29,1.508,-0.00462
2016-08-01,1.48,-0.018568
2016-08-02,1.485,0.003378
2016-08-03,1.5,0.010101
2016-08-04,1.504,0.002667
2016-08-05,1.491,-0.008643999999999999
2016-08-08,1.514,0.015426
2016-08-09,1.522,0.005284
2016-08-10,1.522,0.0
2016-08-11,1.503,-0.012484
2016-08-12,1.514,0.007319
2016-08-15,1.536,0.014531
2016-08-16,1.544,0.005208000000000001
2016-08-17,1.55,0.003886
2016-08-18,1.541,-0.005806
2016-08-19,1.547,0.0038940000000000003
2016-08-22,1.531,-0.010343
2016-08-23,1.538,0.004572
2016-08-24,1.534,-0.002601
2016-08-25,1.525,-0.005867
2016-08-26,1.532,0.00459
2016-08-29,1.536,0.002611
2016-08-30,1.535,-0.0006510000000000001
2016-08-31,1.535,0.0
2016-09-01,1.531,-0.002606
2016-09-02,1.515,-0.010450999999999998
2016-09-05,1.525,0.006601
2016-09-06,1.558,0.021639
2016-09-07,1.561,0.001926
2016-09-08,1.585,0.015375000000000002
2016-09-09,1.568,-0.010726
2016-09-12,1.528,-0.02551
2016-09-13,1.533,0.0032719999999999997
2016-09-14,1.536,0.001957
2016-09-19,1.553,0.011068
2016-09-20,1.551,-0.001288
2016-09-21,1.558,0.004513
2016-09-22,1.563,0.003209
2016-09-23,1.56,-0.001919
2016-09-26,1.534,-0.016667
2016-09-27,1.541,0.004563
2016-09-28,1.535,-0.0038940000000000003
2016-09-29,1.544,0.005863
2016-09-30,1.547,0.001943
2016-10-10,1.559,0.007756999999999999
2016-10-11,1.566,0.00449
2016-10-12,1.563,-0.001916
2016-10-13,1.567,0.002559
2016-10-14,1.569,0.001276
2016-10-17,1.564,-0.0031869999999999997
2016-10-18,1.579,0.009590999999999999
2016-10-19,1.58,0.000633
2016-10-20,1.584,0.002532
2016-10-21,1.574,-0.006313
2016-10-24,1.582,0.005083
2016-10-25,1.591,0.005689
2016-10-26,1.585,-0.003771
2016-10-27,1.578,-0.004416
2016-10-28,1.569,-0.005703000000000001
2016-10-31,1.581,0.007648
2016-11-01,1.591,0.006325
2016-11-02,1.581,-0.006285
2016-11-03,1.594,0.008223000000000001
2016-11-04,1.576,-0.011292
2016-11-07,1.578,0.0012690000000000002
2016-11-08,1.575,-0.001901
2016-11-09,1.567,-0.005079
2016-11-10,1.586,0.012124999999999999
2016-11-11,1.59,0.002522
2016-11-14,1.58,-0.006289
2016-11-15,1.583,0.001899
2016-11-16,1.579,-0.0025269999999999997
2016-11-17,1.574,-0.0031669999999999997
2016-11-18,1.568,-0.003812
2016-11-21,1.575,0.004464
2016-11-22,1.588,0.008254000000000001
2016-11-23,1.583,-0.0031490000000000003
2016-11-24,1.589,0.00379
2016-11-25,1.594,0.0031469999999999996
2016-11-28,1.596,0.001255
2016-11-29,1.592,-0.002506
2016-11-30,1.574,-0.011307000000000001
2016-12-01,1.58,0.003812
2016-12-02,1.551,-0.018354
2016-12-05,1.535,-0.010316
2016-12-06,1.538,0.001954
2016-12-07,1.557,0.012354
2016-12-08,1.551,-0.0038540000000000002
2016-12-09,1.552,0.0006450000000000001
2016-12-12,1.502,-0.032216
2016-12-13,1.514,0.007989000000000001
2016-12-14,1.507,-0.004624
2016-12-15,1.503,-0.002654
2016-12-16,1.503,0.0
2016-12-19,1.503,0.0
2016-12-20,1.489,-0.009315
2016-12-21,1.5,0.0073880000000000005
2016-12-22,1.502,0.001333
2016-12-23,1.487,-0.009987000000000001
2016-12-26,1.496,0.006051999999999999
2016-12-27,1.499,0.0020050000000000003
2016-12-28,1.492,-0.0046700000000000005
2016-12-29,1.489,-0.002011
2016-12-30,1.495,0.004030000000000001
2016-12-31,1.495,0.0
2017-01-03,1.507,0.008027
2017-01-04,1.527,0.013271
2017-01-05,1.525,-0.00131
2017-01-06,1.519,-0.003934
2017-01-09,1.533,0.009217
2017-01-10,1.524,-0.0058709999999999995
2017-01-11,1.506,-0.011811
2017-01-12,1.491,-0.00996
2017-01-13,1.48,-0.007378
2017-01-16,1.457,-0.015541000000000001
2017-01-17,1.468,0.00755
2017-01-18,1.476,0.00545
2017-01-19,1.471,-0.003388
2017-01-20,1.491,0.013595999999999999
2017-01-23,1.509,0.012072000000000001
2017-01-24,1.516,0.004639
2017-01-25,1.52,0.0026390000000000003
2017-01-26,1.527,0.004605000000000001
2017-02-03,1.521,-0.003929
2017-02-06,1.527,0.003945000000000001
2017-02-07,1.526,-0.000655
2017-02-08,1.535,0.005898
2017-02-09,1.545,0.006515
2017-02-10,1.556,0.00712
2017-02-13,1.571,0.00964
2017-02-14,1.576,0.003183
2017-02-15,1.553,-0.014594000000000001
2017-02-16,1.559,0.0038629999999999997
2017-02-17,1.545,-0.00898
2017-02-20,1.573,0.018123
2017-02-21,1.584,0.006993
2017-02-22,1.604,0.012626
2017-02-23,1.594,-0.006234
2017-02-24,1.585,-0.005646
2017-02-27,1.567,-0.011356
2017-02-28,1.573,0.0038290000000000004
2017-03-01,1.577,0.002543
2017-03-02,1.566,-0.006975
2017-03-03,1.57,0.0025540000000000003
2017-03-06,1.586,0.010190999999999999
2017-03-07,1.583,-0.001892
2017-03-08,1.576,-0.004422
2017-03-09,1.562,-0.008883
2017-03-10,1.568,0.003841
2017-03-13,1.586,0.011479999999999999
2017-03-14,1.584,-0.001261
2017-03-15,1.588,0.002525
2017-03-16,1.6,0.007557
2017-03-17,1.581,-0.011875
2017-03-20,1.581,0.0
2017-03-21,1.596,0.009488
2017-03-22,1.6,0.002506
2017-03-23,1.603,0.001875
2017-03-24,1.612,0.005614
2017-03-27,1.595,-0.010546
2017-03-28,1.589,-0.0037619999999999997
2017-03-29,1.582,-0.004405
2017-03-30,1.568,-0.00885
2017-03-31,1.574,0.0038269999999999997
2017-04-05,1.607,0.020966
2017-04-06,1.614,0.004356
2017-04-07,1.614,0.0
2017-04-10,1.602,-0.007435000000000001
2017-04-11,1.605,0.0018729999999999999
2017-04-12,1.589,-0.009969
2017-04-13,1.598,0.005664
2017-04-14,1.579,-0.011890000000000001
2017-04-17,1.574,-0.0031669999999999997
2017-04-18,1.582,0.005083
2017-04-19,1.577,-0.0031609999999999997
2017-04-20,1.594,0.010780000000000001
2017-04-21,1.597,0.001882
2017-04-24,1.561,-0.022542
2017-04-25,1.566,0.0032029999999999997
2017-04-26,1.568,0.0012770000000000001
2017-04-27,1.58,0.007653
2017-04-28,1.578,-0.001266
2017-05-02,1.577,-0.000634
2017-05-03,1.571,-0.0038050000000000002
2017-05-04,1.567,-0.002546
2017-05-05,1.55,-0.010849
2017-05-08,1.524,-0.016774
2017-05-09,1.528,0.002625
2017-05-10,1.514,-0.009162
2017-05-11,1.515,0.000661
2017-05-12,1.514,-0.00066
2017-05-15,1.519,0.003303
2017-05-16,1.544,0.016458
2017-05-17,1.537,-0.004534
2017-05-18,1.525,-0.007807
2017-05-19,1.525,0.0
2017-05-22,1.514,-0.007213000000000001
2017-05-23,1.502,-0.007925999999999999
2017-05-24,1.5,-0.001332
2017-05-25,1.51,0.006666999999999999
2017-05-26,1.497,-0.008609
2017-05-31,1.5,0.002004
2017-06-01,1.494,-0.004
2017-06-02,1.489,-0.003347
2017-06-05,1.497,0.005373
2017-06-06,1.512,0.01002
2017-06-07,1.541,0.01918
2017-06-08,1.552,0.007138
2017-06-09,1.564,0.007732
2017-06-12,1.566,0.0012790000000000002
2017-06-13,1.574,0.005109
2017-06-14,1.554,-0.012706
2017-06-15,1.556,0.0012870000000000002
2017-06-16,1.556,0.0
2017-06-19,1.567,0.007069
2017-06-20,1.572,0.003191
2017-06-21,1.584,0.007633999999999999
2017-06-22,1.573,-0.0069440000000000005
2017-06-23,1.583,0.006357000000000001
2017-06-26,1.613,0.018951
2017-06-27,1.615,0.00124
2017-06-28,1.594,-0.013003
2017-06-29,1.604,0.006273999999999999
2017-06-30,1.613,0.0056110000000000005
2017-07-03,1.603,-0.0062
2017-07-04,1.596,-0.004366999999999999
2017-07-05,1.612,0.010025
2017-07-06,1.617,0.0031019999999999997
2017-07-07,1.604,-0.00804
2017-07-10,1.594,-0.006234
2017-07-11,1.596,0.001255
2017-07-12,1.6,0.002506
2017-07-13,1.601,0.000625
2017-07-14,1.605,0.002498
2017-07-17,1.578,-0.016822
2017-07-18,1.586,0.00507
2017-07-19,1.617,0.019545999999999997
2017-07-20,1.624,0.004329
2017-07-21,1.621,-0.0018470000000000001
2017-07-24,1.624,0.0018509999999999998
2017-07-25,1.62,-0.002463
2017-07-26,1.606,-0.008642
2017-07-27,1.62,0.008717
2017-07-28,1.632,0.007407
2017-07-31,1.642,0.0061270000000000005
2017-08-01,1.647,0.003045
2017-08-02,1.634,-0.007893
2017-08-03,1.619,-0.00918
2017-08-04,1.596,-0.014206000000000002
2017-08-07,1.608,0.0075190000000000005
2017-08-08,1.608,0.0
2017-08-09,1.619,0.006841000000000001
2017-08-10,1.611,-0.004941
2017-08-11,1.584,-0.01676
2017-08-14,1.619,0.022096
2017-08-15,1.627,0.004941
2017-08-16,1.63,0.0018440000000000002
2017-08-17,1.63,0.0
2017-08-18,1.631,0.000613
2017-08-21,1.638,0.004292000000000001
2017-08-22,1.64,0.001221
2017-08-23,1.636,-0.002439
2017-08-24,1.634,-0.001222
2017-08-25,1.637,0.0018360000000000002
2017-08-28,1.652,0.009163
2017-08-29,1.654,0.001211
2017-08-30,1.667,0.00786
2017-08-31,1.658,-0.005399
2017-09-01,1.663,0.0030159999999999996
2017-09-04,1.677,0.008419
2017-09-05,1.674,-0.001789
2017-09-06,1.669,-0.002987
2017-09-07,1.655,-0.008388
2017-09-08,1.653,-0.001208
2017-09-11,1.663,0.00605
2017-09-12,1.677,0.008419
2017-09-13,1.667,-0.005963
2017-09-14,1.657,-0.005999
2017-09-15,1.653,-0.002414
2017-09-18,1.661,0.00484
2017-09-19,1.644,-0.010235000000000001
2017-09-20,1.654,0.006083
2017-09-21,1.651,-0.001814
2017-09-22,1.649,-0.001211
2017-09-25,1.641,-0.004850999999999999
2017-09-26,1.639,-0.001219
2017-09-27,1.648,0.005491
2017-09-28,1.658,0.0060680000000000005
2017-09-29,1.665,0.004222
2017-10-09,1.68,0.009009
2017-10-10,1.684,0.002381
2017-10-11,1.679,-0.002969
2017-10-12,1.681,0.001191
2017-10-13,1.702,0.012493
2017-10-16,1.69,-0.007050999999999999
2017-10-17,1.696,0.0035499999999999998
2017-10-18,1.712,0.009434
2017-10-19,1.712,0.0
2017-10-20,1.714,0.001168
2017-10-23,1.724,0.005834000000000001
2017-10-24,1.729,0.0029
2017-10-25,1.747,0.010410999999999998
2017-10-26,1.755,0.004579
2017-10-27,1.766,0.006268
2017-10-30,1.75,-0.00906
2017-10-31,1.753,0.001714
2017-11-01,1.755,0.0011409999999999999
2017-11-02,1.747,-0.0045579999999999996
2017-11-03,1.738,-0.005152
2017-11-06,1.752,0.008055
2017-11-07,1.763,0.006279
2017-11-08,1.757,-0.0034029999999999998
2017-11-09,1.77,0.007399
2017-11-10,1.801,0.017514000000000002
2017-11-13,1.824,0.012771
2017-11-14,1.794,-0.016447
2017-11-15,1.766,-0.015608
2017-11-16,1.782,0.00906
2017-11-17,1.757,-0.014029
2017-11-20,1.782,0.014229
2017-11-21,1.8,0.010101
2017-11-22,1.79,-0.005556
2017-11-23,1.721,-0.038547
2017-11-24,1.71,-0.006392
2017-11-27,1.678,-0.018713
2017-11-28,1.703,0.014899
2017-11-29,1.713,0.0058720000000000005
2017-11-30,1.692,-0.012258999999999999
2017-12-01,1.698,0.003546
2017-12-04,1.699,0.000589
2017-12-05,1.681,-0.010594
2017-12-06,1.685,0.0023799999999999997
2017-12-07,1.672,-0.007715
2017-12-08,1.696,0.014354
2017-12-11,1.725,0.017099
2017-12-12,1.708,-0.009855000000000001
2017-12-13,1.719,0.00644
2017-12-14,1.717,-0.001163
2017-12-15,1.692,-0.01456
2017-12-18,1.693,0.0005909999999999999
2017-12-19,1.715,0.012995000000000001
2017-12-20,1.709,-0.003499
2017-12-21,1.734,0.014628
2017-12-22,1.724,-0.0057669999999999996
2017-12-25,1.71,-0.008121
2017-12-26,1.716,0.003509
2017-12-27,1.687,-0.0169
2017-12-28,1.69,0.001778
2017-12-29,1.709,0.011243000000000001
2017-12-31,1.709,0.0
2018-01-02,1.734,0.014628
2018-01-03,1.744,0.0057669999999999996
2018-01-04,1.757,0.007454
2018-01-05,1.745,-0.00683
2018-01-08,1.747,0.0011459999999999999
2018-01-09,1.754,0.004007
2018-01-10,1.734,-0.011403000000000002
2018-01-11,1.734,0.0
2018-01-12,1.734,0.0
2018-01-15,1.719,-0.008650999999999999
2018-01-16,1.745,0.015125
2018-01-17,1.735,-0.005731000000000001
2018-01-18,1.742,0.004035
2018-01-19,1.739,-0.001722
2018-01-22,1.754,0.008626
2018-01-23,1.764,0.005701
2018-01-24,1.77,0.003401
2018-01-25,1.757,-0.007345000000000001
2018-01-26,1.762,0.002846
2018-01-29,1.731,-0.017594000000000002
2018-01-30,1.703,-0.016176
2018-01-31,1.703,0.0
2018-02-01,1.681,-0.012918
2018-02-02,1.695,0.008328
2018-02-05,1.699,0.0023599999999999997
2018-02-06,1.643,-0.032961
2018-02-07,1.596,-0.028606
2018-02-08,1.592,-0.002506
2018-02-09,1.531,-0.038317000000000004
2018-02-12,1.576,0.029393
2018-02-13,1.595,0.012056
2018-02-14,1.598,0.0018809999999999999
2018-02-22,1.635,0.023153999999999997
2018-02-23,1.633,-0.0012230000000000001
2018-02-26,1.649,0.009798
2018-02-27,1.628,-0.012735000000000002
2018-02-28,1.615,-0.007984999999999999
2018-03-01,1.626,0.006811
2018-03-02,1.625,-0.000615
2018-03-05,1.623,-0.001231
2018-03-06,1.653,0.018484
2018-03-07,1.644,-0.005445
2018-03-08,1.654,0.006083
2018-03-09,1.666,0.007255
2018-03-12,1.683,0.010204
2018-03-13,1.674,-0.005348
2018-03-14,1.664,-0.005974
2018-03-15,1.671,0.004207
2018-03-16,1.657,-0.008378
2018-03-19,1.678,0.012674000000000001
2018-03-20,1.693,0.008939
2018-03-21,1.688,-0.002953
2018-03-22,1.667,-0.012441
2018-03-23,1.62,-0.028194
2018-03-26,1.631,0.006790000000000001
2018-03-27,1.664,0.020232999999999998
2018-03-28,1.637,-0.016226
2018-03-29,1.655,0.010995999999999999
2018-03-30,1.685,0.018127
2018-04-02,1.691,0.0035610000000000004
2018-04-03,1.679,-0.007096
2018-04-04,1.669,-0.005956
2018-04-09,1.667,-0.001198
2018-04-10,1.685,0.010798
2018-04-11,1.705,0.011869000000000001
2018-04-12,1.706,0.0005870000000000001
2018-04-13,1.695,-0.006448000000000001
2018-04-16,1.687,-0.004719999999999999
2018-04-17,1.649,-0.022525
2018-04-18,1.667,0.010915999999999999
2018-04-19,1.672,0.002999
2018-04-20,1.658,-0.008373
2018-04-23,1.633,-0.015078000000000001
2018-04-24,1.676,0.026332
2018-04-25,1.692,0.009547
2018-04-26,1.673,-0.011229
2018-04-27,1.688,0.008966
2018-05-02,1.703,0.008886
2018-05-03,1.717,0.008221000000000001
2018-05-04,1.724,0.004077
2018-05-07,1.761,0.021462
2018-05-08,1.765,0.002271
2018-05-09,1.769,0.002266
2018-05-10,1.779,0.005653
2018-05-11,1.751,-0.015739
2018-05-14,1.761,0.005711000000000001
2018-05-15,1.79,0.016468
2018-05-16,1.787,-0.001676
2018-05-17,1.771,-0.008954
2018-05-18,1.772,0.000565
2018-05-21,1.796,0.013544
2018-05-22,1.805,0.005011
2018-05-23,1.796,-0.004986
2018-05-24,1.789,-0.003898
2018-05-25,1.786,-0.0016769999999999999
2018-05-28,1.801,0.008399
2018-05-29,1.784,-0.009439
2018-05-30,1.744,-0.022422
2018-05-31,1.782,0.021789
2018-06-01,1.748,-0.01908
2018-06-04,1.744,-0.002288
2018-06-05,1.784,0.022936
2018-06-06,1.796,0.006725999999999999
2018-06-07,1.784,-0.0066820000000000004
2018-06-08,1.779,-0.002803
2018-06-11,1.748,-0.017426
2018-06-12,1.778,0.017162
2018-06-13,1.756,-0.012373
2018-06-14,1.741,-0.008542
2018-06-15,1.721,-0.011488
2018-06-19,1.66,-0.035445000000000004
2018-06-20,1.681,0.012650999999999999
2018-06-21,1.654,-0.016062
2018-06-22,1.672,0.010883
2018-06-25,1.661,-0.006579000000000001
2018-06-26,1.669,0.004816
2018-06-27,1.639,-0.017975
2018-06-28,1.621,-0.010982
2018-06-29,1.673,0.032078999999999996
2018-06-30,1.673,0.0
2018-07-02,1.65,-0.013748
2018-07-03,1.646,-0.002424
2018-07-04,1.608,-0.023086000000000002
2018-07-05,1.571,-0.023010000000000003
2018-07-06,1.572,0.0006370000000000001
2018-07-09,1.626,0.034351
2018-07-10,1.633,0.004305
2018-07-11,1.618,-0.009186
2018-07-12,1.659,0.025339999999999998
2018-07-13,1.678,0.011453
2018-07-16,1.669,-0.005364
2018-07-17,1.662,-0.004194
2018-07-18,1.645,-0.010228999999999999
2018-07-19,1.627,-0.010942
2018-07-20,1.644,0.010449
2018-07-23,1.64,-0.002433
2018-07-24,1.66,0.012195000000000001
2018-07-25,1.651,-0.005422
2018-07-26,1.621,-0.018171
2018-07-27,1.62,-0.0006169999999999999
2018-07-30,1.593,-0.016667
2018-07-31,1.596,0.001883
2018-08-01,1.573,-0.014411
2018-08-02,1.552,-0.013349999999999999
2018-08-03,1.506,-0.029639000000000002
2018-08-06,1.468,-0.025232
2018-08-07,1.504,0.024523000000000003
2018-08-08,1.471,-0.021941000000000002
2018-08-09,1.517,0.031271
2018-08-10,1.53,0.00857
2018-08-13,1.538,0.005229
2018-08-14,1.525,-0.008453
2018-08-15,1.483,-0.027541000000000003
2018-08-16,1.472,-0.007417
2018-08-17,1.448,-0.016304
2018-08-20,1.464,0.011049999999999999
2018-08-21,1.503,0.026639
2018-08-22,1.48,-0.015303
2018-08-23,1.492,0.008107999999999999
2018-08-24,1.485,-0.004692
2018-08-27,1.524,0.026263
2018-08-28,1.521,-0.001969
2018-08-29,1.515,-0.003945000000000001
2018-08-30,1.495,-0.013201000000000001
2018-08-31,1.485,-0.0066890000000000005
2018-09-03,1.486,0.000673
2018-09-04,1.501,0.010094
2018-09-05,1.472,-0.01932
2018-09-06,1.447,-0.016984
2018-09-07,1.45,0.002073
2018-09-10,1.42,-0.02069
2018-09-11,1.426,0.004225
2018-09-12,1.421,-0.0035060000000000004
2018-09-13,1.428,0.004926
2018-09-14,1.409,-0.013305
2018-09-17,1.393,-0.011356
2018-09-18,1.424,0.022254
2018-09-19,1.455,0.02177
2018-09-20,1.453,-0.0013750000000000001
2018-09-21,1.483,0.020647000000000002
2018-09-25,1.469,-0.009439999999999999
2018-09-26,1.487,0.012253
2018-09-27,1.483,-0.00269
2018-09-28,1.5,0.011463000000000001
2018-10-08,1.44,-0.04
2018-10-09,1.426,-0.009722
2018-10-10,1.422,-0.002805
2018-10-11,1.355,-0.047117000000000006
2018-10-12,1.379,0.017712000000000002
2018-10-15,1.364,-0.010877
2018-10-16,1.341,-0.016862
2018-10-17,1.348,0.00522
2018-10-18,1.32,-0.020772
2018-10-19,1.364,0.033333
2018-10-22,1.42,0.041056
2018-10-23,1.391,-0.020423
2018-10-24,1.386,-0.0035949999999999997
2018-10-25,1.385,-0.000722
2018-10-26,1.359,-0.018772999999999998
2018-10-29,1.316,-0.031641
2018-10-30,1.327,0.008359
2018-10-31,1.347,0.015072
2018-11-01,1.356,0.0066820000000000004
2018-11-02,1.401,0.033186
2018-11-05,1.392,-0.006424
2018-11-06,1.393,0.000718
2018-11-07,1.39,-0.002154
2018-11-08,1.377,-0.009353
2018-11-09,1.378,0.000726
2018-11-12,1.402,0.017417000000000002
2018-11-13,1.407,0.0035659999999999997
2018-11-14,1.396,-0.007818
2018-11-15,1.406,0.007163
2018-11-16,1.407,0.0007109999999999999
2018-11-19,1.41,0.002132
2018-11-20,1.388,-0.015603
2018-11-21,1.382,-0.0043230000000000005
2018-11-22,1.377,-0.003618
2018-11-23,1.344,-0.023965
2018-11-26,1.344,0.0
2018-11-27,1.349,0.0037199999999999998
2018-11-28,1.368,0.014085
2018-11-29,1.352,-0.011696
2018-11-30,1.366,0.010355000000000001
2018-12-03,1.398,0.023426
2018-12-04,1.4,0.001431
2018-12-05,1.398,-0.001429
2018-12-06,1.365,-0.023605
2018-12-07,1.368,0.002198
2018-12-10,1.36,-0.005848
2018-12-11,1.367,0.0051470000000000005
2018-12-12,1.369,0.001463
2018-12-13,1.393,0.017531
2018-12-14,1.366,-0.019382999999999997
2018-12-17,1.349,-0.012445
2018-12-18,1.336,-0.009637
2018-12-19,1.306,-0.022455
2018-12-20,1.305,-0.000766
2018-12-21,1.298,-0.005364
2018-12-24,1.314,0.012327
2018-12-25,1.31,-0.003044
2018-12-26,1.305,-0.0038169999999999996
2018-12-27,1.299,-0.004598
2018-12-28,1.305,0.004619
2018-12-31,1.305,0.0
2019-01-02,1.281,-0.018391
2019-01-03,1.26,-0.016393
2019-01-04,1.291,0.024603
2019-01-07,1.313,0.017041
2019-01-08,1.312,-0.0007620000000000001
2019-01-09,1.312,0.0
2019-01-10,1.306,-0.004573
2019-01-11,1.309,0.002297
2019-01-14,1.301,-0.006111999999999999
2019-01-15,1.322,0.016141000000000003
2019-01-16,1.327,0.0037819999999999998
2019-01-17,1.321,-0.004521
2019-01-18,1.335,0.010598000000000002
2019-01-21,1.345,0.007491
2019-01-22,1.33,-0.011152
2019-01-23,1.333,0.0022559999999999998
2019-01-24,1.343,0.007502
2019-01-25,1.353,0.007446
2019-01-28,1.355,0.001478
2019-01-29,1.351,-0.002952
2019-01-30,1.335,-0.011843
2019-01-31,1.335,0.0
2019-02-01,1.365,0.022472
2019-02-11,1.39,0.018314999999999998
2019-02-12,1.398,0.005755
2019-02-13,1.41,0.008584000000000001
2019-02-14,1.41,0.0
2019-02-15,1.391,-0.013474999999999999
2019-02-18,1.44,0.035226
2019-02-19,1.427,-0.009028000000000001
2019-02-20,1.424,-0.002102
2019-02-21,1.422,-0.0014039999999999999
2019-02-22,1.448,0.018284
2019-02-25,1.507,0.040746000000000004
2019-02-26,1.502,-0.0033179999999999998
2019-02-27,1.48,-0.014646999999999999
2019-02-28,1.495,0.010135
2019-03-01,1.51,0.010033
2019-03-04,1.528,0.011921
2019-03-05,1.548,0.013089
2019-03-06,1.557,0.005814000000000001
2019-03-07,1.552,-0.003211
2019-03-08,1.503,-0.031572
2019-03-11,1.565,0.041250999999999996
2019-03-12,1.598,0.021086
2019-03-13,1.564,-0.021277
2019-03-14,1.538,-0.016624
2019-03-15,1.567,0.018855999999999998
2019-03-18,1.615,0.030632000000000003
2019-03-19,1.617,0.001238
2019-03-20,1.607,-0.006183999999999999
2019-03-21,1.619,0.0074670000000000005
2019-03-22,1.622,0.0018529999999999998
2019-03-25,1.598,-0.014797
2019-03-26,1.573,-0.015645
2019-03-27,1.591,0.011443000000000002
2019-03-28,1.584,-0.0044
2019-03-29,1.633,0.030934
2019-04-01,1.69,0.034905
2019-04-02,1.684,-0.0035499999999999998
2019-04-03,1.691,0.004157
2019-04-04,1.687,-0.002365
2019-04-08,1.663,-0.014226
2019-04-09,1.667,0.002405
2019-04-10,1.66,-0.004199
2019-04-11,1.623,-0.022289
2019-04-12,1.614,-0.005545
2019-04-15,1.592,-0.013630999999999999
2019-04-16,1.616,0.015075
2019-04-17,1.624,0.0049499999999999995
2019-04-18,1.623,-0.000616
2019-04-19,1.632,0.005545
2019-04-22,1.6,-0.019608
2019-04-23,1.589,-0.006875
2019-04-24,1.597,0.0050349999999999995
2019-04-25,1.556,-0.025672999999999998
2019-04-26,1.543,-0.008355
2019-04-29,1.524,-0.012314
2019-04-30,1.518,-0.0039369999999999995
2019-05-06,1.425,-0.061265
2019-05-07,1.439,0.009825
2019-05-08,1.437,-0.0013900000000000002
2019-05-09,1.419,-0.012525999999999999
2019-05-10,1.469,0.035236
2019-05-13,1.452,-0.011572
2019-05-14,1.437,-0.010331
2019-05-15,1.459,0.015309999999999999
2019-05-16,1.474,0.010281
2019-05-17,1.43,-0.029851000000000003
2019-05-20,1.432,0.001399
2019-05-21,1.454,0.015363
2019-05-22,1.451,-0.002063
2019-05-23,1.423,-0.019296999999999998
2019-05-24,1.406,-0.011947000000000001
2019-05-27,1.452,0.032717
2019-05-28,1.462,0.006887
2019-05-29,1.452,-0.006840000000000001
2019-05-30,1.44,-0.008264
2019-05-31,1.442,0.001389
2019-06-03,1.437,-0.003467
2019-06-04,1.418,-0.013222000000000001
2019-06-05,1.411,-0.004937
2019-06-06,1.393,-0.012757000000000001
2019-06-10,1.403,0.007179
2019-06-11,1.437,0.024234
2019-06-12,1.438,0.000696
2019-06-13,1.43,-0.005563
2019-06-14,1.422,-0.005594
2019-06-17,1.411,-0.007736
2019-06-18,1.42,0.006378
2019-06-19,1.436,0.011268
2019-06-20,1.474,0.026462
2019-06-21,1.505,0.021031
2019-06-24,1.514,0.00598
2019-06-25,1.52,0.0039629999999999995
2019-06-26,1.503,-0.011184000000000001
2019-06-27,1.521,0.011976
2019-06-28,1.524,0.001972
2019-06-30,1.523,0.0
2019-07-01,1.558,0.02231
2019-07-02,1.56,0.0012839999999999998
2019-07-03,1.554,-0.003846
2019-07-04,1.55,-0.0025740000000000003
2019-07-05,1.556,0.003871
2019-07-08,1.512,-0.028277999999999998
2019-07-09,1.533,0.013889
2019-07-10,1.521,-0.007828
2019-07-11,1.544,0.015122
2019-07-12,1.548,0.002591
2019-07-15,1.579,0.020026000000000002
2019-07-16,1.578,-0.000633
2019-07-17,1.574,-0.002535
2019-07-18,1.56,-0.008895
2019-07-19,1.591,0.019872
2019-07-22,1.56,-0.019485
2019-07-23,1.572,0.007692
2019-07-24,1.585,0.00827
2019-07-25,1.586,0.000631
2019-07-26,1.585,-0.000631
2019-07-29,1.584,-0.000631
2019-07-30,1.597,0.008206999999999999
2019-07-31,1.589,-0.005009
2019-08-01,1.572,-0.010699
2019-08-02,1.565,-0.0044529999999999995
2019-08-05,1.567,0.001278
2019-08-06,1.551,-0.010211
2019-08-07,1.558,0.004513
2019-08-08,1.596,0.024390000000000002
2019-08-09,1.582,-0.008772
2019-08-12,1.607,0.015803
2019-08-13,1.608,0.0006219999999999999
2019-08-14,1.604,-0.0024879999999999998
2019-08-15,1.614,0.006234
2019-08-16,1.619,0.003098
2019-08-19,1.636,0.0105
2019-08-20,1.629,-0.004279
2019-08-21,1.624,-0.003069
2019-08-22,1.62,-0.002463
2019-08-23,1.63,0.006173
2019-08-26,1.63,0.0
2019-08-27,1.654,0.014724
2019-08-28,1.656,0.001209
2019-08-29,1.682,0.015700000000000002
2019-08-30,1.672,-0.005945000000000001
2019-09-02,1.702,0.017943
2019-09-03,1.703,0.000588
2019-09-04,1.719,0.009395
2019-09-05,1.73,0.006399
2019-09-06,1.716,-0.008092
2019-09-09,1.733,0.009907000000000001
2019-09-10,1.723,-0.00577
2019-09-11,1.714,-0.005223
2019-09-12,1.727,0.007585
2019-09-16,1.724,-0.0017369999999999998
2019-09-17,1.684,-0.023201999999999997
2019-09-18,1.694,0.005938
2019-09-19,1.715,0.012397
2019-09-20,1.72,0.0029149999999999996
2019-09-23,1.729,0.005233
2019-09-24,1.725,-0.002313
2019-09-25,1.711,-0.008116
2019-09-26,1.65,-0.035651999999999996
2019-09-27,1.661,0.006666999999999999
2019-09-30,1.637,-0.014449
2019-10-08,1.629,-0.004887
2019-10-09,1.651,0.013505
2019-10-10,1.689,0.023016000000000002
2019-10-11,1.701,0.007105
2019-10-14,1.721,0.011758
2019-10-15,1.695,-0.015106999999999999
2019-10-16,1.699,0.0023599999999999997
2019-10-17,1.707,0.004709
2019-10-18,1.681,-0.015231
2019-10-21,1.696,0.008923
2019-10-22,1.701,0.002948
2019-10-23,1.678,-0.013521
2019-10-24,1.665,-0.007747
2019-10-25,1.698,0.01982
2019-10-28,1.705,0.004122
2019-10-29,1.7,-0.002933
2019-10-30,1.695,-0.0029409999999999996
2019-10-31,1.69,-0.00295
2019-11-01,1.709,0.011243000000000001
2019-11-04,1.72,0.006437000000000001
2019-11-05,1.723,0.0017439999999999999
2019-11-06,1.698,-0.01451
2019-11-07,1.708,0.005889
2019-11-08,1.702,-0.003513
2019-11-11,1.672,-0.017626
2019-11-12,1.674,0.001196
2019-11-13,1.685,0.0065710000000000005
2019-11-14,1.703,0.010682
2019-11-15,1.694,-0.005285
2019-11-18,1.727,0.019481
2019-11-19,1.75,0.013318000000000002
2019-11-20,1.743,-0.004
2019-11-21,1.738,-0.002869
2019-11-22,1.716,-0.012658
2019-11-25,1.733,0.009907000000000001
2019-11-26,1.74,0.004039
2019-11-27,1.733,-0.004023
2019-11-28,1.725,-0.004616
2019-11-29,1.72,-0.002899
2019-12-02,1.72,0.0
2019-12-03,1.731,0.006395
2019-12-04,1.724,-0.004044
2019-12-05,1.749,0.014501
2019-12-06,1.76,0.006289
2019-12-09,1.789,0.016477
2019-12-10,1.802,0.007267
2019-12-11,1.804,0.00111
2019-12-12,1.821,0.009424
2019-12-13,1.863,0.023064
2019-12-16,1.895,0.017177
2019-12-17,1.9,0.0026390000000000003
2019-12-18,1.9,0.0
2019-12-19,1.897,-0.001579
2019-12-20,1.885,-0.006326000000000001
2019-12-23,1.854,-0.016446000000000002
2019-12-24,1.887,0.017799
2019-12-25,1.888,0.00053
2019-12-26,1.912,0.012712000000000001
2019-12-27,1.915,0.001569
2019-12-30,1.942,0.014098999999999999
2019-12-31,1.954,0.0061790000000000005
2020-01-02,1.994,0.020471
2020-01-03,1.987,-0.0035110000000000002
2020-01-06,2.003,0.008052
2020-01-07,2.008,0.002496
2020-01-08,1.978,-0.01494
2020-01-09,2.004,0.013145
2020-01-10,1.991,-0.006487000000000001
2020-01-13,2.024,0.016575
2020-01-14,2.017,-0.003458
2020-01-15,2.011,-0.0029749999999999998
2020-01-16,2.008,-0.001492
2020-01-17,2.025,0.008466
2020-01-20,2.045,0.009877
2020-01-21,1.998,-0.022982999999999996
2020-01-22,2.016,0.009009
2020-01-23,1.925,-0.045139
2020-02-03,1.755,-0.088312
2020-02-04,1.809,0.030769
2020-02-05,1.834,0.013819999999999999
2020-02-06,1.867,0.017993
2020-02-07,1.894,0.014462
2020-02-10,1.928,0.017950999999999998
2020-02-11,1.917,-0.005705
2020-02-12,1.935,0.009389999999999999
2020-02-13,1.939,0.002067
2020-02-14,1.943,0.002063
2020-02-17,1.995,0.026763
2020-02-18,2.004,0.004511
2020-02-19,2.011,0.003493
2020-02-20,2.043,0.015912
2020-02-21,2.077,0.016642
2020-02-24,2.101,0.011555
2020-02-25,2.074,-0.012851
2020-02-26,2.033,-0.019769000000000002
2020-02-27,2.039,0.0029509999999999996
2020-02-28,1.928,-0.05443800000000001
2020-03-02,1.982,0.028008
2020-03-03,1.995,0.006559000000000001
2020-03-04,1.998,0.0015040000000000001
2020-03-05,2.029,0.015516
2020-03-06,2.04,0.0054210000000000005
2020-03-09,1.929,-0.054412
2020-03-10,1.942,0.006739
2020-03-11,1.915,-0.013903
2020-03-12,1.87,-0.023499
2020-03-13,1.843,-0.014439
2020-03-16,1.745,-0.053174
2020-03-17,1.746,0.0005729999999999999
2020-03-18,1.726,-0.011455
2020-03-19,1.734,0.004635
2020-03-20,1.768,0.019608
2020-03-23,1.676,-0.052036
2020-03-24,1.734,0.034606
2020-03-25,1.784,0.028835000000000003
2020-03-26,1.766,-0.010089999999999998
2020-03-27,1.766,0.0
2020-03-30,1.729,-0.020951
2020-03-31,1.745,0.009254
2020-04-01,1.747,0.0011459999999999999
2020-04-02,1.76,0.007441
2020-04-03,1.746,-0.007955
2020-04-07,1.818,0.041237
2020-04-08,1.808,-0.005501000000000001
2020-04-09,1.817,0.004978
2020-04-10,1.796,-0.011557999999999999
2020-04-13,1.814,0.010022
2020-04-14,1.859,0.024807000000000003
2020-04-15,1.83,-0.015600000000000001
2020-04-16,1.838,0.004372
2020-04-17,1.818,-0.010881
2020-04-20,1.842,0.013201000000000001
2020-04-21,1.851,0.004886
2020-04-22,1.853,0.00108
2020-04-23,1.876,0.012412000000000001
2020-04-24,1.855,-0.011193999999999999
2020-04-27,1.849,-0.003235
2020-04-28,1.835,-0.007572
2020-04-29,1.83,-0.002725
2020-04-30,1.835,0.002732
2020-05-06,1.832,-0.0016350000000000002
2020-05-07,1.822,-0.005459
2020-05-08,1.855,0.018112
2020-05-11,1.857,0.001078
2020-05-12,1.851,-0.003231
2020-05-13,1.865,0.007562999999999999
2020-05-14,1.85,-0.008043
2020-05-15,1.854,0.002162
2020-05-18,1.908,0.029126
2020-05-19,1.906,-0.001048
2020-05-20,1.889,-0.008919
2020-05-21,1.859,-0.015881
2020-05-22,1.836,-0.012372000000000001
2020-05-25,1.83,-0.0032679999999999996
2020-05-26,1.858,0.015301
2020-05-27,1.839,-0.010225999999999999
2020-05-28,1.854,0.008157
2020-05-29,1.862,0.004315
2020-06-01,1.904,0.022556
2020-06-02,1.895,-0.004727
2020-06-03,1.889,-0.003166
2020-06-04,1.88,-0.004764
2020-06-05,1.869,-0.005850999999999999
2020-06-08,1.88,0.005886
2020-06-09,1.888,0.004255
2020-06-10,1.897,0.004767
2020-06-11,1.88,-0.008962
2020-06-12,1.856,-0.012766
2020-06-15,1.828,-0.015085999999999999
2020-06-16,1.871,0.023523000000000002
2020-06-17,1.871,0.0
2020-06-18,1.874,0.001603
2020-06-19,1.903,0.015475000000000001
2020-06-22,1.882,-0.011035
2020-06-23,1.877,-0.002657
2020-06-24,1.896,0.010123
2020-06-29,1.881,-0.007911
2020-06-30,1.91,0.015417
2020-07-01,1.952,0.02199
2020-07-02,1.985,0.016906
2020-07-03,2.008,0.011587
2020-07-06,2.094,0.042829
2020-07-07,2.108,0.006686
2020-07-08,2.152,0.020873
2020-07-09,2.216,0.029740000000000003
2020-07-10,2.176,-0.018050999999999998
2020-07-13,2.251,0.034467
2020-07-14,2.241,-0.004442
2020-07-15,2.215,-0.011602
2020-07-16,2.12,-0.042889
2020-07-17,2.165,0.021226
2020-07-20,2.308,0.066051
2020-07-21,2.311,0.0013
2020-07-22,2.352,0.017741
2020-07-23,2.331,-0.008929
2020-07-24,2.236,-0.040755
2020-07-27,2.27,0.015205999999999999
2020-07-28,2.269,-0.000441
2020-07-29,2.32,0.022477
2020-07-30,2.314,-0.0025859999999999998
2020-07-31,2.333,0.008211000000000001
2020-08-03,2.361,0.012001999999999999
2020-08-04,2.37,0.003812
2020-08-05,2.439,0.029114
2020-08-06,2.458,0.00779
2020-08-07,2.444,-0.005696
2020-08-10,2.477,0.013502
2020-08-11,2.414,-0.025434000000000002
2020-08-12,2.37,-0.018227
2020-08-13,2.372,0.000844
2020-08-14,2.392,0.008432
2020-08-17,2.476,0.035116999999999995
2020-08-18,2.513,0.014943
2020-08-19,2.513,0.0
2020-08-20,2.472,-0.016315
2020-08-21,2.492,0.008091000000000001
2020-08-24,2.505,0.0052
2020-08-25,2.497,-0.0032
2020-08-26,2.441,-0.022400000000000003
2020-08-27,2.461,0.008199999999999999
2020-08-28,2.504,0.0175
2020-08-31,2.496,-0.0032
2020-09-01,2.516,0.008
2020-09-02,2.504,-0.0048
2020-09-03,2.475,-0.0116
2020-09-04,2.454,-0.0085
2020-09-07,2.411,-0.0175
2020-09-08,2.42,0.0037
2020-09-09,2.336,-0.0347
2020-09-10,2.345,0.0039000000000000003
2020-09-11,2.368,0.0098
2020-09-14,2.378,0.0042
2020-09-15,2.415,0.015600000000000001
2020-09-16,2.409,-0.0025
2020-09-17,2.411,0.0008
2020-09-18,2.464,0.022000000000000002
2020-09-21,2.458,-0.0024
2020-09-22,2.406,-0.0212
2020-09-23,2.395,-0.0046
2020-09-24,2.338,-0.023799999999999998
2020-09-25,2.346,0.0034000000000000002
2020-09-28,2.342,-0.0017000000000000001
2020-09-29,2.367,0.010700000000000001
2020-09-30,2.349,-0.0076
2020-10-09,2.38,0.0132
2020-10-12,2.454,0.0311
2020-10-13,2.483,0.0118
2020-10-14,2.496,0.0052
2020-10-15,2.488,-0.0032
2020-10-16,2.486,-0.0008
2020-10-19,2.47,-0.0064
2020-10-20,2.486,0.006500000000000001
2020-10-21,2.476,-0.004
2020-10-22,2.436,-0.016200000000000003
2020-10-23,2.412,-0.009899999999999999
2020-10-26,2.421,0.0037
2020-10-27,2.416,-0.0021
2020-10-28,2.471,0.022799999999999997
2020-10-29,2.47,-0.0004
2020-10-30,2.411,-0.0239
2020-11-02,2.453,0.0174
2020-11-03,2.512,0.0241
2020-11-04,2.538,0.0104
2020-11-05,2.584,0.0181
2020-11-06,2.619,0.013500000000000002
2020-11-09,2.675,0.021400000000000002
2020-11-10,2.719,0.016399999999999998
2020-11-11,2.739,0.0074
2020-11-12,2.771,0.011699999999999999
2020-11-13,2.761,-0.0036
2020-11-16,2.848,0.0315
2020-11-17,2.833,-0.0053
2020-11-18,2.858,0.0088
2020-11-19,2.849,-0.0031
2020-11-20,2.875,0.0091
2020-11-23,2.914,0.013600000000000001
2020-11-24,2.928,0.0048
2020-11-25,2.864,-0.0219
2020-11-26,2.845,-0.0066
2020-11-27,2.847,0.0007000000000000001
2020-11-30,2.831,-0.005600000000000001
2020-12-01,2.883,0.0184
2020-12-02,2.893,0.0034999999999999996
2020-12-03,2.875,-0.0062
2020-12-04,2.884,0.0031
2020-12-07,2.856,-0.0097
2020-12-08,2.846,-0.0034999999999999996
2020-12-09,2.792,-0.019
2020-12-10,2.79,-0.0007000000000000001
2020-12-11,2.752,-0.013600000000000001
2020-12-14,2.767,0.0055000000000000005
2020-12-15,2.774,0.0025
2020-12-16,2.78,0.0022
2020-12-17,2.815,0.0126
2020-12-18,2.806,-0.0032
2020-12-21,2.825,0.0068000000000000005
2020-12-22,2.749,-0.0269
2020-12-23,2.778,0.0105
2020-12-24,2.797,0.0068000000000000005
2020-12-25,2.856,0.021099999999999997
2020-12-28,2.837,-0.0067
2020-12-29,2.815,-0.0078000000000000005
2020-12-30,2.86,0.016
2020-12-31,2.923,0.022000000000000002
2021-01-04,2.97,0.0161
2021-01-05,3.061,0.030600000000000002
2021-01-06,3.13,0.0225
2021-01-07,3.176,0.0147
2021-01-08,3.18,0.0013
2021-01-11,3.224,0.0138
2021-01-12,3.316,0.0285
2021-01-13,3.336,0.006
2021-01-14,3.297,-0.011699999999999999
2021-01-15,3.324,0.008199999999999999
2021-01-18,3.492,0.050499999999999996
2021-01-19,3.454,-0.0109
2021-01-20,3.464,0.0029
2021-01-21,3.525,0.0176
2021-01-22,3.561,0.0102
2021-01-25,3.61,0.0138
2021-01-26,3.549,-0.0169
2021-01-27,3.574,0.006999999999999999
2021-01-28,3.445,-0.0361
2021-01-29,3.459,0.0040999999999999995
2021-02-01,3.603,0.0416
2021-02-02,3.679,0.021099999999999997
2021-02-03,3.734,0.0149
2021-02-04,3.724,-0.0027
2021-02-05,3.601,-0.033
2021-02-08,3.701,0.0278
2021-02-09,3.864,0.044000000000000004
2021-02-10,3.912,0.0124
2021-02-18,4.006,0.024
2021-02-19,3.982,-0.006
2021-02-22,4.0,0.0045000000000000005
2021-02-23,3.956,-0.011000000000000001
2021-02-24,3.786,-0.043
2021-02-25,3.752,-0.009000000000000001
2021-02-26,3.564,-0.0501
2021-03-01,3.653,0.025
2021-03-02,3.596,-0.015600000000000001
2021-03-03,3.628,0.0089
2021-03-04,3.511,-0.0322
2021-03-05,3.509,-0.0006
2021-03-08,3.433,-0.0217
2021-03-09,3.34,-0.0271
2021-03-10,3.345,0.0015
2021-03-11,3.454,0.0326
2021-03-12,3.508,0.015600000000000001
2021-03-15,3.496,-0.0034000000000000002
2021-03-16,3.481,-0.0043
2021-03-17,3.503,0.0063
2021-03-18,3.592,0.0254
2021-03-19,3.443,-0.0415
2021-03-22,3.469,0.0076
2021-03-23,3.368,-0.0291
2021-03-24,3.218,-0.044500000000000005
2021-03-25,3.248,0.009300000000000001
2021-03-26,3.282,0.0105
2021-03-29,3.3,0.0055000000000000005
2021-03-30,3.359,0.0179
2021-03-31,3.317,-0.0125
2021-04-01,3.35,0.009899999999999999
2021-04-02,3.358,0.0024
2021-04-06,3.364,0.0018
2021-04-07,3.374,0.003
2021-04-08,3.416,0.0124
2021-04-09,3.353,-0.0184
2021-04-12,3.234,-0.0355
2021-04-13,3.243,0.0028000000000000004
2021-04-14,3.296,0.0163
2021-04-15,3.324,0.0085
2021-04-16,3.328,0.0012
2021-04-19,3.398,0.021
2021-04-20,3.401,0.0009
2021-04-21,3.393,-0.0024
2021-04-22,3.42,0.008
2021-04-23,3.471,0.0149
2021-04-26,3.516,0.013000000000000001
2021-04-27,3.504,-0.0034000000000000002
2021-04-28,3.532,0.008
2021-04-29,3.533,0.0003
2021-04-30,3.519,-0.004
2021-05-06,3.563,0.0125
2021-05-07,3.53,-0.009300000000000001
2021-05-10,3.473,-0.0161
2021-05-11,3.454,-0.0055000000000000005
2021-05-12,3.455,0.0003
2021-05-13,3.42,-0.0101
2021-05-14,3.462,0.0123
2021-05-17,3.552,0.026000000000000002
2021-05-18,3.558,0.0017000000000000001
2021-05-19,3.519,-0.011000000000000001
2021-05-20,3.55,0.0088
2021-05-21,3.522,-0.0079
2021-05-24,3.527,0.0014000000000000002
2021-05-25,3.604,0.0218
2021-05-26,3.6,-0.0011
2021-05-27,3.611,0.0031
2021-05-28,3.558,-0.0147
2021-05-31,3.572,0.0039000000000000003
2021-06-01,3.612,0.011200000000000002
2021-06-02,3.565,-0.013000000000000001
2021-06-03,3.525,-0.011200000000000002
2021-06-04,3.547,0.0062
2021-06-07,3.559,0.0034000000000000002
2021-06-08,3.544,-0.0042
2021-06-09,3.529,-0.0042
2021-06-10,3.547,0.0051
2021-06-11,3.512,-0.009899999999999999
2021-06-15,3.494,-0.0051
2021-06-16,3.451,-0.0123
2021-06-17,3.486,0.0101
2021-06-18,3.499,0.0037
2021-06-21,3.505,0.0017000000000000001
2021-06-22,3.553,0.0137
2021-06-23,3.577,0.0068000000000000005
2021-06-24,3.539,-0.0106
2021-06-25,3.581,0.011899999999999999
2021-06-28,3.619,0.0106
2021-06-29,3.614,-0.0014000000000000002
2021-06-30,3.635,0.0058
2021-07-01,3.663,0.0077
2021-07-02,3.536,-0.0347
2021-07-05,3.535,-0.0003
2021-07-06,3.507,-0.0079
2021-07-07,3.541,0.0097
2021-07-08,3.5,-0.0116
2021-07-09,3.486,-0.004
2021-07-12,3.523,0.0106
2021-07-13,3.509,-0.004
2021-07-14,3.5,-0.0026
2021-07-15,3.521,0.006
2021-07-16,3.475,-0.0131
2021-07-19,3.48,0.0014000000000000002
2021-07-20,3.478,-0.0006
2021-07-21,3.529,0.0147
2021-07-22,3.536,0.002
2021-07-23,3.537,0.0003
2021-07-26,3.427,-0.0311
2021-07-27,3.302,-0.0365
2021-07-28,3.32,0.0055000000000000005
2021-07-29,3.37,0.0151
2021-07-30,3.357,-0.0039000000000000003
2021-08-02,3.429,0.021400000000000002
2021-08-03,3.405,-0.006999999999999999
2021-08-04,3.442,0.0109
2021-08-05,3.423,-0.0055000000000000005
2021-08-06,3.395,-0.008199999999999999
2021-08-09,3.468,0.0215
2021-08-10,3.494,0.0075
2021-08-11,3.478,-0.0046
2021-08-12,3.423,-0.0158
2021-08-13,3.419,-0.0012
2021-08-16,3.447,0.008199999999999999
2021-08-17,3.344,-0.029900000000000003
2021-08-18,3.352,0.0024
2021-08-19,3.347,-0.0015
2021-08-20,3.266,-0.0242
2021-08-23,3.343,0.0236
2021-08-24,3.367,0.0072
2021-08-25,3.339,-0.0083
2021-08-26,3.302,-0.0111
2021-08-27,3.324,0.0067
2021-08-30,3.303,-0.0063
2021-08-31,3.326,0.006999999999999999
2021-09-01,3.32,-0.0018
2021-09-02,3.305,-0.0045000000000000005
2021-09-03,3.279,-0.0079
2021-09-06,3.357,0.023799999999999998
2021-09-07,3.377,0.006
2021-09-08,3.355,-0.006500000000000001
2021-09-09,3.342,-0.0039000000000000003
2021-09-10,3.342,0.0
2021-09-13,3.313,-0.0087
2021-09-14,3.286,-0.008100000000000001
2021-09-15,3.247,-0.011899999999999999
2021-09-16,3.196,-0.015700000000000002
2021-09-17,3.222,0.008100000000000001
2021-09-22,3.197,-0.0078000000000000005
2021-09-23,3.212,0.004699999999999999
2021-09-24,3.199,-0.004
2021-09-27,3.192,-0.0022
2021-09-28,3.197,0.0016
2021-09-29,3.146,-0.016
2021-09-30,3.171,0.0079
2021-10-08,3.185,0.0044
2021-10-11,3.177,-0.0025
2021-10-12,3.134,-0.013500000000000002
2021-10-13,3.171,0.0118
2021-10-14,3.171,0.0
2021-10-15,3.197,0.008199999999999999
2021-10-18,3.169,-0.0088
2021-10-19,3.184,0.004699999999999999
2021-10-20,3.171,-0.0040999999999999995
2021-10-21,3.171,0.0
2021-10-22,3.199,0.0088
2021-10-25,3.18,-0.0059
2021-10-26,3.204,0.0075
2021-10-27,3.151,-0.0165
2021-10-28,3.148,-0.001
2021-10-29,3.191,0.0137
2021-11-01,3.193,0.0006
2021-11-02,3.188,-0.0016
2021-11-03,3.172,-0.005
2021-11-04,3.205,0.0104
2021-11-05,3.201,-0.0012
2021-11-08,3.194,-0.0022
2021-11-09,3.209,0.004699999999999999
2021-11-10,3.201,-0.0025
2021-11-11,3.259,0.0181
2021-11-12,3.26,0.0003
2021-11-15,3.265,0.0015
2021-11-16,3.245,-0.0060999999999999995
2021-11-17,3.257,0.0037
2021-11-18,3.215,-0.0129
2021-11-19,3.268,0.0165
2021-11-22,3.279,0.0034000000000000002
2021-11-23,3.294,0.0046
2021-11-24,3.282,-0.0036
2021-11-25,3.272,-0.003
2021-11-26,3.252,-0.0060999999999999995
2021-11-29,3.247,-0.0015
2021-11-30,3.237,-0.0031
2021-12-01,3.241,0.0012
2021-12-02,3.221,-0.0062
2021-12-03,3.249,0.0087
2021-12-06,3.228,-0.006500000000000001
2021-12-07,3.235,0.0022
2021-12-08,3.283,0.0148
2021-12-09,3.345,0.0189
2021-12-10,3.336,-0.0027
2021-12-13,3.358,0.0066
2021-12-14,3.336,-0.0066
2021-12-15,3.295,-0.0123
2021-12-16,3.311,0.0049
2021-12-17,3.262,-0.0148
2021-12-20,3.19,-0.022099999999999998
2021-12-21,3.231,0.0129
2021-12-22,3.236,0.0015
2021-12-23,3.238,0.0006
2021-12-24,3.224,-0.0043
2021-12-27,3.236,0.0037
2021-12-28,3.268,0.009899999999999999
2021-12-29,3.249,-0.0058
2021-12-30,3.28,0.0095
2021-12-31,3.292,0.0037
2022-01-04,3.259,-0.01
2022-01-05,3.201,-0.0178
2022-01-06,3.171,-0.009399999999999999
2022-01-07,3.174,0.0009
2022-01-10,3.189,0.004699999999999999
2022-01-11,3.15,-0.012199999999999999
2022-01-12,3.167,0.0054
2022-01-13,3.1,-0.0212
2022-01-14,3.081,-0.0060999999999999995
2022-01-17,3.124,0.013999999999999999
2022-01-18,3.156,0.0102
2022-01-19,3.124,-0.0101
2022-01-20,3.119,-0.0016
2022-01-21,3.076,-0.0138
2022-01-24,3.083,0.0023
2022-01-25,3.032,-0.0165
2022-01-26,3.026,-0.002
2022-01-27,2.951,-0.0248
2022-01-28,2.939,-0.0040999999999999995
2022-02-07,2.949,0.0034000000000000002
2022-02-08,2.919,-0.0102
2022-02-09,2.933,0.0048
2022-02-10,2.887,-0.015700000000000002
2022-02-11,2.852,-0.0121
2022-02-14,2.83,-0.0077
2022-02-15,2.88,0.0177
2022-02-16,2.889,0.0031
2022-02-17,2.89,0.0003
2022-02-18,2.892,0.0007000000000000001
2022-02-21,2.887,-0.0017000000000000001
2022-02-22,2.858,-0.01
2022-02-23,2.921,0.022000000000000002
2022-02-24,2.879,-0.0144
2022-02-25,2.896,0.0059
2022-02-28,2.909,0.0045000000000000005
2022-03-01,2.904,-0.0017000000000000001
2022-03-02,2.889,-0.0052
2022-03-03,2.856,-0.011399999999999999
2022-03-04,2.821,-0.0123
2022-03-07,2.743,-0.0276
2022-03-08,2.701,-0.015300000000000001
2022-03-09,2.682,-0.006999999999999999
2022-03-10,2.721,0.014499999999999999
2022-03-11,2.714,-0.0026
2022-03-14,2.649,-0.0239
2022-03-15,2.538,-0.04190000000000001
2022-03-16,2.608,0.0276
2022-03-17,2.663,0.021099999999999997
2022-03-18,2.667,0.0015
2022-03-21,2.684,0.0064
2022-03-22,2.676,-0.003
2022-03-23,2.688,0.0045000000000000005
2022-03-24,2.654,-0.0126
2022-03-25,2.595,-0.0222
2022-03-28,2.572,-0.0089
2022-03-29,2.522,-0.0194
2022-03-30,2.596,0.029300000000000003
2022-03-31,2.561,-0.013500000000000002
2022-04-01,2.566,0.002
2022-04-06,2.532,-0.013300000000000001
2022-04-07,2.499,-0.013000000000000001
2022-04-08,2.492,-0.0028000000000000004
2022-04-11,2.408,-0.0337
2022-04-12,2.436,0.0116
2022-04-13,2.42,-0.0066
2022-04-14,2.45,0.0124
2022-04-15,2.45,0.0
2022-04-18,2.469,0.0078000000000000005
2022-04-19,2.444,-0.0101
2022-04-20,2.395,-0.02
2022-04-21,2.331,-0.026699999999999998
2022-04-22,2.321,-0.0043
2022-04-25,2.184,-0.059000000000000004
2022-04-26,2.179,-0.0023
2022-04-27,2.282,0.0473
2022-04-28,2.317,0.015300000000000001
2022-04-29,2.406,0.0384
2022-05-05,2.422,0.0067
2022-05-06,2.376,-0.019
2022-05-09,2.38,0.0017000000000000001
2022-05-10,2.415,0.0147
2022-05-11,2.464,0.0203
2022-05-12,2.461,-0.0012
2022-05-13,2.468,0.0028000000000000004
2022-05-16,2.458,-0.0040999999999999995
2022-05-17,2.509,0.0207
2022-05-18,2.513,0.0016
2022-05-19,2.541,0.0111
2022-05-20,2.556,0.0059
2022-05-23,2.546,-0.0039000000000000003
2022-05-24,2.465,-0.0318
2022-05-25,2.484,0.0077
2022-05-26,2.5,0.0064
2022-05-27,2.514,0.005600000000000001
2022-05-30,2.558,0.0175
2022-05-31,2.619,0.023799999999999998
2022-06-01,2.617,-0.0008
2022-06-02,2.675,0.0222
2022-06-06,2.761,0.0321
2022-06-07,2.746,-0.0054
2022-06-08,2.759,0.004699999999999999
2022-06-09,2.695,-0.0232
2022-06-10,2.752,0.0212
2022-06-13,2.748,-0.0015
2022-06-14,2.746,-0.0007000000000000001
2022-06-15,2.722,-0.0087
2022-06-16,2.731,0.0033
2022-06-17,2.772,0.015
2022-06-20,2.79,0.006500000000000001
2022-06-21,2.781,-0.0032
2022-06-22,2.74,-0.0147
2022-06-23,2.815,0.0274
2022-06-24,2.873,0.0206
2022-06-27,2.885,0.0042
2022-06-28,2.902,0.0059
2022-06-29,2.835,-0.0231
2022-06-30,2.888,0.0187
2022-07-01,2.868,-0.0069
2022-07-04,2.905,0.0129
2022-07-05,2.889,-0.0055000000000000005
2022-07-06,2.887,-0.0007000000000000001
2022-07-07,2.9,0.0045000000000000005
2022-07-08,2.886,-0.0048
2022-07-11,2.848,-0.0132
2022-07-12,2.791,-0.02
2022-07-13,2.795,0.0014000000000000002
2022-07-14,2.837,0.015
2022-07-15,2.81,-0.0095
2022-07-18,2.821,0.0039000000000000003
2022-07-19,2.806,-0.0053
2022-07-20,2.816,0.0036
2022-07-21,2.828,0.0043
2022-07-22,2.81,-0.0064
2022-07-25,2.778,-0.011399999999999999
2022-07-26,2.806,0.0101
2022-07-27,2.797,-0.0032
2022-07-28,2.808,0.0039000000000000003
2022-07-29,2.769,-0.0139
2022-08-01,2.796,0.0098
2022-08-02,2.777,-0.0068000000000000005
2022-08-03,2.779,0.0007000000000000001
2022-08-04,2.809,0.0108
2022-08-05,2.892,0.029500000000000002
2022-08-08,2.871,-0.0073
2022-08-09,2.869,-0.0007000000000000001
2022-08-10,2.842,-0.009399999999999999
2022-08-11,2.896,0.019
2022-08-12,2.854,-0.014499999999999999
2022-08-15,2.853,-0.0004
2022-08-16,2.835,-0.0063
2022-08-17,2.864,0.0102
2022-08-18,2.868,0.0014000000000000002
2022-08-19,2.834,-0.011899999999999999
2022-08-22,2.85,0.005600000000000001
2022-08-23,2.85,0.0
2022-08-24,2.753,-0.034
2022-08-25,2.748,-0.0018
2022-08-26,2.726,-0.008
2022-08-29,2.72,-0.0022
2022-08-30,2.718,-0.0007000000000000001
2022-08-31,2.697,-0.0077
2022-09-01,2.671,-0.0096
2022-09-02,2.679,0.003
2022-09-05,2.67,-0.0034000000000000002
2022-09-06,2.686,0.006
2022-09-07,2.741,0.020499999999999997
2022-09-08,2.713,-0.0102
2022-09-09,2.708,-0.0018
2022-09-13,2.698,-0.0037
2022-09-14,2.695,-0.0011
2022-09-15,2.642,-0.0197
2022-09-16,2.626,-0.0060999999999999995
2022-09-19,2.597,-0.011000000000000001
2022-09-20,2.603,0.0023
2022-09-21,2.555,-0.0184
2022-09-22,2.55,-0.002
2022-09-23,2.513,-0.014499999999999999
2022-09-26,2.521,0.0032
2022-09-27,2.559,0.0151
2022-09-28,2.498,-0.023799999999999998
2022-09-29,2.53,0.0128
2022-09-30,2.478,-0.0206
2022-10-10,2.374,-0.042
2022-10-11,2.383,0.0038
2022-10-12,2.479,0.0403
2022-10-13,2.484,0.002
2022-10-14,2.537,0.0213
2022-10-17,2.565,0.011000000000000001
2022-10-18,2.569,0.0016
2022-10-19,2.559,-0.0039000000000000003
2022-10-20,2.584,0.0098
2022-10-21,2.597,0.005
2022-10-24,2.593,-0.0015
2022-10-25,2.575,-0.0069
2022-10-26,2.639,0.024900000000000002
2022-10-27,2.62,-0.0072
2022-10-28,2.575,-0.0172
2022-10-31,2.608,0.0128
2022-11-01,2.635,0.0104
2022-11-02,2.685,0.019
2022-11-03,2.703,0.0067
2022-11-04,2.755,0.0192
2022-11-07,2.728,-0.0098
2022-11-08,2.717,-0.004
2022-11-09,2.677,-0.0147
2022-11-10,2.616,-0.022799999999999997
2022-11-11,2.658,0.0161
2022-11-14,2.642,-0.006
2022-11-15,2.714,0.0273
2022-11-16,2.683,-0.011399999999999999
2022-11-17,2.7,0.0063
2022-11-18,2.697,-0.0011
2022-11-21,2.705,0.003
2022-11-22,2.666,-0.0144
2022-11-23,2.665,-0.0004
2022-11-24,2.645,-0.0075
2022-11-25,2.621,-0.0091
2022-11-28,2.609,-0.0046
2022-11-29,2.619,0.0038
2022-11-30,2.624,0.0019
2022-12-01,2.654,0.011399999999999999
2022-12-02,2.637,-0.0064
2022-12-05,2.64,0.0011
2022-12-06,2.648,0.003
2022-12-07,2.638,-0.0038
2022-12-08,2.632,-0.0023
2022-12-09,2.643,0.0042
2022-12-12,2.647,0.0015
2022-12-13,2.603,-0.0166
2022-12-14,2.591,-0.0046
2022-12-15,2.627,0.0139
2022-12-16,2.6,-0.0103
2022-12-19,2.564,-0.0138
2022-12-20,2.533,-0.0121
2022-12-21,2.517,-0.0063
2022-12-22,2.499,-0.0072
2022-12-23,2.478,-0.0084
2022-12-26,2.537,0.023799999999999998
2022-12-27,2.568,0.012199999999999999
2022-12-28,2.538,-0.011699999999999999
2022-12-29,2.55,0.004699999999999999
2022-12-30,2.534,-0.0063
2022-12-31,2.534,0.0
2023-01-03,2.577,0.017
2023-01-04,2.549,-0.0109
2023-01-05,2.587,0.0149
2023-01-06,2.602,0.0058
2023-01-09,2.62,0.0069
2023-01-10,2.634,0.0053
2023-01-11,2.604,-0.011399999999999999
2023-01-12,2.621,0.006500000000000001
2023-01-13,2.631,0.0038
2023-01-16,2.663,0.012199999999999999
2023-01-17,2.678,0.005600000000000001
2023-01-18,2.681,0.0011
2023-01-19,2.724,0.016
2023-01-20,2.735,0.004
2023-01-30,2.752,0.0062
2023-01-31,2.721,-0.0113
2023-02-01,2.753,0.0118
2023-02-02,2.764,0.004
2023-02-03,2.755,-0.0033
2023-02-06,2.714,-0.0149
2023-02-07,2.702,-0.0044
2023-02-08,2.684,-0.0067
2023-02-09,2.732,0.0179
2023-02-10,2.703,-0.0106
2023-02-13,2.707,0.0015
2023-02-14,2.703,-0.0015
2023-02-15,2.699,-0.0015
2023-02-16,2.669,-0.0111
2023-02-17,2.61,-0.022099999999999998
2023-02-20,2.643,0.0126
2023-02-21,2.638,-0.0019
2023-02-22,2.624,-0.0053
2023-02-23,2.626,0.0008
2023-02-24,2.623,-0.0011
2023-02-27,2.61,-0.005
2023-02-28,2.63,0.0077
2023-03-01,2.652,0.0084
2023-03-02,2.65,-0.0008
2023-03-03,2.658,0.003
2023-03-06,2.675,0.0064
2023-03-07,2.627,-0.0179
2023-03-08,2.639,0.0046
2023-03-09,2.64,0.0004
2023-03-10,2.617,-0.0087
2023-03-13,2.639,0.0084
2023-03-14,2.63,-0.0034000000000000002
2023-03-15,2.616,-0.0053
2023-03-16,2.577,-0.0149
2023-03-17,2.593,0.0062
2023-03-20,2.579,-0.0054
2023-03-21,2.612,0.0128
2023-03-22,2.612,0.0
2023-03-23,2.625,0.005
2023-03-24,2.622,-0.0011
2023-03-27,2.644,0.0084
2023-03-28,2.645,0.0004
2023-03-29,2.68,0.0132
2023-03-30,2.698,0.0067
2023-03-31,2.714,0.0059
2023-04-03,2.755,0.0151
2023-04-04,2.712,-0.015600000000000001
2023-04-06,2.737,0.0092
2023-04-07,2.772,0.0128
2023-04-10,2.741,-0.011200000000000002
2023-04-11,2.724,-0.0062
2023-04-12,2.71,-0.0051
2023-04-13,2.673,-0.0137
2023-04-14,2.733,0.022400000000000003
2023-04-17,2.736,0.0011
2023-04-18,2.719,-0.0062
2023-04-19,2.695,-0.0088
2023-04-20,2.707,0.0045000000000000005
2023-04-21,2.628,-0.0292
2023-04-24,2.599,-0.011000000000000001
2023-04-25,2.542,-0.0219
2023-04-26,2.544,0.0008
2023-04-27,2.541,-0.0012
2023-04-28,2.566,0.0098
2023-05-04,2.512,-0.021
2023-05-05,2.483,-0.0115
2023-05-08,2.512,0.011699999999999999
2023-05-09,2.483,-0.0115
2023-05-10,2.498,0.006
2023-05-11,2.508,0.004
2023-05-12,2.471,-0.0148
2023-05-15,2.513,0.017
2023-05-16,2.51,-0.0012
2023-05-17,2.496,-0.005600000000000001
2023-05-18,2.506,0.004
2023-05-19,2.515,0.0036
2023-05-22,2.534,0.0076
2023-05-23,2.517,-0.0067
2023-05-24,2.507,-0.004
2023-05-25,2.487,-0.008
2023-05-26,2.497,0.004
2023-05-29,2.476,-0.0084
2023-05-30,2.491,0.0060999999999999995
2023-05-31,2.471,-0.008
2023-06-01,2.469,-0.0008
2023-06-02,2.499,0.012199999999999999
2023-06-05,2.492,-0.0028000000000000004
2023-06-06,2.455,-0.0148
2023-06-07,2.433,-0.009000000000000001
2023-06-08,2.425,-0.0033
2023-06-09,2.455,0.0124
2023-06-12,2.482,0.011000000000000001
2023-06-13,2.496,0.005600000000000001
2023-06-14,2.495,-0.0004
2023-06-15,2.551,0.022400000000000003
2023-06-16,2.586,0.0137
2023-06-19,2.578,-0.0031
2023-06-20,2.604,0.0101
2023-06-21,2.551,-0.0204
2023-06-26,2.52,-0.012199999999999999
2023-06-27,2.518,-0.0008
2023-06-28,2.508,-0.004
2023-06-29,2.513,0.002
2023-06-30,2.534,0.0084
2023-07-03,2.521,-0.0051
2023-07-04,2.54,0.0075
2023-07-05,2.504,-0.014199999999999999
2023-07-06,2.482,-0.0088
2023-07-07,2.444,-0.015300000000000001
2023-07-10,2.451,0.0029
2023-07-11,2.475,0.0098
2023-07-12,2.445,-0.0121
2023-07-13,2.464,0.0078000000000000005
2023-07-14,2.44,-0.0097
2023-07-17,2.431,-0.0037
2023-07-18,2.439,0.0033
2023-07-19,2.428,-0.0045000000000000005
2023-07-20,2.395,-0.013600000000000001
2023-07-21,2.391,-0.0017000000000000001
2023-07-24,2.375,-0.0067
2023-07-25,2.44,0.0274
2023-07-26,2.427,-0.0053
2023-07-27,2.405,-0.0091
2023-07-28,2.443,0.0158
2023-07-31,2.49,0.0192
2023-08-01,2.467,-0.0092
2023-08-02,2.464,-0.0012
2023-08-03,2.471,0.0028000000000000004
2023-08-04,2.493,0.0089
2023-08-07,2.481,-0.0048
2023-08-08,2.466,-0.006
2023-08-09,2.458,-0.0032
2023-08-10,2.464,0.0024
2023-08-11,2.424,-0.016200000000000003
2023-08-14,2.398,-0.010700000000000001
2023-08-15,2.364,-0.014199999999999999
2023-08-16,2.326,-0.0161
2023-08-17,2.345,0.008199999999999999
2023-08-18,2.311,-0.014499999999999999
2023-08-21,2.278,-0.0143
2023-08-22,2.284,0.0026
2023-08-23,2.226,-0.0254
2023-08-24,2.264,0.0171
2023-08-25,2.227,-0.0163
2023-08-28,2.23,0.0013
2023-08-29,2.311,0.0363
2023-08-30,2.347,0.015600000000000001
2023-08-31,2.333,-0.006
2023-09-01,2.33,-0.0013
2023-09-04,2.339,0.0039000000000000003
2023-09-05,2.315,-0.0103
2023-09-06,2.321,0.0026
2023-09-07,2.276,-0.0194
2023-09-08,2.274,-0.0009
2023-09-11,2.289,0.0066
2023-09-12,2.291,0.0009
2023-09-13,2.267,-0.0105
2023-09-14,2.243,-0.0106
2023-09-15,2.235,-0.0036
2023-09-18,2.246,0.0049
2023-09-19,2.234,-0.0053
2023-09-20,2.212,-0.0098
2023-09-21,2.186,-0.0118
2023-09-22,2.218,0.0146
2023-09-25,2.215,-0.0014000000000000002
2023-09-26,2.205,-0.0045000000000000005
2023-09-27,2.225,0.0091
2023-09-28,2.226,0.0004
2023-10-09,2.222,-0.0018
2023-10-10,2.199,-0.0104
2023-10-11,2.213,0.0064
2023-10-12,2.234,0.0095
2023-10-13,2.215,-0.0085
2023-10-16,2.185,-0.013500000000000002
2023-10-17,2.187,0.0009
2023-10-18,2.166,-0.0096
2023-10-19,2.131,-0.016200000000000003
2023-10-20,2.117,-0.0066
2023-10-23,2.083,-0.0161
2023-10-24,2.1,0.008199999999999999
2023-10-25,2.092,-0.0038
2023-10-26,2.085,-0.0033
2023-10-27,2.127,0.020099999999999996
2023-10-30,2.177,0.0235
2023-10-31,2.161,-0.0073
2023-11-01,2.15,-0.0051
2023-11-02,2.129,-0.0098
2023-11-03,2.158,0.013600000000000001
2023-11-06,2.206,0.0222
2023-11-07,2.194,-0.0054
2023-11-08,2.192,-0.0009
2023-11-09,2.186,-0.0027
2023-11-10,2.164,-0.0101
2023-11-13,2.163,-0.0005
2023-11-14,2.166,0.0014000000000000002
2023-11-15,2.174,0.0037
2023-11-16,2.148,-0.012
2023-11-17,2.158,0.004699999999999999
2023-11-20,2.169,0.0051
2023-11-21,2.152,-0.0078000000000000005
2023-11-22,2.121,-0.0144
2023-11-23,2.151,0.0141
2023-11-24,2.122,-0.013500000000000002
2023-11-27,2.11,-0.005699999999999999
2023-11-28,2.113,0.0014000000000000002
2023-11-29,2.101,-0.005699999999999999
2023-11-30,2.1,-0.0005
2023-12-01,2.096,-0.0019
2023-12-04,2.074,-0.0105
2023-12-05,2.044,-0.014499999999999999
2023-12-06,2.054,0.0049
2023-12-07,2.041,-0.0063
2023-12-08,2.054,0.0064
2023-12-11,2.079,0.012199999999999999
2023-12-12,2.075,-0.0019
2023-12-13,2.064,-0.0053
2023-12-14,2.056,-0.0039000000000000003
2023-12-15,2.041,-0.0073
2023-12-18,2.027,-0.0069
2023-12-19,2.028,0.0005
2023-12-20,2.001,-0.013300000000000001
2023-12-21,2.016,0.0075
2023-12-22,2.017,0.0005
2023-12-25,2.019,0.001
2023-12-26,1.997,-0.0109
2023-12-27,1.996,-0.0005
2023-12-28,2.036,0.02
2023-12-29,2.045,0.0044
2023-12-31,2.044,-0.0005
2024-01-02,1.994,-0.0245
2024-01-03,1.966,-0.013999999999999999
2024-01-04,1.96,-0.0031
2024-01-05,1.94,-0.0102
2024-01-08,1.893,-0.0242
2024-01-09,1.9,0.0037
2024-01-10,1.903,0.0016
2024-01-11,1.917,0.0074
2024-01-12,1.92,0.0016
2024-01-15,1.913,-0.0036
2024-01-16,1.917,0.0021
2024-01-17,1.864,-0.0276
2024-01-18,1.895,0.0166
2024-01-19,1.873,-0.0116
2024-01-22,1.816,-0.0304
2024-01-23,1.842,0.0143
2024-01-24,1.842,0.0
2024-01-25,1.856,0.0076
2024-01-26,1.82,-0.0194
2024-01-29,1.781,-0.021400000000000002
2024-01-30,1.744,-0.0208
2024-01-31,1.721,-0.0132
2024-02-01,1.734,0.0076
2024-02-02,1.701,-0.019
2024-02-05,1.713,0.0070999999999999995
2024-02-06,1.791,0.0455
2024-02-07,1.838,0.0262
2024-02-08,1.846,0.0044
2024-02-19,1.85,0.0022
2024-02-20,1.85,0.0
2024-02-21,1.864,0.0076
2024-02-22,1.877,0.006999999999999999
2024-02-23,1.885,0.0043
2024-02-26,1.881,-0.0021
2024-02-27,1.92,0.0207
2024-02-28,1.878,-0.0219
2024-02-29,1.925,0.025
2024-03-01,1.93,0.0026
2024-03-04,1.939,0.004699999999999999
2024-03-05,1.944,0.0026
2024-03-06,1.949,0.0026
2024-03-07,1.922,-0.0139
2024-03-08,1.958,0.0187
2024-03-11,1.991,0.0169
2024-03-12,1.988,-0.0015
2024-03-13,1.976,-0.006
2024-03-14,1.974,-0.001
2024-03-15,1.97,-0.002
2024-03-18,2.002,0.016200000000000003
2024-03-19,1.989,-0.006500000000000001
2024-03-20,1.983,-0.003
2024-03-21,1.967,-0.008100000000000001
2024-03-22,1.949,-0.0092
2024-03-25,1.929,-0.0103
2024-03-26,1.932,0.0016
2024-03-27,1.909,-0.011899999999999999
2024-03-28,1.921,0.0063
2024-03-29,1.926,0.0026
2024-04-01,1.955,0.0151
2024-04-02,1.941,-0.0072
2024-04-03,1.924,-0.0088
2024-04-08,1.909,-0.0078000000000000005
2024-04-09,1.918,0.004699999999999999
2024-04-10,1.9,-0.009399999999999999
2024-04-11,1.898,-0.0011
2024-04-12,1.891,-0.0037
2024-04-15,1.917,0.0137
2024-04-16,1.898,-0.009899999999999999
2024-04-17,1.924,0.0137
2024-04-18,1.92,-0.0021
2024-04-19,1.907,-0.0068000000000000005
2024-04-22,1.904,-0.0016
2024-04-23,1.901,-0.0016
2024-04-24,1.915,0.0074
2024-04-25,1.92,0.0026
2024-04-26,1.946,0.013500000000000002
2024-04-29,1.991,0.0231
2024-04-30,1.986,-0.0025
2024-05-06,2.018,0.0161
2024-05-07,2.017,-0.0005
2024-05-08,1.99,-0.0134
2024-05-09,2.011,0.0106
2024-05-10,2.001,-0.005
2024-05-13,2.003,0.001
2024-05-14,1.998,-0.0025
2024-05-15,1.982,-0.008
2024-05-16,1.983,0.0005
2024-05-17,1.991,0.004
2024-05-20,1.99,-0.0005
2024-05-21,1.982,-0.004
2024-05-22,1.982,0.0
2024-05-23,1.963,-0.0096
2024-05-24,1.942,-0.010700000000000001
2024-05-27,1.961,0.0098
2024-05-28,1.944,-0.0087
2024-05-29,1.95,0.0031
2024-05-30,1.95,0.0
2024-05-31,1.942,-0.0040999999999999995
2024-06-03,1.958,0.008199999999999999
2024-06-04,1.982,0.0123
2024-06-05,1.973,-0.0045000000000000005
2024-06-06,1.972,-0.0005
2024-06-07,1.953,-0.0096
2024-06-11,1.957,0.002
2024-06-12,1.952,-0.0026
2024-06-13,1.959,0.0036
2024-06-14,1.957,-0.001
2024-06-17,1.958,0.0005
2024-06-18,1.955,-0.0015
2024-06-19,1.944,-0.005600000000000001
2024-06-20,1.932,-0.0062
2024-06-21,1.934,0.001
2024-06-24,1.924,-0.0052
2024-06-25,1.911,-0.0068000000000000005
2024-06-26,1.918,0.0037
2024-06-27,1.9,-0.009399999999999999
2024-06-28,1.909,0.004699999999999999
2024-06-30,1.909,0.0
2024-07-01,1.91,0.0005
2024-07-02,1.894,-0.0084
2024-07-03,1.879,-0.0079
2024-07-04,1.874,-0.0027
2024-07-05,1.872,-0.0011
2024-07-08,1.856,-0.0085
2024-07-09,1.887,0.0167
2024-07-10,1.889,0.0011
2024-07-11,1.907,0.0095
2024-07-12,1.913,0.0031
2024-07-15,1.907,-0.0031
2024-07-16,1.924,0.0089
2024-07-17,1.919,-0.0026
2024-07-18,1.933,0.0073
2024-07-19,1.949,0.0083
2024-07-22,1.936,-0.0067
2024-07-23,1.893,-0.0222
2024-07-24,1.876,-0.009000000000000001
2024-07-25,1.874,-0.0011
2024-07-26,1.885,0.0059
2024-07-29,1.872,-0.0069
2024-07-30,1.859,-0.0069
2024-07-31,1.901,0.0226
2024-08-01,1.879,-0.0116
2024-08-02,1.862,-0.009000000000000001
2024-08-05,1.836,-0.013999999999999999
2024-08-06,1.848,0.006500000000000001
2024-08-07,1.851,0.0016
2024-08-08,1.86,0.0049
2024-08-09,1.843,-0.0091
2024-08-12,1.838,-0.0027
2024-08-13,1.841,0.0016
2024-08-14,1.818,-0.0125
2024-08-15,1.829,0.0060999999999999995
2024-08-16,1.824,-0.0027
2024-08-19,1.825,0.0005
2024-08-20,1.812,-0.0070999999999999995
2024-08-21,1.803,-0.005
2024-08-22,1.798,-0.0028000000000000004
2024-08-23,1.802,0.0022
2024-08-26,1.801,-0.0006
2024-08-27,1.79,-0.0060999999999999995
2024-08-28,1.787,-0.0017000000000000001
2024-08-29,1.805,0.0101
2024-08-30,1.835,0.0166
2024-09-02,1.804,-0.0169
2024-09-03,1.825,0.0116
2024-09-04,1.824,-0.0005
2024-09-05,1.828,0.0022
2024-09-06,1.805,-0.0126
2024-09-09,1.785,-0.0111
2024-09-10,1.789,0.0022
2024-09-11,1.807,0.0101
2024-09-12,1.794,-0.0072
2024-09-13,1.788,-0.0033
2024-09-18,1.804,0.0089
2024-09-19,1.804,0.0
2024-09-20,1.805,0.0006
2024-09-23,1.806,0.0006
2024-09-24,1.862,0.031
2024-09-25,1.879,0.0091
2024-09-26,1.938,0.031400000000000004
2024-09-27,2.014,0.0392
2024-09-30,2.183,0.0839
2024-10-08,2.308,0.057300000000000004
2024-10-09,2.157,-0.0654
2024-10-10,2.181,0.0111
2024-10-11,2.109,-0.033
2024-10-14,2.145,0.0171
2024-10-15,2.096,-0.022799999999999997
2024-10-16,2.084,-0.005699999999999999
2024-10-17,2.068,-0.0077
2024-10-18,2.144,0.0368
2024-10-21,2.144,0.0
2024-10-22,2.157,0.0060999999999999995
2024-10-23,2.167,0.0046
2024-10-24,2.149,-0.0083
2024-10-25,2.169,0.009300000000000001
2024-10-28,2.163,-0.0028000000000000004
2024-10-29,2.156,-0.0032
2024-10-30,2.143,-0.006
2024-10-31,2.126,-0.0079
2024-11-01,2.131,0.0024
2024-11-04,2.158,0.0127
2024-11-05,2.19,0.0148
2024-11-06,2.181,-0.0040999999999999995
2024-11-07,2.21,0.013300000000000001
2024-11-08,2.199,-0.005
2024-11-11,2.216,0.0077
2024-11-12,2.198,-0.008100000000000001
2024-11-13,2.199,0.0005
2024-11-14,2.161,-0.0173
2024-11-15,2.129,-0.0148
2024-11-18,2.12,-0.0042
2024-11-19,2.145,0.0118
2024-11-20,2.151,0.0028000000000000004
2024-11-21,2.152,0.0005
2024-11-22,2.097,-0.0256
2024-11-25,2.087,-0.0048
2024-11-26,2.074,-0.0062
2024-11-27,2.118,0.0212
2024-11-28,2.095,-0.0109
2024-11-29,2.116,0.01
2024-12-02,2.131,0.0070999999999999995
2024-12-03,2.132,0.0005
2024-12-04,2.117,-0.006999999999999999
2024-12-05,2.103,-0.0066
2024-12-06,2.136,0.015700000000000002
2024-12-09,2.146,0.004699999999999999
2024-12-10,2.151,0.0023
2024-12-11,2.152,0.0005
2024-12-12,2.163,0.0051
2024-12-13,2.132,-0.0143
2024-12-16,2.114,-0.0084
2024-12-17,2.12,0.0028000000000000004
2024-12-18,2.129,0.0042
2024-12-19,2.139,0.004699999999999999
2024-12-20,2.128,-0.0051
2024-12-23,2.125,-0.0014000000000000002
2024-12-24,2.16,0.0165
2024-12-25,2.153,-0.0032
2024-12-26,2.165,0.005600000000000001
2024-12-27,2.153,-0.0055000000000000005
2024-12-30,2.157,0.0019
2024-12-31,2.136,-0.0097
2025-01-02,2.084,-0.024300000000000002
2025-01-03,2.063,-0.0101
2025-01-06,2.062,-0.0005
2025-01-07,2.073,0.0053
2025-01-08,2.079,0.0029
2025-01-09,2.085,0.0029
2025-01-10,2.07,-0.0072
2025-01-13,2.055,-0.0072
2025-01-14,2.112,0.0277
2025-01-15,2.097,-0.0070999999999999995
2025-01-16,2.102,0.0024
2025-01-17,2.133,0.0147
2025-01-20,2.147,0.0066
2025-01-21,2.163,0.0075
2025-01-22,2.15,-0.006
2025-01-23,2.131,-0.0088
2025-01-24,2.154,0.0108
2025-01-27,2.153,-0.0005
2025-02-05,2.126,-0.0125
2025-02-06,2.161,0.0165
2025-02-07,2.178,0.0079
2025-02-10,2.177,-0.0005
2025-02-11,2.171,-0.0028000000000000004
2025-02-12,2.188,0.0078000000000000005
2025-02-13,2.173,-0.0069
2025-02-14,2.203,0.0138
2025-02-17,2.183,-0.0091
2025-02-18,2.173,-0.0046
2025-02-19,2.191,0.0083
2025-02-20,2.196,0.0023
2025-02-21,2.232,0.016399999999999998
2025-02-24,2.221,-0.0049
2025-02-25,2.196,-0.0113
2025-02-26,2.217,0.0096
2025-02-27,2.223,0.0027
2025-02-28,2.187,-0.016200000000000003
2025-03-03,2.206,0.0087
2025-03-04,2.201,-0.0023
2025-03-05,2.212,0.005
2025-03-06,2.234,0.009899999999999999
2025-03-07,2.248,0.0063
2025-03-10,2.242,-0.0027
2025-03-11,2.244,0.0009
2025-03-12,2.24,-0.0018
2025-03-13,2.233,-0.0031
2025-03-14,2.27,0.0166
2025-03-17,2.269,-0.0004
2025-03-18,2.277,0.0034999999999999996
2025-03-19,2.277,0.0
2025-03-20,2.268,-0.004
2025-03-21,2.239,-0.0128
2025-03-24,2.243,0.0018
2025-03-25,2.244,0.0004
2025-03-26,2.236,-0.0036
2025-03-27,2.248,0.0054
2025-03-28,2.239,-0.004
2025-03-31,2.223,-0.0070999999999999995
2025-04-01,2.227,0.0018
2025-04-02,2.223,-0.0018
2025-04-03,2.187,-0.016200000000000003
2025-04-07,2.041,-0.0668
2025-04-08,2.05,0.0044
2025-04-09,2.057,0.0034000000000000002
2025-04-10,2.093,0.0175
2025-04-11,2.115,0.0105
2025-04-14,2.116,0.0005
2025-04-15,2.112,-0.0019
2025-04-16,2.095,-0.008
2025-04-17,2.091,-0.0019
2025-04-18,2.09,-0.0005
2025-04-21,2.111,0.01
2025-04-22,2.11,-0.0005
2025-04-23,2.132,0.0104
2025-04-24,2.133,0.0005
2025-04-25,2.137,0.0019
2025-04-28,2.124,-0.0060999999999999995
2025-04-29,2.124,0.0
2025-04-30,2.116,-0.0038
2025-05-06,2.138,0.0104
2025-05-07,2.144,0.0028000000000000004
2025-05-08,2.158,0.006500000000000001
2025-05-09,2.151,-0.0032
2025-05-12,2.17,0.0088
2025-05-13,2.173,0.0014000000000000002
2025-05-14,2.179,0.0028000000000000004
2025-05-15,2.165,-0.0064
2025-05-16,2.172,0.0032
2025-05-19,2.16,-0.0055000000000000005
2025-05-20,2.173,0.006
2025-05-21,2.182,0.0040999999999999995
2025-05-22,2.18,-0.0009
2025-05-23,2.174,-0.0028000000000000004
2025-05-26,2.157,-0.0078000000000000005
2025-05-27,2.139,-0.0083
2025-05-28,2.15,0.0051
2025-05-29,2.165,0.006999999999999999
2025-05-30,2.155,-0.0046
2025-06-03,2.16,0.0023
2025-06-04,2.166,0.0028000000000000004
2025-06-05,2.169,0.0014000000000000002
2025-06-06,2.167,-0.0009
2025-06-09,2.169,0.0009
2025-06-10,2.158,-0.0051
2025-06-11,2.175,0.0079
2025-06-12,2.181,0.0028000000000000004
2025-06-13,2.162,-0.0087
2025-06-16,2.162,0.0
2025-06-17,2.149,-0.006
2025-06-18,2.155,0.0028000000000000004
2025-06-19,2.139,-0.0074
2025-06-20,2.141,0.0009
2025-06-23,2.139,-0.0009
2025-06-24,2.166,0.0126
2025-06-25,2.19,0.0111
2025-06-26,2.177,-0.0059
2025-06-27,2.171,-0.0028000000000000004
2025-06-30,2.188,0.0078000000000000005
2025-07-01,2.199,0.005
2025-07-02,2.195,-0.0018
2025-07-03,2.211,0.0073
2025-07-04,2.212,0.0005
2025-07-07,2.201,-0.005
2025-07-08,2.219,0.008199999999999999
2025-07-09,2.219,0.0
2025-07-10,2.224,0.0023
2025-07-11,2.228,0.0018
2025-07-14,2.234,0.0027
2025-07-15,2.238,0.0018
2025-07-16,2.243,0.0022
2025-07-17,2.267,0.010700000000000001
2025-07-18,2.277,0.0044
2025-07-21,2.296,0.0083
2025-07-22,2.312,0.006999999999999999
2025-07-23,2.299,-0.005600000000000001
2025-07-24,2.308,0.0039000000000000003
2025-07-25,2.301,-0.003
2025-07-28,2.303,0.0009
2025-07-29,2.311,0.0034999999999999996
2025-07-30,2.302,-0.0039000000000000003
2025-07-31,2.259,-0.0187
2025-08-01,2.266,0.0031
2025-08-04,2.275,0.004
2025-08-05,2.296,0.0092
2025-08-06,2.303,0.003
2025-08-07,2.296,-0.003
2025-08-08,2.306,0.0044
2025-08-11,2.317,0.0048
2025-08-12,2.319,0.0009
2025-08-13,2.348,0.0125
2025-08-14,2.341,-0.003
2025-08-15,2.369,0.012
2025-08-18,2.381,0.0051
2025-08-19,2.369,-0.005
2025-08-20,2.398,0.012199999999999999
2025-08-21,2.407,0.0038
2025-08-22,2.424,0.0070999999999999995
2025-08-25,2.45,0.010700000000000001
2025-08-26,2.452,0.0008
2025-08-27,2.419,-0.013500000000000002
2025-08-28,2.44,0.0087
2025-08-29,2.481,0.0168
2025-09-01,2.495,0.005600000000000001
2025-09-02,2.472,-0.0092
2025-09-03,2.466,-0.0024
2025-09-04,2.421,-0.0182
2025-09-05,2.492,0.029300000000000003
2025-09-08,2.529,0.0148
2025-09-09,2.523,-0.0024
2025-09-10,2.515,-0.0032
2025-09-11,2.556,0.0163
2025-09-12,2.522,-0.013300000000000001
2025-09-15,2.535,0.0052
2025-09-16,2.536,0.0004
2025-09-17,2.576,0.0158
2025-09-18,2.551,-0.0097
2025-09-19,2.584,0.0129
2025-09-22,2.578,-0.0023
2025-09-23,2.584,0.0023
2025-09-24,2.631,0.0182
2025-09-25,2.637,0.0023
2025-09-26,2.607,-0.011399999999999999
2025-09-29,2.647,0.015300000000000001
2025-09-30,2.658,0.0042
2025-10-09,2.673,0.005600000000000001
2025-10-10,2.616,-0.0213
2025-10-13,2.58,-0.0138
2025-10-14,2.549,-0.012
2025-10-15,2.588,0.015300000000000001
2025-10-16,2.593,0.0019
2025-10-17,2.525,-0.0262
2025-10-20,2.545,0.0079
2025-10-21,2.575,0.0118
2025-10-22,2.554,-0.008199999999999999
2025-10-23,2.571,0.0067
2025-10-24,2.588,0.0066
2025-10-27,2.613,0.0097
2025-10-28,2.605,-0.0031
2025-10-29,2.645,0.0154
2025-10-30,2.65,0.0019
2025-10-31,2.642,-0.003
2025-11-03,2.629,-0.0049
2025-11-04,2.618,-0.0042
2025-11-05,2.649,0.0118
2025-11-06,2.69,0.0155
2025-11-07,2.697,0.0026
2025-11-10,2.678,-0.006999999999999999
2025-11-11,2.672,-0.0022
2025-11-12,2.652,-0.0075
2025-11-13,2.697,0.017
2025-11-14,2.667,-0.0111
2025-11-17,2.637,-0.011200000000000002
2025-11-18,2.603,-0.0129
2025-11-19,2.61,0.0027
2025-11-20,2.589,-0.008
2025-11-21,2.528,-0.0236
2025-11-24,2.532,0.0016
2025-11-25,2.548,0.0063
2025-11-26,2.544,-0.0016
2025-11-27,2.539,-0.002
2025-11-28,2.571,0.0126
2025-12-01,2.593,0.0086
2025-12-02,2.579,-0.0054
2025-12-03,2.583,0.0016
2025-12-04,2.591,0.0031
2025-12-05,2.632,0.0158
2025-12-08,2.635,0.0011
2025-12-09,2.624,-0.0042
2025-12-10,2.64,0.0060999999999999995
2025-12-11,2.635,-0.0019
2025-12-12,2.681,0.0175
2025-12-15,2.663,-0.0067
2025-12-16,2.625,-0.0143
2025-12-17,2.662,0.0141
2025-12-18,2.643,-0.0070999999999999995
2025-12-19,2.655,0.0045000000000000005
2025-12-22,2.669,0.0053
2025-12-23,2.676,0.0026
2025-12-24,2.695,0.0070999999999999995
2025-12-25,2.697,0.0007000000000000001
2025-12-26,2.712,0.005600000000000001
2025-12-29,2.691,-0.0077
2025-12-30,2.702,0.0040999999999999995
2025-12-31,2.696,-0.0022
2026-01-05,2.732,0.0134
2026-01-06,2.761,0.0106
2026-01-07,2.76,-0.0004
2026-01-08,2.738,-0.008
2026-01-09,2.769,0.0113
2026-01-12,2.76,-0.0033
2026-01-13,2.762,0.0007000000000000001
2026-01-14,2.765,0.0011
2026-01-15,2.769,0.0014000000000000002
2026-01-16,2.785,0.0058
2026-01-19,2.809,0.0086
2026-01-20,2.802,-0.0025
2026-01-21,2.832,0.010700000000000001
2026-01-22,2.833,0.0004
2026-01-23,2.838,0.0018
2026-01-26,2.822,-0.005600000000000001
2026-01-27,2.816,-0.0021
2026-01-28,2.835,0.0067
2026-01-29,2.816,-0.0067
2026-01-30,2.781,-0.0124
2026-02-02,2.725,-0.020099999999999996
2026-02-03,2.781,0.0206
2026-02-04,2.825,0.0158
2026-02-05,2.797,-0.009899999999999999
2026-02-06,2.789,-0.0029
2026-02-09,2.828,0.013999999999999999
2026-02-10,2.856,0.009899999999999999
2026-02-11,2.877,0.0074
2026-02-12,2.903,0.009000000000000001
2026-02-13,2.843,-0.0207
2026-02-24,2.914,0.025
2026-02-25,2.919,0.0017000000000000001
2026-02-26,2.919,0.0
2026-02-27,2.903,-0.0055000000000000005
2026-03-02,2.91,0.0024
2026-03-03,2.851,-0.0203
2026-03-04,2.813,-0.013300000000000001
2026-03-05,2.854,0.0146
2026-03-06,2.874,0.006999999999999999
2026-03-09,2.833,-0.0143
2026-03-10,2.867,0.012
2026-03-11,2.881,0.0049
2026-03-12,2.873,-0.0028000000000000004
2026-03-13,2.86,-0.0045000000000000005
2026-03-16,2.841,-0.0066
2026-03-17,2.812,-0.0102
2026-03-18,2.815,0.0011
2026-03-19,2.761,-0.0192
2026-03-20,2.743,-0.006500000000000001
2026-03-23,2.667,-0.0277
2026-03-24,2.705,0.014199999999999999
2026-03-25,2.744,0.0144
2026-03-26,2.724,-0.0073
2026-03-27,2.752,0.0103
2026-03-30,2.744,-0.0029
2026-03-31,2.732,-0.0044
2026-04-01,2.784,0.019
2026-04-02,2.762,-0.0079
2026-04-03,2.738,-0.0087
2026-04-07,2.744,0.0022
2026-04-08,2.826,0.029900000000000003
2026-04-09,2.825,-0.0004
2026-04-10,2.859,0.012
2026-04-13,2.867,0.0028000000000000004
2026-04-14,2.893,0.0091
2026-04-15,2.886,-0.0024
2026-04-16,2.92,0.0118
2026-04-17,2.907,-0.0045000000000000005
2026-04-20,2.902,-0.0017000000000000001
2026-04-21,2.927,0.0086
2026-04-22,2.945,0.0060999999999999995
2026-04-23,2.95,0.0017000000000000001
2026-04-24,2.962,0.0040999999999999995
2026-04-27,2.97,0.0027
2026-04-28,2.992,0.0074
2026-04-29,3.045,0.0177
2026-04-30,3.038,-0.0023
2026-05-06,3.09,0.0171
2026-05-07,3.086,-0.0013
2026-05-08,3.048,-0.0123
2026-05-11,3.077,0.0095
2026-05-12,3.041,-0.011699999999999999
2026-05-13,3.059,0.0059
2026-05-14,3.004,-0.018000000000000002
2026-05-15,2.965,-0.013000000000000001
2026-05-18,2.933,-0.0108
2026-05-19,2.977,0.015
2026-05-20,2.975,-0.0007000000000000001
2026-05-21,2.965,-0.0034000000000000002
2026-05-22,3.031,0.0223
2026-05-25,3.024,-0.0023
2026-05-26,3.043,0.0063
2026-05-27,3.052,0.003
2026-05-28,3.078,0.0085
2026-05-29,3.052,-0.0084
2026-06-01,3.053,0.0003
2026-06-02,3.091,0.0124
2026-06-03,3.052,-0.0126
2026-06-04,3.045,-0.0023
2026-06-05,3.028,-0.005600000000000001
2026-06-08,2.964,-0.021099999999999997
2026-06-09,3.026,0.0209
2026-06-10,2.987,-0.0129
2026-06-11,2.98,-0.0023
2026-06-12,3.0,0.0067
2026-06-15,3.073,0.024300000000000002
2026-06-16,3.064,-0.0029
2026-06-17,3.089,0.008199999999999999
2026-06-18,3.07,-0.0062
2026-06-22,3.142,0.0235
2026-06-23,3.083,-0.018799999999999997
2026-06-24,3.11,0.0088
2026-06-25,3.168,0.018600000000000002
2026-06-26,3.107,-0.019299999999999998
2026-06-29,3.142,0.0113
2026-06-30,3.14,-0.0006
2026-07-01,3.177,0.0118
2026-07-02,3.116,-0.0192
2026-07-03,3.18,0.020499999999999997
2026-07-06,3.193,0.0040999999999999995
2026-07-07,3.156,-0.0116
2026-07-08,3.068,-0.0279
2026-07-09,3.09,0.0072
2026-07-10,3.043,-0.0152
2026-07-13,2.986,-0.0187
2026-07-14,3.026,0.0134
2026-07-15,3.047,0.0069
2026-07-16,3.0,-0.0154
2026-07-17,2.93,-0.0233
2026-07-20,2.955,0.0085
2026-07-21,2.998,0.0146
2026-07-22,2.996,-0.0007000000000000001
2026-07-23,3.038,0.013999999999999999
2026-07-24,2.97,-0.022400000000000003
2026-07-27,3.044,0.024900000000000002
2026-07-28,3.013,-0.0102
2026-07-29,3.09,0.0256
2026-07-30,3.104,0.0045000000000000005
2026-07-31,3.11,0.0019
2026-08-03,3.08,-0.0096
2026-08-04,3.086,0.0019
2026-08-05,3.131,0.0146
2026-08-06,3.118,-0.0042
2026-08-07,3.135,0.0055000000000000005
