date,nav,ret
2010-10-08,1.0,0.0
2010-10-15,1.003,0.003
2010-10-22,1.013,0.00997
2010-10-29,1.04,0.026654
2010-11-05,1.048,0.007692
2010-11-12,1.035,-0.012405
2010-11-18,1.04,0.004830999999999999
2010-11-19,1.073,0.031730999999999995
2010-11-22,1.081,0.007456000000000001
2010-11-23,1.078,-0.002775
2010-11-24,1.094,0.014842
2010-11-25,1.085,-0.008227
2010-11-26,1.085,0.0
2010-11-29,1.097,0.01106
2010-11-30,1.077,-0.018231999999999998
2010-12-01,1.073,-0.0037140000000000003
2010-12-02,1.071,-0.0018640000000000002
2010-12-03,1.062,-0.008403
2010-12-06,1.049,-0.012241
2010-12-07,1.065,0.015253000000000001
2010-12-08,1.063,-0.001878
2010-12-09,1.055,-0.007526000000000001
2010-12-10,1.063,0.0075829999999999995
2010-12-13,1.079,0.015052000000000001
2010-12-14,1.082,0.0027800000000000004
2010-12-15,1.078,-0.0036969999999999998
2010-12-16,1.082,0.003711
2010-12-17,1.082,0.0
2010-12-20,1.075,-0.00647
2010-12-21,1.076,0.0009299999999999999
2010-12-22,1.068,-0.007435000000000001
2010-12-23,1.029,-0.013108999999999999
2010-12-24,1.017,-0.011661999999999999
2010-12-27,0.997,-0.019666
2010-12-28,0.99,-0.0070209999999999995
2010-12-29,1.005,0.015152
2010-12-30,1.008,0.002985
2010-12-31,1.023,0.014881
2011-01-04,1.03,0.006843
2011-01-05,1.029,-0.0009710000000000001
2011-01-06,1.021,-0.007775
2011-01-07,1.014,-0.006856
2011-01-10,0.993,-0.020710000000000003
2011-01-11,0.983,-0.010069999999999999
2011-01-12,0.986,0.0030520000000000005
2011-01-13,0.989,0.003043
2011-01-14,0.975,-0.014156
2011-01-17,0.949,-0.026667
2011-01-18,0.952,0.0031609999999999997
2011-01-19,0.965,0.013654999999999999
2011-01-20,0.948,-0.017617
2011-01-21,0.952,0.004219
2011-01-24,0.933,-0.019958
2011-01-25,0.925,-0.008574
2011-01-26,0.936,0.011892
2011-01-27,0.946,0.010684
2011-01-28,0.956,0.010570999999999999
2011-01-31,0.961,0.00523
2011-02-01,0.963,0.002081
2011-02-09,0.96,-0.003115
2011-02-10,0.981,0.021875
2011-02-11,0.986,0.005097000000000001
2011-02-14,0.995,0.009127999999999999
2011-02-15,0.994,-0.001005
2011-02-16,1.001,0.0070420000000000005
2011-02-17,1.005,0.003996
2011-02-18,0.998,-0.006965
2011-02-21,1.014,0.016032
2011-02-22,0.998,-0.015779
2011-02-23,1.007,0.009018
2011-02-24,1.006,-0.000993
2011-02-25,1.001,-0.00497
2011-02-28,1.009,0.007992
2011-03-01,1.01,0.000991
2011-03-02,1.007,-0.00297
2011-03-03,0.991,-0.015889
2011-03-04,0.995,0.0040360000000000005
2011-03-07,1.0,0.005024999999999999
2011-03-08,1.002,0.002
2011-03-09,1.005,0.002994
2011-03-10,1.0,-0.004975
2011-03-11,0.997,-0.003
2011-03-14,1.001,0.004012
2011-03-15,0.999,-0.001998
2011-03-16,1.003,0.004004
2011-03-17,0.986,-0.016949000000000002
2011-03-18,0.988,0.0020280000000000003
2011-03-21,0.981,-0.007085
2011-03-22,0.981,0.0
2011-03-23,0.987,0.006116
2011-03-24,0.985,-0.002026
2011-03-25,0.986,0.001015
2011-03-28,0.972,-0.014199
2011-03-29,0.955,-0.017490000000000002
2011-03-30,0.949,-0.0062829999999999995
2011-03-31,0.946,-0.0031609999999999997
2011-04-01,0.952,0.0063419999999999995
2011-04-06,0.943,-0.009454
2011-04-07,0.949,0.006363
2011-04-08,0.962,0.013699
2011-04-11,0.951,-0.011434999999999999
2011-04-12,0.947,-0.004206
2011-04-13,0.956,0.009504
2011-04-14,0.954,-0.002092
2011-04-15,0.953,-0.001048
2011-04-18,0.954,0.001049
2011-04-19,0.953,-0.001048
2011-04-20,0.954,0.001049
2011-04-21,0.956,0.002096
2011-04-22,0.952,-0.004184
2011-04-25,0.941,-0.011555
2011-04-26,0.933,-0.008502
2011-04-27,0.927,-0.006431
2011-04-28,0.913,-0.015101999999999999
2011-04-29,0.919,0.006572
2011-05-03,0.927,0.008705000000000001
2011-05-04,0.915,-0.012945
2011-05-05,0.919,0.004372
2011-05-06,0.925,0.006529
2011-05-09,0.927,0.002162
2011-05-10,0.927,0.0
2011-05-11,0.927,0.0
2011-05-12,0.92,-0.0075509999999999996
2011-05-13,0.92,0.0
2011-05-16,0.915,-0.005435
2011-05-17,0.911,-0.004372
2011-05-18,0.914,0.003293
2011-05-19,0.915,0.001094
2011-05-20,0.916,0.001093
2011-05-23,0.902,-0.015283999999999999
2011-05-24,0.9,-0.0022170000000000002
2011-05-25,0.891,-0.01
2011-05-26,0.886,-0.005612000000000001
2011-05-27,0.879,-0.007901
2011-05-30,0.879,0.0
2011-05-31,0.885,0.006826
2011-06-01,0.892,0.00791
2011-06-02,0.886,-0.006725999999999999
2011-06-03,0.895,0.010158
2011-06-07,0.898,0.003352
2011-06-08,0.899,0.001114
2011-06-09,0.887,-0.013348
2011-06-10,0.888,0.001127
2011-06-13,0.887,-0.001126
2011-06-14,0.892,0.005637
2011-06-15,0.888,-0.004484
2011-06-16,0.878,-0.011261
2011-06-17,0.871,-0.007973000000000001
2011-06-20,0.861,-0.011480999999999998
2011-06-21,0.866,0.005807
2011-06-22,0.865,-0.001155
2011-06-23,0.873,0.009249
2011-06-24,0.883,0.011455
2011-06-27,0.892,0.010193
2011-06-28,0.894,0.002242
2011-06-29,0.888,-0.006711
2011-06-30,0.896,0.009009
2011-07-01,0.898,0.002232
2011-07-04,0.911,0.014477
2011-07-05,0.914,0.003293
2011-07-06,0.916,0.002188
2011-07-07,0.923,0.0076419999999999995
2011-07-08,0.922,-0.001083
2011-07-11,0.93,0.008677
2011-07-12,0.925,-0.005376
2011-07-13,0.937,0.012972999999999998
2011-07-14,0.937,0.0
2011-07-15,0.94,0.003202
2011-07-18,0.939,-0.0010639999999999998
2011-07-19,0.929,-0.01065
2011-07-20,0.931,0.002153
2011-07-21,0.928,-0.003222
2011-07-22,0.93,0.002155
2011-07-25,0.908,-0.023656
2011-07-26,0.911,0.003304
2011-07-27,0.922,0.012075
2011-07-28,0.922,0.0
2011-07-29,0.917,-0.005423
2011-08-01,0.917,0.0
2011-08-02,0.915,-0.0021809999999999998
2011-08-03,0.918,0.0032790000000000002
2011-08-04,0.921,0.0032679999999999996
2011-08-05,0.918,-0.003257
2011-08-08,0.902,-0.017429
2011-08-09,0.904,0.0022170000000000002
2011-08-10,0.915,0.012168000000000002
2011-08-11,0.932,0.018579000000000002
2011-08-12,0.935,0.003219
2011-08-15,0.937,0.0021390000000000003
2011-08-16,0.931,-0.006403
2011-08-17,0.928,-0.003222
2011-08-18,0.918,-0.010775999999999999
2011-08-19,0.918,0.0
2011-08-22,0.907,-0.011982999999999999
2011-08-23,0.915,0.00882
2011-08-24,0.916,0.001093
2011-08-25,0.926,0.010917
2011-08-26,0.929,0.0032400000000000003
2011-08-29,0.926,-0.003229
2011-08-30,0.918,-0.008639
2011-08-31,0.912,-0.006535999999999999
2011-09-01,0.905,-0.0076749999999999995
2011-09-02,0.898,-0.007735
2011-09-05,0.886,-0.013363
2011-09-06,0.879,-0.007901
2011-09-07,0.894,0.017065
2011-09-08,0.889,-0.005593
2011-09-09,0.884,-0.0056240000000000005
2011-09-13,0.872,-0.013574999999999999
2011-09-14,0.876,0.004587
2011-09-15,0.878,0.002283
2011-09-16,0.882,0.004556
2011-09-19,0.871,-0.012472
2011-09-20,0.873,0.002296
2011-09-21,0.889,0.018328
2011-09-22,0.872,-0.019123
2011-09-23,0.865,-0.008028
2011-09-26,0.855,-0.011560999999999998
2011-09-27,0.855,0.0
2011-09-28,0.846,-0.010526
2011-09-29,0.833,-0.015366
2011-09-30,0.833,0.0
2011-10-10,0.828,-0.0060019999999999995
2011-10-11,0.823,-0.006039
2011-10-12,0.841,0.021871
2011-10-13,0.852,0.013080000000000001
2011-10-14,0.85,-0.002347
2011-10-17,0.855,0.005881999999999999
2011-10-18,0.842,-0.015205
2011-10-19,0.836,-0.007126
2011-10-20,0.821,-0.017943
2011-10-21,0.814,-0.008526
2011-10-24,0.822,0.009828
2011-10-25,0.836,0.017032000000000002
2011-10-26,0.842,0.007177
2011-10-27,0.843,0.001188
2011-10-28,0.858,0.017794
2011-10-31,0.862,0.004662
2011-11-01,0.87,0.009281000000000001
2011-11-02,0.886,0.018391
2011-11-03,0.892,0.006772
2011-11-04,0.891,-0.001121
2011-11-07,0.887,-0.004489
2011-11-08,0.879,-0.009019000000000001
2011-11-09,0.893,0.015927
2011-11-10,0.891,-0.0022400000000000002
2011-11-11,0.887,-0.004489
2011-11-14,0.903,0.018038000000000002
2011-11-15,0.901,-0.002215
2011-11-16,0.886,-0.016648
2011-11-17,0.885,-0.001129
2011-11-18,0.871,-0.015819
2011-11-21,0.869,-0.002296
2011-11-22,0.87,0.001151
2011-11-23,0.87,0.0
2011-11-24,0.872,0.002299
2011-11-25,0.87,-0.002294
2011-11-28,0.876,0.0068969999999999995
2011-11-29,0.883,0.007991
2011-11-30,0.868,-0.016988
2011-12-01,0.873,0.0057599999999999995
2011-12-02,0.861,-0.013746000000000001
2011-12-05,0.844,-0.019743999999999998
2011-12-06,0.841,-0.003555
2011-12-07,0.844,0.0035670000000000003
2011-12-08,0.844,0.0
2011-12-09,0.836,-0.009479
2011-12-12,0.829,-0.008373
2011-12-13,0.817,-0.014475
2011-12-14,0.812,-0.00612
2011-12-15,0.804,-0.009852
2011-12-16,0.818,0.017413
2011-12-19,0.82,0.002445
2011-12-20,0.819,-0.00122
2011-12-21,0.806,-0.015872999999999998
2011-12-22,0.805,-0.001241
2011-12-23,0.808,0.003727
2011-12-26,0.804,-0.0049499999999999995
2011-12-27,0.792,-0.014924999999999999
2011-12-28,0.789,-0.003788
2011-12-29,0.792,0.003802
2011-12-30,0.805,0.016413999999999998
2011-12-31,0.805,0.0
2012-01-04,0.79,-0.018633999999999998
2012-01-05,0.769,-0.026581999999999998
2012-01-06,0.767,-0.002601
2012-01-09,0.781,0.018253
2012-01-10,0.798,0.021766999999999998
2012-01-11,0.797,-0.001253
2012-01-12,0.793,-0.005019
2012-01-13,0.773,-0.025221
2012-01-16,0.755,-0.023285999999999998
2012-01-17,0.774,0.025166
2012-01-18,0.759,-0.019379999999999998
2012-01-19,0.767,0.01054
2012-01-20,0.782,0.019557
2012-01-30,0.775,-0.008951
2012-01-31,0.774,-0.0012900000000000001
2012-02-01,0.77,-0.005168000000000001
2012-02-02,0.781,0.014286
2012-02-03,0.791,0.012804
2012-02-06,0.794,0.0037930000000000004
2012-02-07,0.787,-0.008816000000000001
2012-02-08,0.798,0.013977
2012-02-09,0.799,0.001253
2012-02-10,0.799,0.0
2012-02-13,0.804,0.0062580000000000005
2012-02-14,0.803,-0.0012439999999999999
2012-02-15,0.808,0.006227
2012-02-16,0.807,-0.001238
2012-02-17,0.805,-0.0024779999999999997
2012-02-20,0.806,0.001242
2012-02-21,0.81,0.004963
2012-02-22,0.821,0.013580000000000002
2012-02-23,0.824,0.003654
2012-02-24,0.832,0.009709
2012-02-27,0.835,0.003606
2012-02-28,0.833,-0.002395
2012-02-29,0.826,-0.008403
2012-03-01,0.828,0.002421
2012-03-02,0.841,0.015700000000000002
2012-03-05,0.839,-0.002378
2012-03-06,0.83,-0.010727
2012-03-07,0.825,-0.006024000000000001
2012-03-08,0.833,0.009697
2012-03-09,0.842,0.010804000000000001
2012-03-12,0.842,0.0
2012-03-13,0.847,0.005938
2012-03-14,0.827,-0.023613
2012-03-15,0.826,-0.001209
2012-03-16,0.837,0.013317
2012-03-19,0.84,0.003584
2012-03-20,0.827,-0.015476
2012-03-21,0.825,-0.002418
2012-03-22,0.824,-0.001212
2012-03-23,0.819,-0.0060680000000000005
2012-03-26,0.819,0.0
2012-03-27,0.814,-0.006105
2012-03-28,0.798,-0.019656
2012-03-29,0.792,-0.0075190000000000005
2012-03-30,0.792,0.0
2012-03-31,0.792,0.0
2012-04-05,0.806,0.017677000000000002
2012-04-06,0.808,0.0024809999999999997
2012-04-09,0.802,-0.007426
2012-04-10,0.807,0.006234
2012-04-11,0.806,-0.0012389999999999999
2012-04-12,0.814,0.009926
2012-04-13,0.816,0.002457
2012-04-16,0.814,-0.002451
2012-04-17,0.806,-0.009828
2012-04-18,0.817,0.013648
2012-04-19,0.816,-0.001224
2012-04-20,0.822,0.007352999999999999
2012-04-23,0.813,-0.010949
2012-04-24,0.811,-0.00246
2012-04-25,0.815,0.004932000000000001
2012-04-26,0.815,0.0
2012-04-27,0.814,-0.001227
2012-05-02,0.823,0.011056999999999999
2012-05-03,0.827,0.00486
2012-05-04,0.834,0.008464000000000001
2012-05-07,0.838,0.004796
2012-05-08,0.835,-0.00358
2012-05-09,0.823,-0.014371
2012-05-10,0.822,-0.001215
2012-05-11,0.82,-0.002433
2012-05-14,0.815,-0.006098
2012-05-15,0.815,0.0
2012-05-16,0.806,-0.011043
2012-05-17,0.815,0.011166
2012-05-18,0.807,-0.009816
2012-05-21,0.808,0.0012389999999999999
2012-05-22,0.817,0.011139
2012-05-23,0.814,-0.0036720000000000004
2012-05-24,0.807,-0.0086
2012-05-25,0.799,-0.009913
2012-05-28,0.809,0.012516000000000001
2012-05-29,0.818,0.011125000000000001
2012-05-30,0.82,0.002445
2012-05-31,0.821,0.00122
2012-06-01,0.82,-0.0012180000000000001
2012-06-04,0.803,-0.020732
2012-06-05,0.8,-0.0037359999999999997
2012-06-06,0.798,-0.0025
2012-06-07,0.797,-0.001253
2012-06-08,0.794,-0.003764
2012-06-11,0.81,0.020151
2012-06-12,0.809,-0.001235
2012-06-13,0.821,0.014833
2012-06-14,0.822,0.0012180000000000001
2012-06-15,0.819,-0.00365
2012-06-18,0.826,0.008547
2012-06-19,0.821,-0.006052999999999999
2012-06-20,0.819,-0.0024360000000000002
2012-06-21,0.808,-0.013431
2012-06-25,0.793,-0.018564
2012-06-26,0.795,0.002522
2012-06-27,0.799,0.005031
2012-06-28,0.795,-0.005006
2012-06-29,0.808,0.016352
2012-06-30,0.808,0.0
2012-07-02,0.819,0.013614
2012-07-03,0.82,0.001221
2012-07-04,0.815,-0.006098
2012-07-05,0.808,-0.008589
2012-07-06,0.82,0.014851000000000001
2012-07-09,0.808,-0.014634000000000001
2012-07-10,0.802,-0.007426
2012-07-11,0.806,0.004988
2012-07-12,0.817,0.013648
2012-07-13,0.814,-0.0036720000000000004
2012-07-16,0.798,-0.019656
2012-07-17,0.799,0.001253
2012-07-18,0.798,-0.001252
2012-07-19,0.803,0.006266000000000001
2012-07-20,0.796,-0.008717
2012-07-23,0.792,-0.005024999999999999
2012-07-24,0.797,0.006313
2012-07-25,0.794,-0.003764
2012-07-26,0.791,-0.003778
2012-07-27,0.786,-0.006321
2012-07-30,0.777,-0.01145
2012-07-31,0.771,-0.007722
2012-08-01,0.777,0.007782
2012-08-02,0.774,-0.003861
2012-08-03,0.782,0.010336000000000001
2012-08-06,0.793,0.014066
2012-08-07,0.793,0.0
2012-08-08,0.79,-0.0037830000000000003
2012-08-09,0.797,0.008861
2012-08-10,0.796,-0.001255
2012-08-13,0.785,-0.013819
2012-08-14,0.786,0.0012740000000000002
2012-08-15,0.784,-0.002545
2012-08-16,0.781,-0.0038269999999999997
2012-08-17,0.778,-0.003841
2012-08-20,0.777,-0.0012850000000000001
2012-08-21,0.784,0.009009
2012-08-22,0.781,-0.0038269999999999997
2012-08-23,0.783,0.002561
2012-08-24,0.773,-0.012771
2012-08-27,0.763,-0.012937
2012-08-28,0.767,0.005242
2012-08-29,0.765,-0.0026079999999999996
2012-08-30,0.756,-0.011765000000000001
2012-08-31,0.756,0.0
2012-09-03,0.767,0.01455
2012-09-04,0.765,-0.0026079999999999996
2012-09-05,0.768,0.003922
2012-09-06,0.77,0.0026040000000000004
2012-09-07,0.787,0.022078
2012-09-10,0.789,0.002541
2012-09-11,0.787,-0.002535
2012-09-12,0.788,0.001271
2012-09-13,0.783,-0.006345
2012-09-14,0.78,-0.0038309999999999998
2012-09-17,0.767,-0.016667
2012-09-18,0.767,0.0
2012-09-19,0.767,0.0
2012-09-20,0.755,-0.015645
2012-09-21,0.754,-0.001325
2012-09-24,0.758,0.005305
2012-09-25,0.753,-0.006595999999999999
2012-09-26,0.745,-0.010624
2012-09-27,0.753,0.010738000000000001
2012-09-28,0.759,0.007968
2012-09-30,0.759,0.0
2012-10-08,0.758,-0.001318
2012-10-09,0.768,0.013193
2012-10-10,0.77,0.0026040000000000004
2012-10-11,0.763,-0.009091
2012-10-12,0.761,-0.002621
2012-10-15,0.757,-0.005255999999999999
2012-10-16,0.759,0.002642
2012-10-17,0.757,-0.002635
2012-10-18,0.764,0.009247
2012-10-19,0.764,0.0
2012-10-22,0.766,0.0026179999999999997
2012-10-23,0.761,-0.006527
2012-10-24,0.759,-0.0026279999999999997
2012-10-25,0.753,-0.007905
2012-10-26,0.747,-0.007968
2012-10-29,0.744,-0.0040160000000000005
2012-10-30,0.745,0.001344
2012-10-31,0.746,0.001342
2012-11-01,0.753,0.009383
2012-11-02,0.752,-0.001328
2012-11-05,0.748,-0.005319000000000001
2012-11-06,0.747,-0.001337
2012-11-07,0.746,-0.001339
2012-11-08,0.739,-0.009383
2012-11-09,0.737,-0.002706
2012-11-12,0.74,0.004071
2012-11-13,0.735,-0.006757
2012-11-14,0.736,0.001361
2012-11-15,0.73,-0.008152
2012-11-16,0.727,-0.00411
2012-11-19,0.726,-0.001376
2012-11-20,0.725,-0.001377
2012-11-21,0.728,0.004138
2012-11-22,0.725,-0.0041210000000000005
2012-11-23,0.725,0.0
2012-11-26,0.721,-0.005516999999999999
2012-11-27,0.712,-0.012483
2012-11-28,0.708,-0.005618
2012-11-29,0.707,-0.0014119999999999998
2012-11-30,0.713,0.008487
2012-12-03,0.706,-0.009818
2012-12-04,0.71,0.005666
2012-12-05,0.723,0.01831
2012-12-06,0.722,-0.0013830000000000001
2012-12-07,0.732,0.01385
2012-12-10,0.736,0.005464
2012-12-11,0.731,-0.006793
2012-12-12,0.731,0.0
2012-12-13,0.727,-0.005472
2012-12-14,0.751,0.033012
2012-12-17,0.75,-0.001332
2012-12-18,0.746,-0.005333
2012-12-19,0.748,0.0026810000000000002
2012-12-20,0.753,0.006684
2012-12-21,0.752,-0.001328
2012-12-24,0.755,0.0039889999999999995
2012-12-25,0.77,0.019868
2012-12-26,0.774,0.005195
2012-12-27,0.766,-0.010336000000000001
2012-12-28,0.771,0.006527
2012-12-31,0.781,0.012969999999999999
2013-01-04,0.78,-0.00128
2013-01-07,0.783,0.003846
2013-01-08,0.786,0.0038309999999999998
2013-01-09,0.79,0.005089
2013-01-10,0.792,0.002532
2013-01-11,0.778,-0.017677000000000002
2013-01-14,0.799,0.026992
2013-01-15,0.809,0.012516000000000001
2013-01-16,0.806,-0.0037080000000000004
2013-01-17,0.8,-0.007443999999999999
2013-01-18,0.808,0.01
2013-01-21,0.813,0.006188
2013-01-22,0.803,-0.0123
2013-01-23,0.802,-0.001245
2013-01-24,0.792,-0.012469
2013-01-25,0.794,0.002525
2013-01-28,0.814,0.025189
2013-01-29,0.819,0.006142999999999999
2013-01-30,0.818,-0.001221
2013-01-31,0.817,-0.001222
2013-02-01,0.834,0.020808
2013-02-04,0.833,-0.001199
2013-02-05,0.839,0.007203
2013-02-06,0.841,0.002384
2013-02-07,0.84,-0.001189
2013-02-08,0.846,0.007143
2013-02-18,0.845,-0.0011819999999999999
2013-02-19,0.828,-0.020118
2013-02-20,0.842,0.016908
2013-02-21,0.819,-0.027315999999999997
2013-02-22,0.812,-0.008547
2013-02-25,0.821,0.011084
2013-02-26,0.812,-0.010962000000000001
2013-02-27,0.814,0.002463
2013-02-28,0.836,0.027027000000000002
2013-03-01,0.841,0.005980999999999999
2013-03-04,0.814,-0.032105
2013-03-05,0.835,0.025799
2013-03-06,0.841,0.0071860000000000005
2013-03-07,0.827,-0.016647000000000002
2013-03-08,0.821,-0.007255
2013-03-11,0.821,0.0
2013-03-12,0.808,-0.015834
2013-03-13,0.802,-0.007426
2013-03-14,0.809,0.008728
2013-03-15,0.811,0.0024720000000000002
2013-03-18,0.805,-0.007398
2013-03-19,0.806,0.001242
2013-03-20,0.829,0.028536000000000002
2013-03-21,0.835,0.007238
2013-03-22,0.837,0.002395
2013-03-25,0.835,-0.002389
2013-03-26,0.831,-0.00479
2013-03-27,0.836,0.006017
2013-03-28,0.815,-0.02512
2013-03-29,0.811,-0.004908
2013-04-01,0.811,0.0
2013-04-02,0.801,-0.01233
2013-04-03,0.798,-0.003745
2013-04-08,0.803,0.006266000000000001
2013-04-09,0.806,0.0037359999999999997
2013-04-10,0.805,-0.001241
2013-04-11,0.81,0.0062109999999999995
2013-04-12,0.806,-0.0049380000000000005
2013-04-15,0.802,-0.004963
2013-04-16,0.807,0.006234
2013-04-17,0.812,0.006196
2013-04-18,0.812,0.0
2013-04-19,0.827,0.018473
2013-04-22,0.836,0.010883
2013-04-23,0.821,-0.017943
2013-04-24,0.833,0.014616
2013-04-25,0.826,-0.008403
2013-04-26,0.819,-0.008475
2013-05-02,0.827,0.009768
2013-05-03,0.838,0.013301
2013-05-06,0.847,0.010740000000000001
2013-05-07,0.843,-0.004723
2013-05-08,0.848,0.005931
2013-05-09,0.847,-0.0011790000000000001
2013-05-10,0.847,0.0
2013-05-13,0.847,0.0
2013-05-14,0.838,-0.010626
2013-05-15,0.847,0.010740000000000001
2013-05-16,0.856,0.010626
2013-05-17,0.865,0.010513999999999999
2013-05-20,0.866,0.001156
2013-05-21,0.87,0.004619
2013-05-22,0.865,-0.0057469999999999995
2013-05-23,0.863,-0.002312
2013-05-24,0.875,0.013905
2013-05-27,0.881,0.006856999999999999
2013-05-28,0.88,-0.001135
2013-05-29,0.888,0.009091
2013-05-30,0.888,0.0
2013-05-31,0.879,-0.010135
2013-06-03,0.873,-0.006826
2013-06-04,0.86,-0.014891000000000001
2013-06-05,0.864,0.004651
2013-06-06,0.858,-0.0069440000000000005
2013-06-07,0.852,-0.006993
2013-06-13,0.838,-0.016432
2013-06-14,0.849,0.013126
2013-06-17,0.849,0.0
2013-06-18,0.852,0.003534
2013-06-19,0.848,-0.0046949999999999995
2013-06-20,0.833,-0.017689
2013-06-21,0.83,-0.0036009999999999996
2013-06-24,0.808,-0.026506
2013-06-25,0.81,0.0024749999999999998
2013-06-26,0.827,0.020988000000000003
2013-06-27,0.821,-0.007255
2013-06-28,0.826,0.00609
2013-06-30,0.826,0.0
2013-07-01,0.835,0.010896
2013-07-02,0.842,0.008383
2013-07-03,0.841,-0.001188
2013-07-04,0.839,-0.002378
2013-07-05,0.836,-0.0035759999999999998
2013-07-08,0.824,-0.014354
2013-07-09,0.824,0.0
2013-07-10,0.834,0.012136000000000001
2013-07-11,0.845,0.013189
2013-07-12,0.843,-0.0023669999999999997
2013-07-15,0.853,0.011862
2013-07-16,0.858,0.005862000000000001
2013-07-17,0.847,-0.012821
2013-07-18,0.844,-0.003542
2013-07-19,0.836,-0.009479
2013-07-22,0.843,0.008373
2013-07-23,0.854,0.013049
2013-07-24,0.854,0.0
2013-07-25,0.843,-0.012881
2013-07-26,0.84,-0.003559
2013-07-29,0.834,-0.007143
2013-07-30,0.831,-0.0035970000000000004
2013-07-31,0.833,0.002407
2013-08-01,0.845,0.014406
2013-08-02,0.846,0.001183
2013-08-05,0.857,0.013002
2013-08-06,0.86,0.003501
2013-08-07,0.855,-0.005814000000000001
2013-08-08,0.852,-0.003509
2013-08-09,0.855,0.0035210000000000003
2013-08-12,0.86,0.005848
2013-08-13,0.86,0.0
2013-08-14,0.857,-0.0034879999999999998
2013-08-15,0.85,-0.008168
2013-08-16,0.842,-0.009412
2013-08-19,0.849,0.008314
2013-08-20,0.846,-0.003534
2013-08-21,0.845,-0.0011819999999999999
2013-08-22,0.845,0.0
2013-08-23,0.842,-0.0035499999999999998
2013-08-26,0.853,0.013064
2013-08-27,0.852,-0.001172
2013-08-28,0.841,-0.012910999999999999
2013-08-29,0.838,-0.0035670000000000003
2013-08-30,0.832,-0.00716
2013-09-02,0.838,0.007212
2013-09-03,0.848,0.011933000000000001
2013-09-04,0.849,0.0011790000000000001
2013-09-05,0.85,0.001178
2013-09-06,0.848,-0.002353
2013-09-09,0.856,0.009434
2013-09-10,0.861,0.005841
2013-09-11,0.856,-0.005807
2013-09-12,0.858,0.002336
2013-09-13,0.865,0.008159
2013-09-16,0.869,0.004624
2013-09-17,0.859,-0.011507
2013-09-18,0.86,0.001164
2013-09-23,0.873,0.015116000000000001
2013-09-24,0.874,0.001145
2013-09-25,0.869,-0.005721
2013-09-26,0.863,-0.006904
2013-09-27,0.867,0.004635
2013-09-30,0.874,0.008074
2013-10-08,0.884,0.011442
2013-10-09,0.889,0.005656
2013-10-10,0.888,-0.0011250000000000001
2013-10-11,0.901,0.01464
2013-10-14,0.907,0.006659000000000001
2013-10-15,0.9,-0.007718
2013-10-16,0.882,-0.02
2013-10-17,0.881,-0.001134
2013-10-18,0.882,0.001135
2013-10-21,0.91,0.031745999999999996
2013-10-22,0.904,-0.006593
2013-10-23,0.882,-0.024336000000000003
2013-10-24,0.88,-0.002268
2013-10-25,0.866,-0.015909
2013-10-28,0.87,0.004619
2013-10-29,0.861,-0.010345
2013-10-30,0.875,0.01626
2013-10-31,0.858,-0.019429000000000002
2013-11-01,0.859,0.001166
2013-11-04,0.86,0.001164
2013-11-05,0.863,0.0034879999999999998
2013-11-06,0.855,-0.00927
2013-11-07,0.841,-0.016374
2013-11-08,0.832,-0.010702
2013-11-11,0.84,0.009615
2013-11-12,0.844,0.004762
2013-11-13,0.832,-0.014218
2013-11-14,0.84,0.009615
2013-11-15,0.85,0.011904999999999999
2013-11-18,0.863,0.015294
2013-11-19,0.862,-0.001159
2013-11-20,0.86,-0.00232
2013-11-21,0.857,-0.0034879999999999998
2013-11-22,0.851,-0.007000999999999999
2013-11-25,0.85,-0.0011749999999999998
2013-11-26,0.855,0.005881999999999999
2013-11-27,0.857,0.002339
2013-11-28,0.865,0.009335
2013-11-29,0.87,0.0057799999999999995
2013-12-02,0.835,-0.040229999999999995
2013-12-03,0.85,0.017964
2013-12-04,0.858,0.009412
2013-12-05,0.846,-0.013986
2013-12-06,0.841,-0.0059099999999999995
2013-12-09,0.846,0.005945000000000001
2013-12-10,0.848,0.0023639999999999998
2013-12-11,0.842,-0.0070750000000000006
2013-12-12,0.851,0.010688999999999999
2013-12-13,0.857,0.007050999999999999
2013-12-16,0.849,-0.009335
2013-12-17,0.846,-0.003534
2013-12-18,0.848,0.0023639999999999998
2013-12-19,0.845,-0.003538
2013-12-20,0.836,-0.010650999999999999
2013-12-23,0.836,0.0
2013-12-24,0.849,0.01555
2013-12-25,0.87,0.024735
2013-12-26,0.861,-0.010345
2013-12-27,0.872,0.012776000000000001
2013-12-30,0.882,0.011468
2013-12-31,0.893,0.012472
2014-01-02,0.9,0.007839
2014-01-03,0.908,0.008889000000000001
2014-01-06,0.889,-0.020925
2014-01-07,0.895,0.006749000000000001
2014-01-08,0.911,0.017877
2014-01-09,0.901,-0.010976999999999999
2014-01-10,0.886,-0.016648
2014-01-13,0.882,-0.004515
2014-01-14,0.901,0.021542
2014-01-15,0.919,0.019978
2014-01-16,0.919,0.0
2014-01-17,0.911,-0.008705000000000001
2014-01-20,0.894,-0.018661
2014-01-21,0.911,0.019015999999999998
2014-01-22,0.932,0.023052000000000003
2014-01-23,0.943,0.011803
2014-01-24,0.958,0.015907
2014-01-27,0.953,-0.0052190000000000005
2014-01-28,0.953,0.0
2014-01-29,0.957,0.004197
2014-01-30,0.958,0.001045
2014-02-07,0.976,0.018789
2014-02-10,1.002,0.026639
2014-02-11,1.001,-0.000998
2014-02-12,1.015,0.013986
2014-02-13,0.994,-0.02069
2014-02-14,1.023,0.029175
2014-02-17,1.053,0.029325999999999998
2014-02-18,1.042,-0.010446
2014-02-19,1.032,-0.009597
2014-02-20,1.018,-0.013566
2014-02-21,1.016,-0.001965
2014-02-24,1.015,-0.000984
2014-02-25,0.984,-0.030542
2014-02-26,0.995,0.011179
2014-02-27,0.981,-0.014070000000000001
2014-02-28,0.991,0.010194000000000002
2014-03-03,1.009,0.018163
2014-03-04,0.997,-0.011893
2014-03-05,0.998,0.001003
2014-03-06,1.0,0.002004
2014-03-07,0.989,-0.011000000000000001
2014-03-10,0.949,-0.040445
2014-03-11,0.938,-0.011591
2014-03-12,0.936,-0.002132
2014-03-13,0.953,0.018162
2014-03-14,0.949,-0.004197
2014-03-17,0.969,0.021075
2014-03-18,0.981,0.012384
2014-03-19,0.968,-0.013252
2014-03-20,0.937,-0.032025
2014-03-21,0.951,0.014941
2014-03-24,0.944,-0.0073609999999999995
2014-03-25,0.944,0.0
2014-03-26,0.956,0.012712000000000001
2014-03-27,0.937,-0.019874
2014-03-28,0.916,-0.022412
2014-03-31,0.916,0.0
2014-04-01,0.933,0.018559000000000003
2014-04-02,0.92,-0.013934
2014-04-03,0.916,-0.004348
2014-04-04,0.927,0.012009
2014-04-08,0.937,0.010787
2014-04-09,0.946,0.009605
2014-04-10,0.953,0.0074
2014-04-11,0.939,-0.014690000000000002
2014-04-14,0.943,0.00426
2014-04-15,0.936,-0.007423
2014-04-16,0.932,-0.004274
2014-04-17,0.928,-0.004292000000000001
2014-04-18,0.933,0.0053879999999999996
2014-04-21,0.927,-0.006431
2014-04-22,0.92,-0.0075509999999999996
2014-04-23,0.918,-0.002174
2014-04-24,0.91,-0.008715
2014-04-25,0.896,-0.015385
2014-04-28,0.878,-0.020089000000000003
2014-04-29,0.893,0.017084
2014-04-30,0.9,0.007839
2014-05-05,0.905,0.005556
2014-05-06,0.906,0.001105
2014-05-07,0.891,-0.016556
2014-05-08,0.884,-0.007856
2014-05-09,0.879,-0.005656
2014-05-12,0.892,0.014790000000000001
2014-05-13,0.89,-0.002242
2014-05-14,0.889,-0.001124
2014-05-15,0.879,-0.011249
2014-05-16,0.876,-0.003413
2014-05-19,0.871,-0.0057079999999999995
2014-05-20,0.872,0.001148
2014-05-21,0.882,0.011468
2014-05-22,0.887,0.0056689999999999996
2014-05-23,0.897,0.011274
2014-05-26,0.907,0.011148
2014-05-27,0.904,-0.0033079999999999997
2014-05-28,0.917,0.014381
2014-05-29,0.91,-0.007633999999999999
2014-05-30,0.908,-0.002198
2014-06-03,0.902,-0.006608
2014-06-04,0.897,-0.005543
2014-06-05,0.907,0.011148
2014-06-06,0.906,-0.001103
2014-06-09,0.902,-0.004415
2014-06-10,0.915,0.014412000000000001
2014-06-11,0.921,0.0065569999999999995
2014-06-12,0.921,0.0
2014-06-13,0.929,0.008686000000000001
2014-06-16,0.939,0.010764000000000001
2014-06-17,0.931,-0.00852
2014-06-18,0.922,-0.009667
2014-06-19,0.903,-0.020607
2014-06-20,0.908,0.005536999999999999
2014-06-23,0.916,0.008811
2014-06-24,0.924,0.008733999999999999
2014-06-25,0.92,-0.004329
2014-06-26,0.925,0.005435
2014-06-27,0.929,0.004324
2014-06-30,0.944,0.016146
2014-07-01,0.953,0.009534
2014-07-02,0.958,0.005247000000000001
2014-07-03,0.964,0.0062629999999999995
2014-07-04,0.958,-0.0062239999999999995
2014-07-07,0.953,-0.0052190000000000005
2014-07-08,0.964,0.011541999999999998
2014-07-09,0.946,-0.018672
2014-07-10,0.94,-0.0063419999999999995
2014-07-11,0.941,0.0010639999999999998
2014-07-14,0.954,0.013815
2014-07-15,0.947,-0.007338
2014-07-16,0.935,-0.012672000000000001
2014-07-17,0.929,-0.006417000000000001
2014-07-18,0.93,0.001076
2014-07-21,0.932,0.002151
2014-07-22,0.946,0.015021
2014-07-23,0.936,-0.010570999999999999
2014-07-24,0.933,-0.003205
2014-07-25,0.946,0.013934
2014-07-28,0.96,0.014799
2014-07-29,0.966,0.00625
2014-07-30,0.969,0.003106
2014-07-31,0.975,0.006192
2014-08-01,0.966,-0.009231
2014-08-04,0.979,0.013458000000000001
2014-08-05,0.984,0.005107
2014-08-06,0.985,0.001016
2014-08-07,0.982,-0.0030459999999999997
2014-08-08,0.985,0.003055
2014-08-11,0.997,0.012183
2014-08-12,0.995,-0.002006
2014-08-13,0.992,-0.003015
2014-08-14,0.992,0.0
2014-08-15,0.999,0.007056
2014-08-18,1.009,0.010009999999999998
2014-08-19,1.011,0.001982
2014-08-20,1.009,-0.001978
2014-08-21,1.011,0.001982
2014-08-22,1.018,0.0069240000000000005
2014-08-25,1.012,-0.005894
2014-08-26,1.001,-0.01087
2014-08-27,1.007,0.005994
2014-08-28,0.999,-0.007944
2014-08-29,1.011,0.012012
2014-09-01,1.029,0.017804
2014-09-02,1.039,0.009718
2014-09-03,1.052,0.012512
2014-09-04,1.057,0.004753
2014-09-05,1.062,0.00473
2014-09-09,1.065,0.002825
2014-09-10,1.066,0.000939
2014-09-11,1.07,0.0037519999999999997
2014-09-12,1.076,0.005607
2014-09-15,1.074,-0.0018590000000000002
2014-09-16,1.043,-0.028864
2014-09-17,1.042,-0.000959
2014-09-18,1.054,0.011516
2014-09-19,1.06,0.005693
2014-09-22,1.05,-0.009434
2014-09-23,1.065,0.014286
2014-09-24,1.075,0.009389999999999999
2014-09-25,1.087,0.011163000000000001
2014-09-26,1.087,0.0
2014-09-29,1.096,0.00828
2014-09-30,1.096,0.0
2014-10-08,1.106,0.009124
2014-10-09,1.102,-0.0036170000000000004
2014-10-10,1.095,-0.006352
2014-10-13,1.086,-0.008218999999999999
2014-10-14,1.078,-0.007366
2014-10-15,1.08,0.0018549999999999999
2014-10-16,1.081,0.0009260000000000001
2014-10-17,1.075,-0.00555
2014-10-20,1.087,0.011163000000000001
2014-10-21,1.079,-0.00736
2014-10-22,1.076,-0.0027800000000000004
2014-10-23,1.052,-0.022305000000000002
2014-10-24,1.052,0.0
2014-10-27,1.072,0.019011
2014-10-28,1.097,0.023321
2014-10-29,1.107,0.009115999999999999
2014-10-30,1.104,-0.00271
2014-10-31,1.098,-0.005435
2014-11-03,1.105,0.006375
2014-11-04,1.099,-0.005430000000000001
2014-11-05,1.104,0.00455
2014-11-06,1.119,0.013587
2014-11-07,1.115,-0.003575
2014-11-10,1.118,0.0026910000000000002
2014-11-11,1.093,-0.022361
2014-11-12,1.113,0.018298000000000002
2014-11-13,1.087,-0.02336
2014-11-14,1.083,-0.00368
2014-11-17,1.107,0.022161
2014-11-18,1.124,0.015357
2014-11-19,1.122,-0.001779
2014-11-20,1.129,0.006239
2014-11-21,1.147,0.015943
2014-11-24,1.156,0.007847
2014-11-25,1.172,0.013841000000000001
2014-11-26,1.185,0.011092
2014-11-27,1.195,0.008439
2014-11-28,1.203,0.0066949999999999996
2014-12-01,1.195,-0.0066500000000000005
2014-12-02,1.221,0.021757
2014-12-03,1.224,0.002457
2014-12-04,1.25,0.021242
2014-12-05,1.22,-0.024
2014-12-08,1.213,-0.005738
2014-12-09,1.145,-0.056059
2014-12-10,1.172,0.023580999999999998
2014-12-11,1.169,-0.00256
2014-12-12,1.194,0.021386
2014-12-15,1.225,0.025963
2014-12-16,1.23,0.004082
2014-12-17,1.23,0.0
2014-12-18,1.229,-0.0008129999999999999
2014-12-19,1.201,-0.022783
2014-12-22,1.147,-0.044962999999999996
2014-12-23,1.12,-0.023540000000000002
2014-12-24,1.129,0.008036
2014-12-25,1.152,0.020371999999999998
2014-12-26,1.162,0.008681
2014-12-29,1.144,-0.015491
2014-12-30,1.121,-0.020104999999999998
2014-12-31,1.134,0.011597
2015-01-05,1.144,0.008818
2015-01-06,1.146,0.0017480000000000002
2015-01-07,1.148,0.0017449999999999998
2015-01-08,1.137,-0.009582
2015-01-09,1.133,-0.003518
2015-01-12,1.12,-0.011474
2015-01-13,1.134,0.0125
2015-01-14,1.14,0.0052910000000000006
2015-01-15,1.15,0.008772
2015-01-16,1.166,0.013913
2015-01-19,1.124,-0.036021
2015-01-20,1.157,0.029359000000000003
2015-01-21,1.181,0.020743
2015-01-22,1.191,0.008467
2015-01-23,1.175,-0.013434
2015-01-26,1.196,0.017872
2015-01-27,1.209,0.01087
2015-01-28,1.19,-0.015715
2015-01-29,1.181,-0.007562999999999999
2015-01-30,1.163,-0.015241
2015-02-02,1.147,-0.013758
2015-02-03,1.163,0.013949
2015-02-04,1.159,-0.0034389999999999998
2015-02-05,1.159,0.0
2015-02-06,1.144,-0.012942
2015-02-09,1.126,-0.015733999999999998
2015-02-10,1.146,0.017762
2015-02-11,1.155,0.007853
2015-02-12,1.174,0.01645
2015-02-13,1.188,0.011924999999999998
2015-02-16,1.212,0.020202
2015-02-17,1.219,0.005776
2015-02-25,1.208,-0.009023999999999999
2015-02-26,1.209,0.000828
2015-02-27,1.224,0.012407
2015-03-02,1.25,0.021242
2015-03-03,1.241,-0.0072
2015-03-04,1.273,0.025785999999999996
2015-03-05,1.28,0.005499
2015-03-06,1.246,-0.026563
2015-03-09,1.257,0.008828
2015-03-10,1.275,0.01432
2015-03-11,1.281,0.004706
2015-03-12,1.258,-0.017955000000000002
2015-03-13,1.281,0.018283
2015-03-16,1.314,0.025761
2015-03-17,1.323,0.006848999999999999
2015-03-18,1.352,0.021920000000000002
2015-03-19,1.355,0.002219
2015-03-20,1.364,0.006642
2015-03-23,1.405,0.030059
2015-03-24,1.433,0.019929
2015-03-25,1.455,0.015352
2015-03-26,1.408,-0.032302
2015-03-27,1.425,0.012074
2015-03-30,1.431,0.0042109999999999995
2015-03-31,1.438,0.0048920000000000005
2015-04-01,1.467,0.020167
2015-04-02,1.487,0.013633
2015-04-03,1.513,0.017485
2015-04-07,1.526,0.008591999999999999
2015-04-08,1.517,-0.005898
2015-04-09,1.503,-0.009229000000000001
2015-04-10,1.522,0.012641
2015-04-13,1.541,0.012484
2015-04-14,1.551,0.006489
2015-04-15,1.519,-0.020632
2015-04-16,1.546,0.017775
2015-04-17,1.541,-0.0032340000000000003
2015-04-20,1.497,-0.028553000000000002
2015-04-21,1.549,0.034735999999999996
2015-04-22,1.595,0.029697
2015-04-23,1.617,0.013793
2015-04-24,1.607,-0.006183999999999999
2015-04-27,1.6,-0.004356
2015-04-28,1.561,-0.024375
2015-04-29,1.598,0.023703
2015-04-30,1.626,0.017522
2015-05-04,1.654,0.01722
2015-05-05,1.631,-0.013906
2015-05-06,1.645,0.008584000000000001
2015-05-07,1.656,0.006686999999999999
2015-05-08,1.702,0.027778
2015-05-11,1.763,0.035840000000000004
2015-05-12,1.803,0.022689
2015-05-13,1.802,-0.000555
2015-05-14,1.785,-0.009434
2015-05-15,1.78,-0.002801
2015-05-18,1.807,0.015168999999999998
2015-05-19,1.834,0.014942
2015-05-20,1.88,0.025082
2015-05-21,1.909,0.015426
2015-05-22,1.89,-0.009953
2015-05-25,1.91,0.010582000000000001
2015-05-26,1.986,0.039791
2015-05-27,2.005,0.009566999999999999
2015-05-28,1.921,-0.041894999999999995
2015-05-29,1.983,0.032275
2015-06-01,2.091,0.054463
2015-06-02,2.149,0.027738
2015-06-03,2.166,0.007911
2015-06-04,2.109,-0.026316000000000003
2015-06-05,2.107,-0.000948
2015-06-08,2.045,-0.029426
2015-06-09,2.043,-0.000978
2015-06-10,2.096,0.025942
2015-06-11,2.105,0.004294
2015-06-12,2.124,0.009026
2015-06-15,2.042,-0.038606
2015-06-16,1.966,-0.037218
2015-06-17,2.01,0.02238
2015-06-18,1.932,-0.038806
2015-06-19,1.824,-0.055901
2015-06-23,1.826,0.001096
2015-06-24,1.844,0.009858
2015-06-25,1.766,-0.042298999999999996
2015-06-26,1.64,-0.07134800000000001
2015-06-29,1.553,-0.053049
2015-06-30,1.596,0.027688
2015-07-01,1.53,-0.041353
2015-07-02,1.448,-0.053595
2015-07-03,1.382,-0.045579999999999996
2015-07-06,1.346,-0.026049000000000003
2015-07-07,1.291,-0.040861999999999996
2015-07-08,1.254,-0.02866
2015-07-09,1.285,0.024721000000000003
2015-07-10,1.321,0.028016
2015-07-13,1.383,0.046934
2015-07-14,1.422,0.0282
2015-07-15,1.365,-0.040084
2015-07-16,1.377,0.008791
2015-07-17,1.429,0.037763
2015-07-20,1.452,0.016094999999999998
2015-07-21,1.465,0.008953
2015-07-22,1.463,-0.0013650000000000001
2015-07-23,1.504,0.028025
2015-07-24,1.501,-0.0019950000000000002
2015-07-27,1.44,-0.04064
2015-07-28,1.4,-0.027778
2015-07-29,1.442,0.03
2015-07-30,1.403,-0.027046
2015-07-31,1.389,-0.009979
2015-08-03,1.361,-0.020158
2015-08-04,1.408,0.034533
2015-08-05,1.397,-0.007813
2015-08-06,1.388,-0.006442
2015-08-07,1.43,0.030259
2015-08-10,1.488,0.040559000000000005
2015-08-11,1.506,0.012097
2015-08-12,1.47,-0.023904
2015-08-13,1.5,0.020408
2015-08-14,1.509,0.006
2015-08-17,1.531,0.014579
2015-08-18,1.438,-0.06074499999999999
2015-08-19,1.465,0.018776
2015-08-20,1.418,-0.032082
2015-08-21,1.338,-0.056417
2015-08-24,1.236,-0.07623300000000001
2015-08-25,1.147,-0.072006
2015-08-26,1.104,-0.037489
2015-08-27,1.139,0.031703
2015-08-28,1.208,0.060579
2015-08-31,1.175,-0.027318
2015-09-01,1.117,-0.049362
2015-09-02,1.078,-0.034915
2015-09-07,1.083,0.004638
2015-09-08,1.127,0.040628000000000004
2015-09-09,1.168,0.036379999999999996
2015-09-10,1.156,-0.010274
2015-09-11,1.17,0.012111
2015-09-14,1.099,-0.060683999999999995
2015-09-15,1.042,-0.051864999999999994
2015-09-16,1.112,0.067179
2015-09-17,1.092,-0.017986
2015-09-18,1.109,0.015568
2015-09-21,1.154,0.040576999999999995
2015-09-22,1.165,0.009532
2015-09-23,1.16,-0.004292000000000001
2015-09-24,1.175,0.012931
2015-09-25,1.132,-0.036596000000000004
2015-09-28,1.165,0.029152
2015-09-29,1.15,-0.012876
2015-09-30,1.149,-0.0008699999999999999
2015-10-08,1.194,0.039164
2015-10-09,1.217,0.019263
2015-10-12,1.269,0.042728
2015-10-13,1.29,0.016548
2015-10-14,1.276,-0.010853
2015-10-15,1.322,0.03605
2015-10-16,1.342,0.015128999999999998
2015-10-19,1.34,-0.00149
2015-10-20,1.372,0.023881
2015-10-21,1.296,-0.055394
2015-10-22,1.354,0.044753
2015-10-23,1.387,0.024371999999999998
2015-10-26,1.389,0.001442
2015-10-27,1.392,0.00216
2015-10-28,1.354,-0.027299000000000004
2015-10-29,1.36,0.004431
2015-10-30,1.36,0.0
2015-11-02,1.342,-0.013234999999999999
2015-11-03,1.341,-0.000745
2015-11-04,1.398,0.042506
2015-11-05,1.409,0.007868
2015-11-06,1.454,0.031938
2015-11-09,1.474,0.013755
2015-11-10,1.467,-0.004749
2015-11-11,1.493,0.017723
2015-11-12,1.486,-0.004689
2015-11-13,1.463,-0.015478
2015-11-16,1.51,0.032126
2015-11-17,1.476,-0.022517
2015-11-18,1.447,-0.019648000000000002
2015-11-19,1.495,0.033172
2015-11-20,1.515,0.013378000000000001
2015-11-23,1.498,-0.011221000000000002
2015-11-24,1.519,0.014018999999999998
2015-11-25,1.572,0.034891
2015-11-26,1.567,-0.003181
2015-11-27,1.491,-0.048499999999999995
2015-11-30,1.495,0.0026829999999999996
2015-12-01,1.485,-0.0066890000000000005
2015-12-02,1.444,-0.027608999999999998
2015-12-03,1.491,0.032548
2015-12-04,1.5,0.0060360000000000006
2015-12-07,1.544,0.029333
2015-12-08,1.52,-0.015544
2015-12-09,1.512,-0.005263
2015-12-10,1.526,0.009259
2015-12-11,1.494,-0.02097
2015-12-14,1.51,0.010709999999999999
2015-12-15,1.545,0.023178999999999998
2015-12-16,1.568,0.014887
2015-12-17,1.598,0.019133
2015-12-18,1.579,-0.011890000000000001
2015-12-21,1.575,-0.002533
2015-12-22,1.585,0.0063490000000000005
2015-12-23,1.559,-0.016404000000000002
2015-12-24,1.567,0.005131
2015-12-25,1.573,0.0038290000000000004
2015-12-28,1.564,-0.0057220000000000005
2015-12-29,1.572,0.005115
2015-12-30,1.605,0.020992
2015-12-31,1.589,-0.009969
2016-01-04,1.478,-0.069855
2016-01-05,1.433,-0.030447000000000002
2016-01-06,1.462,0.020236999999999998
2016-01-07,1.356,-0.072503
2016-01-08,1.343,-0.009587
2016-01-11,1.249,-0.069993
2016-01-12,1.245,-0.0032029999999999997
2016-01-13,1.198,-0.037751
2016-01-14,1.25,0.043406
2016-01-15,1.212,-0.0304
2016-01-18,1.25,0.031353
2016-01-19,1.291,0.032799999999999996
2016-01-20,1.275,-0.012393000000000001
2016-01-21,1.217,-0.04549
2016-01-22,1.237,0.016434
2016-01-25,1.249,0.009701
2016-01-26,1.157,-0.073659
2016-01-27,1.145,-0.010372
2016-01-28,1.084,-0.053274999999999996
2016-01-29,1.131,0.043358
2016-02-01,1.115,-0.014147
2016-02-02,1.154,0.034977999999999995
2016-02-03,1.157,0.0026
2016-02-04,1.181,0.020743
2016-02-05,1.168,-0.011008
2016-02-15,1.177,0.007705
2016-02-16,1.232,0.046729
2016-02-17,1.248,0.012987
2016-02-18,1.238,-0.008013
2016-02-19,1.246,0.006462
2016-02-22,1.259,0.010433
2016-02-23,1.256,-0.002383
2016-02-24,1.248,-0.0063690000000000005
2016-02-25,1.171,-0.061699000000000004
2016-02-26,1.165,-0.005124
2016-02-29,1.1,-0.055793999999999996
2016-03-01,1.111,0.01
2016-03-02,1.142,0.027902999999999997
2016-03-03,1.139,-0.002627
2016-03-04,1.116,-0.020193
2016-03-07,1.129,0.011649
2016-03-08,1.123,-0.005314
2016-03-09,1.102,-0.0187
2016-03-10,1.091,-0.009982
2016-03-11,1.091,0.0
2016-03-14,1.119,0.025665
2016-03-15,1.107,-0.010724000000000001
2016-03-16,1.095,-0.01084
2016-03-17,1.135,0.03653
2016-03-18,1.18,0.039647999999999996
2016-03-21,1.202,0.018644
2016-03-22,1.199,-0.002496
2016-03-23,1.216,0.014178
2016-03-24,1.205,-0.009046
2016-03-25,1.214,0.007469
2016-03-28,1.203,-0.009061
2016-03-29,1.191,-0.009975000000000001
2016-03-30,1.224,0.027708
2016-03-31,1.226,0.0016339999999999998
2016-04-01,1.214,-0.009788
2016-04-05,1.242,0.023064
2016-04-06,1.238,-0.003221
2016-04-07,1.216,-0.017771
2016-04-08,1.204,-0.009868
2016-04-11,1.227,0.019103000000000002
2016-04-12,1.216,-0.008964999999999999
2016-04-13,1.234,0.014803
2016-04-14,1.249,0.012156
2016-04-15,1.245,-0.0032029999999999997
2016-04-18,1.228,-0.013654999999999999
2016-04-19,1.234,0.004886
2016-04-20,1.182,-0.042138999999999996
2016-04-21,1.167,-0.01269
2016-04-22,1.182,0.012853000000000002
2016-04-25,1.171,-0.009306
2016-04-26,1.184,0.011102
2016-04-27,1.178,-0.0050680000000000005
2016-04-28,1.182,0.003396
2016-04-29,1.182,0.0
2016-05-03,1.219,0.031303
2016-05-04,1.216,-0.002461
2016-05-05,1.222,0.004934
2016-05-06,1.177,-0.036825000000000004
2016-05-09,1.145,-0.027188
2016-05-10,1.149,0.003493
2016-05-11,1.138,-0.009574000000000001
2016-05-12,1.137,-0.000879
2016-05-13,1.128,-0.007916
2016-05-16,1.144,0.014184
2016-05-17,1.15,0.005245
2016-05-18,1.116,-0.029565
2016-05-19,1.117,0.000896
2016-05-20,1.127,0.008953
2016-05-23,1.143,0.014197
2016-05-24,1.135,-0.006999
2016-05-25,1.131,-0.003524
2016-05-26,1.136,0.004421
2016-05-27,1.132,-0.0035210000000000003
2016-05-30,1.127,-0.004417
2016-05-31,1.163,0.031943
2016-06-01,1.165,0.00172
2016-06-02,1.169,0.003433
2016-06-03,1.178,0.007699
2016-06-06,1.184,0.0050929999999999994
2016-06-07,1.175,-0.007601
2016-06-08,1.171,-0.003404
2016-06-13,1.129,-0.035867
2016-06-14,1.133,0.003543
2016-06-15,1.16,0.023831
2016-06-16,1.157,-0.0025859999999999998
2016-06-17,1.164,0.00605
2016-06-20,1.165,0.0008590000000000001
2016-06-21,1.153,-0.0103
2016-06-22,1.174,0.018213
2016-06-23,1.172,-0.001704
2016-06-24,1.168,-0.003413
2016-06-27,1.192,0.020548
2016-06-28,1.2,0.006711
2016-06-29,1.202,0.0016669999999999999
2016-06-30,1.206,0.003328
2016-07-01,1.198,-0.006633
2016-07-04,1.212,0.011686
2016-07-05,1.214,0.00165
2016-07-06,1.219,0.004119
2016-07-07,1.217,-0.0016409999999999999
2016-07-08,1.21,-0.005752
2016-07-11,1.207,-0.0024790000000000003
2016-07-12,1.22,0.010771
2016-07-13,1.226,0.0049180000000000005
2016-07-14,1.221,-0.004078
2016-07-15,1.213,-0.006552
2016-07-18,1.206,-0.005770999999999999
2016-07-19,1.214,0.006633
2016-07-20,1.216,0.001647
2016-07-21,1.213,-0.002467
2016-07-22,1.206,-0.005770999999999999
2016-07-25,1.21,0.003317
2016-07-26,1.221,0.009091
2016-07-27,1.177,-0.036036
2016-07-28,1.168,-0.007647
2016-07-29,1.162,-0.005137
2016-08-01,1.149,-0.011188
2016-08-02,1.156,0.006091999999999999
2016-08-03,1.153,-0.002595
2016-08-04,1.158,0.004337
2016-08-05,1.149,-0.007772
2016-08-08,1.16,0.009574000000000001
2016-08-09,1.165,0.00431
2016-08-10,1.161,-0.003433
2016-08-11,1.147,-0.012059
2016-08-12,1.154,0.006103
2016-08-15,1.169,0.012998000000000001
2016-08-16,1.181,0.010265
2016-08-17,1.192,0.009314
2016-08-18,1.192,0.0
2016-08-19,1.192,0.0
2016-08-22,1.176,-0.013423000000000001
2016-08-23,1.178,0.001701
2016-08-24,1.185,0.005941999999999999
2016-08-25,1.184,-0.000844
2016-08-26,1.184,0.0
2016-08-29,1.183,-0.000845
2016-08-30,1.184,0.000845
2016-08-31,1.185,0.000845
2016-09-01,1.176,-0.007594999999999999
2016-09-02,1.171,-0.004252000000000001
2016-09-05,1.174,0.002562
2016-09-06,1.189,0.012777
2016-09-07,1.197,0.006728
2016-09-08,1.194,-0.002506
2016-09-09,1.184,-0.008375
2016-09-12,1.163,-0.017736000000000002
2016-09-13,1.167,0.0034389999999999998
2016-09-14,1.158,-0.007712
2016-09-19,1.167,0.007772
2016-09-20,1.169,0.001714
2016-09-21,1.166,-0.002566
2016-09-22,1.172,0.0051459999999999995
2016-09-23,1.167,-0.004266
2016-09-26,1.144,-0.019709
2016-09-27,1.146,0.0017480000000000002
2016-09-28,1.144,-0.0017449999999999998
2016-09-29,1.149,0.004371
2016-09-30,1.151,0.0017410000000000001
2016-10-10,1.17,0.016507
2016-10-11,1.173,0.0025640000000000003
2016-10-12,1.174,0.000853
2016-10-13,1.178,0.003407
2016-10-14,1.178,0.0
2016-10-17,1.164,-0.011885
2016-10-18,1.182,0.015464
2016-10-19,1.181,-0.000846
2016-10-20,1.183,0.001693
2016-10-21,1.178,-0.004227
2016-10-24,1.183,0.004244
2016-10-25,1.187,0.0033810000000000003
2016-10-26,1.177,-0.008425
2016-10-27,1.179,0.001699
2016-10-28,1.171,-0.006785
2016-10-31,1.161,-0.008539999999999999
2016-11-01,1.169,0.006891
2016-11-02,1.163,-0.0051329999999999995
2016-11-03,1.169,0.005159
2016-11-04,1.172,0.002566
2016-11-07,1.169,-0.00256
2016-11-08,1.175,0.0051329999999999995
2016-11-09,1.169,-0.005106
2016-11-10,1.179,0.008554
2016-11-11,1.188,0.007633999999999999
2016-11-14,1.2,0.010101
2016-11-15,1.202,0.0016669999999999999
2016-11-16,1.2,-0.001664
2016-11-17,1.19,-0.008333
2016-11-18,1.193,0.002521
2016-11-21,1.202,0.0075439999999999995
2016-11-22,1.205,0.002496
2016-11-23,1.194,-0.009129
2016-11-24,1.186,-0.0067
2016-11-25,1.181,-0.004216
2016-11-28,1.175,-0.00508
2016-11-29,1.163,-0.010213000000000002
2016-11-30,1.161,-0.00172
2016-12-01,1.17,0.007752
2016-12-02,1.148,-0.018803
2016-12-05,1.149,0.0008709999999999999
2016-12-06,1.155,0.005222
2016-12-07,1.161,0.005195
2016-12-08,1.154,-0.006029
2016-12-09,1.147,-0.006066
2016-12-12,1.105,-0.036617000000000004
2016-12-13,1.111,0.005430000000000001
2016-12-14,1.109,-0.0018
2016-12-15,1.113,0.0036070000000000004
2016-12-16,1.116,0.0026950000000000003
2016-12-19,1.119,0.002688
2016-12-20,1.119,0.0
2016-12-21,1.129,0.008937
2016-12-22,1.13,0.000886
2016-12-23,1.126,-0.0035399999999999997
2016-12-26,1.127,0.000888
2016-12-27,1.126,-0.000887
2016-12-28,1.123,-0.002664
2016-12-29,1.119,-0.003562
2016-12-30,1.118,-0.0008939999999999999
2016-12-31,1.118,0.0
2017-01-03,1.127,0.00805
2017-01-04,1.135,0.007098
2017-01-05,1.137,0.001762
2017-01-06,1.13,-0.006157
2017-01-09,1.133,0.0026550000000000002
2017-01-10,1.128,-0.004413
2017-01-11,1.121,-0.006206000000000001
2017-01-12,1.119,-0.001784
2017-01-13,1.11,-0.008043
2017-01-16,1.086,-0.021622
2017-01-17,1.091,0.004604
2017-01-18,1.089,-0.001833
2017-01-19,1.083,-0.00551
2017-01-20,1.093,0.009234
2017-01-23,1.103,0.009149000000000001
2017-01-24,1.096,-0.006346000000000001
2017-01-25,1.1,0.00365
2017-01-26,1.104,0.003636
2017-02-03,1.1,-0.003623
2017-02-06,1.113,0.011818
2017-02-07,1.111,-0.001797
2017-02-08,1.115,0.0036
2017-02-09,1.12,0.004484
2017-02-10,1.119,-0.000893
2017-02-13,1.129,0.008937
2017-02-14,1.131,0.001771
2017-02-15,1.125,-0.005305
2017-02-16,1.127,0.001778
2017-02-17,1.116,-0.00976
2017-02-20,1.12,0.003584
2017-02-21,1.123,0.0026790000000000004
2017-02-22,1.129,0.005343
2017-02-23,1.128,-0.000886
2017-02-24,1.141,0.011525
2017-02-27,1.135,-0.005259000000000001
2017-02-28,1.136,0.000881
2017-03-01,1.134,-0.001761
2017-03-02,1.131,-0.002646
2017-03-03,1.13,-0.000884
2017-03-06,1.133,0.0026550000000000002
2017-03-07,1.135,0.0017649999999999999
2017-03-08,1.132,-0.002643
2017-03-09,1.121,-0.009717
2017-03-10,1.115,-0.005352
2017-03-13,1.117,0.001794
2017-03-14,1.116,-0.000895
2017-03-15,1.114,-0.001792
2017-03-16,1.12,0.005385999999999999
2017-03-17,1.115,-0.004464
2017-03-20,1.119,0.0035870000000000003
2017-03-21,1.12,0.0008939999999999999
2017-03-22,1.115,-0.004464
2017-03-23,1.12,0.004484
2017-03-24,1.125,0.004464
2017-03-27,1.122,-0.002667
2017-03-28,1.125,0.002674
2017-03-29,1.123,-0.001778
2017-03-30,1.109,-0.012466999999999999
2017-03-31,1.113,0.0036070000000000004
2017-04-05,1.13,0.015274000000000001
2017-04-06,1.129,-0.0008849999999999999
2017-04-07,1.127,-0.001771
2017-04-10,1.121,-0.005324
2017-04-11,1.131,0.008921
2017-04-12,1.117,-0.012378
2017-04-13,1.119,0.001791
2017-04-14,1.108,-0.00983
2017-04-17,1.095,-0.011733
2017-04-18,1.083,-0.010959000000000002
2017-04-19,1.076,-0.006464
2017-04-20,1.079,0.002788
2017-04-21,1.076,-0.0027800000000000004
2017-04-24,1.056,-0.018587
2017-04-25,1.059,0.002841
2017-04-26,1.06,0.000944
2017-04-27,1.071,0.010377
2017-04-28,1.077,0.005602
2017-05-02,1.074,-0.0027860000000000003
2017-05-03,1.068,-0.005587
2017-05-04,1.065,-0.002809
2017-05-05,1.057,-0.007512
2017-05-08,1.041,-0.015137000000000001
2017-05-09,1.05,0.008646000000000001
2017-05-10,1.036,-0.013333
2017-05-11,1.041,0.0048259999999999996
2017-05-12,1.037,-0.003842
2017-05-15,1.04,0.002893
2017-05-16,1.057,0.016346
2017-05-17,1.057,0.0
2017-05-18,1.048,-0.008515
2017-05-19,1.044,-0.0038169999999999996
2017-05-22,1.024,-0.019157
2017-05-23,0.993,-0.030272999999999998
2017-05-24,1.005,0.012084999999999999
2017-05-25,1.006,0.000995
2017-05-26,1.003,-0.0029820000000000003
2017-05-31,1.0,-0.0029909999999999997
2017-06-01,0.972,-0.027999999999999997
2017-06-02,0.99,0.018519
2017-06-05,1.003,0.013130999999999999
2017-06-06,1.004,0.000997
2017-06-07,1.031,0.026892
2017-06-08,1.029,-0.00194
2017-06-09,1.035,0.005830999999999999
2017-06-12,1.016,-0.018357000000000002
2017-06-13,1.032,0.015747999999999998
2017-06-14,1.034,0.001938
2017-06-15,1.046,0.011605
2017-06-16,1.045,-0.000956
2017-06-19,1.047,0.001914
2017-06-20,1.054,0.006686
2017-06-21,1.059,0.004744
2017-06-22,1.041,-0.016996999999999998
2017-06-23,1.043,0.001921
2017-06-26,1.055,0.011505000000000001
2017-06-27,1.056,0.000948
2017-06-28,1.048,-0.007576
2017-06-29,1.053,0.004771
2017-06-30,1.058,0.004748
2017-07-03,1.066,0.007561
2017-07-04,1.06,-0.0056289999999999995
2017-07-05,1.066,0.005659999999999999
2017-07-06,1.074,0.0075049999999999995
2017-07-07,1.076,0.001862
2017-07-10,1.064,-0.011152
2017-07-11,1.048,-0.015038000000000001
2017-07-12,1.048,0.0
2017-07-13,1.037,-0.010496
2017-07-14,1.028,-0.008679
2017-07-17,0.992,-0.035019
2017-07-18,0.997,0.00504
2017-07-19,1.012,0.015045
2017-07-20,1.016,0.003953
2017-07-21,1.017,0.000984
2017-07-24,1.023,0.0059
2017-07-25,1.024,0.000978
2017-07-26,1.021,-0.00293
2017-07-27,1.032,0.010773999999999999
2017-07-28,1.032,0.0
2017-07-31,1.037,0.0048449999999999995
2017-08-01,1.038,0.000964
2017-08-02,1.033,-0.004817
2017-08-03,1.028,-0.00484
2017-08-04,1.023,-0.004864
2017-08-07,1.028,0.004888
2017-08-08,1.031,0.002918
2017-08-09,1.038,0.006790000000000001
2017-08-10,1.036,-0.0019270000000000001
2017-08-11,1.016,-0.019305000000000003
2017-08-14,1.028,0.011811
2017-08-15,1.03,0.001946
2017-08-16,1.036,0.005825
2017-08-17,1.038,0.001931
2017-08-18,1.034,-0.0038540000000000002
2017-08-21,1.044,0.009670999999999999
2017-08-22,1.038,-0.0057469999999999995
2017-08-23,1.033,-0.004817
2017-08-24,1.026,-0.006776
2017-08-25,1.038,0.011696
2017-08-28,1.054,0.015414
2017-08-29,1.046,-0.00759
2017-08-30,1.055,0.008604
2017-08-31,1.058,0.0028439999999999997
2017-09-01,1.066,0.007561
2017-09-04,1.072,0.0056289999999999995
2017-09-05,1.072,0.0
2017-09-06,1.075,0.002799
2017-09-07,1.067,-0.007442
2017-09-08,1.062,-0.004686
2017-09-11,1.077,0.014124000000000001
2017-09-12,1.079,0.0018570000000000001
2017-09-13,1.078,-0.0009270000000000001
2017-09-14,1.076,-0.0018549999999999999
2017-09-15,1.073,-0.002788
2017-09-18,1.077,0.0037280000000000004
2017-09-19,1.07,-0.006500000000000001
2017-09-20,1.079,0.008411
2017-09-21,1.072,-0.006487000000000001
2017-09-22,1.067,-0.004664
2017-09-25,1.053,-0.013121
2017-09-26,1.052,-0.00095
2017-09-27,1.059,0.006654
2017-09-28,1.059,0.0
2017-09-29,1.066,0.00661
2017-10-09,1.076,0.009381
2017-10-10,1.078,0.0018590000000000002
2017-10-11,1.07,-0.007421
2017-10-12,1.064,-0.005607
2017-10-13,1.074,0.009398
2017-10-16,1.066,-0.007449
2017-10-17,1.06,-0.0056289999999999995
2017-10-18,1.054,-0.005659999999999999
2017-10-19,1.044,-0.009488
2017-10-20,1.052,0.007663
2017-10-23,1.057,0.004753
2017-10-24,1.057,0.0
2017-10-25,1.067,0.009461
2017-10-26,1.072,0.004686
2017-10-27,1.072,0.0
2017-10-30,1.059,-0.012126999999999999
2017-10-31,1.066,0.00661
2017-11-01,1.066,0.0
2017-11-02,1.061,-0.00469
2017-11-03,1.055,-0.005655
2017-11-06,1.066,0.010426999999999999
2017-11-07,1.072,0.0056289999999999995
2017-11-08,1.072,0.0
2017-11-09,1.074,0.0018659999999999998
2017-11-10,1.078,0.003724
2017-11-13,1.099,0.019481
2017-11-14,1.092,-0.0063690000000000005
2017-11-15,1.071,-0.019231
2017-11-16,1.073,0.001867
2017-11-17,1.045,-0.026095
2017-11-20,1.06,0.014354
2017-11-21,1.066,0.005659999999999999
2017-11-22,1.068,0.0018759999999999998
2017-11-23,1.048,-0.018727
2017-11-24,1.048,0.0
2017-11-27,1.041,-0.006679000000000001
2017-11-28,1.068,0.025937
2017-11-29,1.076,0.007491
2017-11-30,1.074,-0.0018590000000000002
2017-12-01,1.087,0.012103999999999998
2017-12-04,1.076,-0.01012
2017-12-05,1.046,-0.027881
2017-12-06,1.048,0.001912
2017-12-07,1.041,-0.006679000000000001
2017-12-08,1.049,0.007685
2017-12-11,1.062,0.012393000000000001
2017-12-12,1.058,-0.003766
2017-12-13,1.066,0.007561
2017-12-14,1.072,0.0056289999999999995
2017-12-15,1.065,-0.00653
2017-12-18,1.063,-0.001878
2017-12-19,1.072,0.008467
2017-12-20,1.067,-0.004664
2017-12-21,1.075,0.007498
2017-12-22,1.076,0.0009299999999999999
2017-12-25,1.072,-0.003717
2017-12-26,1.076,0.003731
2017-12-27,1.072,-0.003717
2017-12-28,1.072,0.0
2017-12-29,1.074,0.0018659999999999998
2017-12-31,1.074,0.0
2018-01-02,1.081,0.006518
2018-01-03,1.087,0.00555
2018-01-04,1.091,0.00368
2018-01-05,1.083,-0.007332999999999999
2018-01-08,1.089,0.005540000000000001
2018-01-09,1.087,-0.001837
2018-01-10,1.082,-0.0046
2018-01-11,1.084,0.0018479999999999998
2018-01-12,1.073,-0.010147999999999999
2018-01-15,1.052,-0.019571
2018-01-16,1.047,-0.004753
2018-01-17,1.038,-0.008596
2018-01-18,1.039,0.000963
2018-01-19,1.039,0.0
2018-01-22,1.053,0.013474
2018-01-23,1.053,0.0
2018-01-24,1.063,0.009497
2018-01-25,1.07,0.006585
2018-01-26,1.065,-0.004673
2018-01-29,1.059,-0.005634
2018-01-30,1.059,0.0
2018-01-31,1.046,-0.012276
2018-02-01,1.027,-0.018164
2018-02-02,1.045,0.017527
2018-02-05,1.043,-0.001914
2018-02-06,1.005,-0.036433
2018-02-07,1.009,0.00398
2018-02-08,1.006,-0.002973
2018-02-09,0.959,-0.04672
2018-02-12,0.992,0.034411
2018-02-13,1.0,0.008065
2018-02-14,1.004,0.004
2018-02-22,1.036,0.031873
2018-02-23,1.031,-0.0048259999999999996
2018-02-26,1.054,0.022307999999999998
2018-02-27,1.047,-0.006641
2018-02-28,1.056,0.008596
2018-03-01,1.07,0.013258
2018-03-02,1.06,-0.009346
2018-03-05,1.063,0.0028299999999999996
2018-03-06,1.072,0.008467
2018-03-07,1.062,-0.009328
2018-03-08,1.061,-0.000942
2018-03-09,1.074,0.012253
2018-03-12,1.099,0.023277000000000003
2018-03-13,1.092,-0.0063690000000000005
2018-03-14,1.085,-0.00641
2018-03-15,1.089,0.003687
2018-03-16,1.072,-0.015611
2018-03-19,1.07,-0.0018659999999999998
2018-03-20,1.067,-0.0028039999999999996
2018-03-21,1.055,-0.011246
2018-03-22,1.056,0.000948
2018-03-23,1.012,-0.041666999999999996
2018-03-26,1.04,0.027667999999999998
2018-03-27,1.072,0.030769
2018-03-28,1.059,-0.012126999999999999
2018-03-29,1.065,0.005666
2018-03-30,1.09,0.023474
2018-04-02,1.091,0.0009170000000000001
2018-04-03,1.096,0.004583
2018-04-04,1.084,-0.010949
2018-04-09,1.088,0.00369
2018-04-10,1.098,0.009191
2018-04-11,1.099,0.000911
2018-04-12,1.082,-0.015469
2018-04-13,1.081,-0.0009239999999999999
2018-04-16,1.083,0.00185
2018-04-17,1.061,-0.020314000000000002
2018-04-18,1.075,0.013194999999999998
2018-04-19,1.078,0.002791
2018-04-20,1.067,-0.010204
2018-04-23,1.055,-0.011246
2018-04-24,1.079,0.022749000000000002
2018-04-25,1.076,-0.0027800000000000004
2018-04-26,1.067,-0.008364
2018-04-27,1.063,-0.003749
2018-05-02,1.057,-0.005644
2018-05-03,1.061,0.003784
2018-05-04,1.057,-0.00377
2018-05-07,1.07,0.012299
2018-05-08,1.068,-0.001869
2018-05-09,1.068,0.0
2018-05-10,1.069,0.000936
2018-05-11,1.066,-0.0028060000000000003
2018-05-14,1.069,0.0028139999999999997
2018-05-15,1.08,0.010289999999999999
2018-05-16,1.07,-0.009259
2018-05-17,1.064,-0.005607
2018-05-18,1.068,0.003759
2018-05-21,1.085,0.015918
2018-05-22,1.092,0.006452
2018-05-23,1.083,-0.008242000000000001
2018-05-24,1.079,-0.003693
2018-05-25,1.055,-0.022243
2018-05-28,1.047,-0.0075829999999999995
2018-05-29,1.041,-0.005731000000000001
2018-05-30,1.01,-0.029779
2018-05-31,1.013,0.00297
2018-06-01,1.002,-0.010859
2018-06-04,0.982,-0.01996
2018-06-05,1.012,0.03055
2018-06-06,1.024,0.011858
2018-06-07,1.021,-0.00293
2018-06-08,1.011,-0.009794
2018-06-11,1.006,-0.004946
2018-06-12,1.008,0.001988
2018-06-13,0.995,-0.012897
2018-06-14,0.987,-0.00804
2018-06-15,0.968,-0.01925
2018-06-19,0.92,-0.049587000000000006
2018-06-20,0.93,0.01087
2018-06-21,0.906,-0.025806
2018-06-22,0.929,0.025386000000000002
2018-06-25,0.932,0.003229
2018-06-26,0.959,0.02897
2018-06-27,0.956,-0.003128
2018-06-28,0.939,-0.017782
2018-06-29,0.983,0.046858000000000004
2018-06-30,0.983,0.0
2018-07-02,0.974,-0.009156
2018-07-03,0.99,0.016427
2018-07-04,0.959,-0.031313
2018-07-05,0.946,-0.013555999999999999
2018-07-06,0.948,0.002114
2018-07-09,0.972,0.025316
2018-07-10,0.987,0.015432
2018-07-11,0.979,-0.008105
2018-07-12,0.999,0.020429
2018-07-13,1.003,0.004004
2018-07-16,1.003,0.0
2018-07-17,1.022,0.018943
2018-07-18,1.012,-0.009785
2018-07-19,1.007,-0.004941
2018-07-20,1.028,0.020853999999999998
2018-07-23,1.048,0.019455
2018-07-24,1.049,0.000954
2018-07-25,1.045,-0.0038129999999999995
2018-07-26,1.021,-0.022967
2018-07-27,1.012,-0.008815
2018-07-30,1.007,-0.004941
2018-07-31,0.994,-0.01291
2018-08-01,0.986,-0.008048
2018-08-02,0.966,-0.020284
2018-08-03,0.947,-0.019669000000000002
2018-08-06,0.917,-0.031679
2018-08-07,0.937,0.02181
2018-08-08,0.915,-0.023479
2018-08-09,0.939,0.026230000000000003
2018-08-10,0.95,0.011715
2018-08-13,0.964,0.014737
2018-08-14,0.959,-0.005187000000000001
2018-08-15,0.943,-0.016684
2018-08-16,0.929,-0.014846
2018-08-17,0.92,-0.009688
2018-08-20,0.932,0.013043
2018-08-21,0.937,0.005365
2018-08-22,0.915,-0.023479
2018-08-23,0.927,0.013115000000000002
2018-08-24,0.92,-0.0075509999999999996
2018-08-27,0.942,0.023913000000000004
2018-08-28,0.948,0.0063690000000000005
2018-08-29,0.946,-0.00211
2018-08-30,0.928,-0.019027000000000002
2018-08-31,0.918,-0.010775999999999999
2018-09-03,0.933,0.01634
2018-09-04,0.946,0.013934
2018-09-05,0.929,-0.01797
2018-09-06,0.93,0.001076
2018-09-07,0.912,-0.019355
2018-09-10,0.886,-0.028509000000000003
2018-09-11,0.894,0.009029
2018-09-12,0.894,0.0
2018-09-13,0.903,0.010067
2018-09-14,0.879,-0.026578
2018-09-17,0.866,-0.014790000000000001
2018-09-18,0.879,0.015012000000000001
2018-09-19,0.886,0.007964
2018-09-20,0.883,-0.003386
2018-09-21,0.895,0.01359
2018-09-25,0.894,-0.001117
2018-09-26,0.89,-0.0044740000000000005
2018-09-27,0.878,-0.013483
2018-09-28,0.878,0.0
2018-10-08,0.847,-0.035308
2018-10-09,0.843,-0.004723
2018-10-10,0.839,-0.004745
2018-10-11,0.778,-0.07270599999999999
2018-10-12,0.773,-0.006427
2018-10-15,0.768,-0.006468000000000001
2018-10-16,0.754,-0.018229
2018-10-17,0.758,0.005305
2018-10-18,0.748,-0.013193
2018-10-19,0.769,0.028075000000000003
2018-10-22,0.8,0.040312
2018-10-23,0.786,-0.0175
2018-10-24,0.783,-0.0038169999999999996
2018-10-25,0.777,-0.007663
2018-10-26,0.773,-0.005148000000000001
2018-10-29,0.768,-0.006468000000000001
2018-10-30,0.777,0.011719
2018-10-31,0.781,0.005148000000000001
2018-11-01,0.788,0.008963
2018-11-02,0.81,0.027919
2018-11-05,0.81,0.0
2018-11-06,0.81,0.0
2018-11-07,0.805,-0.006173
2018-11-08,0.803,-0.002484
2018-11-09,0.803,0.0
2018-11-12,0.833,0.037360000000000004
2018-11-13,0.841,0.009604
2018-11-14,0.841,0.0
2018-11-15,0.85,0.010702
2018-11-16,0.858,0.009412
2018-11-19,0.857,-0.001166
2018-11-20,0.842,-0.017503
2018-11-21,0.839,-0.003563
2018-11-22,0.836,-0.0035759999999999998
2018-11-23,0.818,-0.021530999999999998
2018-11-26,0.805,-0.015892
2018-11-27,0.812,0.008696
2018-11-28,0.817,0.006158
2018-11-29,0.802,-0.01836
2018-11-30,0.808,0.007481
2018-12-03,0.819,0.013614
2018-12-04,0.82,0.001221
2018-12-05,0.813,-0.008537
2018-12-06,0.799,-0.01722
2018-12-07,0.807,0.010013000000000001
2018-12-10,0.805,-0.0024779999999999997
2018-12-11,0.808,0.003727
2018-12-12,0.804,-0.0049499999999999995
2018-12-13,0.813,0.011193999999999999
2018-12-14,0.8,-0.01599
2018-12-17,0.799,-0.00125
2018-12-18,0.792,-0.008761
2018-12-19,0.784,-0.010101
2018-12-20,0.789,0.006378
2018-12-21,0.789,0.0
2018-12-24,0.797,0.010139
2018-12-25,0.797,0.0
2018-12-26,0.794,-0.003764
2018-12-27,0.791,-0.003778
2018-12-28,0.787,-0.005057000000000001
2018-12-31,0.787,0.0
2019-01-02,0.786,-0.001271
2019-01-03,0.782,-0.005089
2019-01-04,0.794,0.015345
2019-01-07,0.804,0.012594000000000001
2019-01-08,0.804,0.0
2019-01-09,0.806,0.0024879999999999998
2019-01-10,0.803,-0.0037219999999999996
2019-01-11,0.805,0.0024909999999999997
2019-01-14,0.804,-0.001242
2019-01-15,0.81,0.007463
2019-01-16,0.809,-0.001235
2019-01-17,0.804,-0.00618
2019-01-18,0.81,0.007463
2019-01-21,0.81,0.0
2019-01-22,0.81,0.0
2019-01-23,0.814,0.0049380000000000005
2019-01-24,0.82,0.007371
2019-01-25,0.82,0.0
2019-01-28,0.821,0.00122
2019-01-29,0.82,-0.0012180000000000001
2019-01-30,0.812,-0.009756
2019-01-31,0.815,0.003695
2019-02-01,0.826,0.013496999999999999
2019-02-11,0.845,0.023001999999999998
2019-02-12,0.848,0.0035499999999999998
2019-02-13,0.858,0.011792
2019-02-14,0.861,0.003497
2019-02-15,0.861,0.0
2019-02-18,0.884,0.026713
2019-02-19,0.887,0.003394
2019-02-20,0.898,0.012401
2019-02-21,0.905,0.007795
2019-02-22,0.925,0.022099
2019-02-25,0.961,0.038919
2019-02-26,0.956,-0.005203
2019-02-27,0.954,-0.002092
2019-02-28,0.962,0.008386
2019-03-01,0.967,0.005198
2019-03-04,0.977,0.010341
2019-03-05,1.004,0.027635999999999997
2019-03-06,1.011,0.006972000000000001
2019-03-07,1.018,0.0069240000000000005
2019-03-08,1.005,-0.012769999999999998
2019-03-11,1.037,0.031841
2019-03-12,1.057,0.019286
2019-03-13,1.027,-0.028382
2019-03-14,1.014,-0.012658
2019-03-15,1.023,0.008876
2019-03-18,1.041,0.017595
2019-03-19,1.043,0.001921
2019-03-20,1.039,-0.003835
2019-03-21,1.043,0.00385
2019-03-22,1.038,-0.004794
2019-03-25,1.038,0.0
2019-03-26,1.022,-0.015414
2019-03-27,1.008,-0.013699
2019-03-28,1.01,0.001984
2019-03-29,1.031,0.020792
2019-04-01,1.057,0.025217999999999997
2019-04-02,1.061,0.003784
2019-04-03,1.069,0.00754
2019-04-04,1.073,0.0037419999999999997
2019-04-08,1.077,0.0037280000000000004
2019-04-09,1.062,-0.013928000000000001
2019-04-10,1.067,0.004708
2019-04-11,1.068,0.000937
2019-04-12,1.089,0.019663
2019-04-15,1.077,-0.011019000000000001
2019-04-16,1.09,0.012071
2019-04-17,1.096,0.0055049999999999995
2019-04-18,1.094,-0.001825
2019-04-19,1.094,0.0
2019-04-22,1.082,-0.010969
2019-04-23,1.095,0.012015
2019-04-24,1.107,0.010959000000000002
2019-04-25,1.102,-0.004517
2019-04-26,1.075,-0.024501
2019-04-29,1.07,-0.004651
2019-04-30,1.097,0.025234
2019-05-06,1.044,-0.048314
2019-05-07,1.035,-0.008621
2019-05-08,1.012,-0.022222
2019-05-09,1.015,0.002964
2019-05-10,1.046,0.030542
2019-05-13,1.032,-0.013384
2019-05-14,1.025,-0.006783
2019-05-15,1.04,0.014634000000000001
2019-05-16,1.047,0.006731
2019-05-17,1.033,-0.013372
2019-05-20,1.017,-0.015489
2019-05-21,1.047,0.029499
2019-05-22,1.049,0.00191
2019-05-23,1.025,-0.022879
2019-05-24,1.007,-0.017561
2019-05-27,1.038,0.030785
2019-05-28,1.044,0.0057799999999999995
2019-05-29,1.044,0.0
2019-05-30,1.039,-0.004789
2019-05-31,1.026,-0.012512
2019-06-03,1.003,-0.022417
2019-06-04,0.993,-0.00997
2019-06-05,0.986,-0.007049
2019-06-06,0.961,-0.025355
2019-06-10,0.964,0.0031219999999999998
2019-06-11,0.997,0.034232
2019-06-12,0.983,-0.014041999999999999
2019-06-13,0.984,0.001017
2019-06-14,0.962,-0.022358
2019-06-17,0.962,0.0
2019-06-18,0.967,0.005198
2019-06-19,0.98,0.013444000000000001
2019-06-20,0.993,0.013265
2019-06-21,1.006,0.013092
2019-06-24,1.013,0.006958
2019-06-25,1.007,-0.005923
2019-06-26,1.012,0.004965
2019-06-27,1.028,0.01581
2019-06-28,1.018,-0.009728
2019-06-30,1.018,0.0
2019-07-01,1.048,0.02947
2019-07-02,1.055,0.006679000000000001
2019-07-03,1.057,0.001896
2019-07-04,1.047,-0.009461
2019-07-05,1.062,0.014327000000000001
2019-07-08,1.066,0.003766
2019-07-09,1.061,-0.00469
2019-07-10,1.042,-0.017908
2019-07-11,1.037,-0.004798
2019-07-12,1.044,0.006750000000000001
2019-07-15,1.064,0.019157
2019-07-16,1.058,-0.005639
2019-07-17,1.076,0.017013
2019-07-18,1.056,-0.018587
2019-07-19,1.063,0.006629
2019-07-22,1.034,-0.027281
2019-07-23,1.052,0.017408
2019-07-24,1.063,0.010456
2019-07-25,1.082,0.017874
2019-07-26,1.077,-0.004621
2019-07-29,1.087,0.009285
2019-07-30,1.093,0.005520000000000001
2019-07-31,1.083,-0.009149000000000001
2019-08-01,1.087,0.003693
2019-08-02,1.081,-0.005520000000000001
2019-08-05,1.083,0.00185
2019-08-06,1.066,-0.015697000000000003
2019-08-07,1.056,-0.009381
2019-08-08,1.057,0.000947
2019-08-09,1.053,-0.003784
2019-08-12,1.062,0.008547
2019-08-13,1.055,-0.0065910000000000005
2019-08-14,1.055,0.0
2019-08-15,1.063,0.0075829999999999995
2019-08-16,1.095,0.030103
2019-08-19,1.123,0.025571
2019-08-20,1.126,0.002671
2019-08-21,1.115,-0.009769
2019-08-22,1.114,-0.000897
2019-08-23,1.105,-0.008079
2019-08-26,1.107,0.00181
2019-08-27,1.126,0.017164
2019-08-28,1.134,0.007105
2019-08-29,1.138,0.003527
2019-08-30,1.139,0.000879
2019-09-02,1.167,0.024583
2019-09-03,1.176,0.007712
2019-09-04,1.178,0.001701
2019-09-05,1.187,0.00764
2019-09-06,1.189,0.001685
2019-09-09,1.213,0.020184999999999998
2019-09-10,1.229,0.01319
2019-09-11,1.215,-0.011391
2019-09-12,1.217,0.001646
2019-09-16,1.229,0.00986
2019-09-17,1.209,-0.016273
2019-09-18,1.207,-0.0016539999999999999
2019-09-19,1.221,0.011599
2019-09-20,1.212,-0.007371
2019-09-23,1.193,-0.015677
2019-09-24,1.191,-0.001676
2019-09-25,1.171,-0.016793
2019-09-26,1.123,-0.040991
2019-09-27,1.144,0.0187
2019-09-30,1.136,-0.006993
2019-10-08,1.152,0.014085
2019-10-09,1.168,0.013889
2019-10-10,1.187,0.016267
2019-10-11,1.18,-0.005897
2019-10-14,1.187,0.005932
2019-10-15,1.173,-0.011794
2019-10-16,1.167,-0.005115
2019-10-17,1.169,0.001714
2019-10-18,1.168,-0.0008550000000000001
2019-10-21,1.189,0.017979000000000002
2019-10-22,1.198,0.007569
2019-10-23,1.198,0.0
2019-10-24,1.224,0.021703
2019-10-25,1.254,0.02451
2019-10-28,1.285,0.024721000000000003
2019-10-29,1.297,0.009339
2019-10-30,1.291,-0.004626
2019-10-31,1.263,-0.021689
2019-11-01,1.273,0.007918
2019-11-04,1.289,0.012568999999999999
2019-11-05,1.302,0.010085
2019-11-06,1.276,-0.019969
2019-11-07,1.299,0.018025
2019-11-08,1.275,-0.018476
2019-11-11,1.255,-0.015686
2019-11-12,1.257,0.001594
2019-11-13,1.25,-0.005568999999999999
2019-11-14,1.25,0.0
2019-11-15,1.221,-0.0232
2019-11-18,1.237,0.013104
2019-11-19,1.247,0.008084000000000001
2019-11-20,1.234,-0.010425
2019-11-21,1.227,-0.005673
2019-11-22,1.213,-0.01141
2019-11-25,1.206,-0.005770999999999999
2019-11-26,1.218,0.00995
2019-11-27,1.209,-0.007389
2019-11-28,1.213,0.0033090000000000003
2019-11-29,1.208,-0.004122
2019-12-02,1.22,0.009934
2019-12-03,1.221,0.00082
2019-12-04,1.208,-0.010647
2019-12-05,1.214,0.004967
2019-12-06,1.217,0.0024709999999999997
2019-12-09,1.227,0.008217
2019-12-10,1.221,-0.00489
2019-12-11,1.211,-0.00819
2019-12-12,1.211,0.0
2019-12-13,1.224,0.010735
2019-12-16,1.238,0.011437999999999999
2019-12-17,1.265,0.021809
2019-12-18,1.263,-0.001581
2019-12-19,1.263,0.0
2019-12-20,1.26,-0.002375
2019-12-23,1.227,-0.02619
2019-12-24,1.23,0.002445
2019-12-25,1.238,0.006503999999999999
2019-12-26,1.239,0.000808
2019-12-27,1.237,-0.001614
2019-12-30,1.24,0.002425
2019-12-31,1.251,0.008871
2020-01-02,1.272,0.016787
2020-01-03,1.269,-0.0023580000000000003
2020-01-06,1.274,0.00394
2020-01-07,1.295,0.016484000000000002
2020-01-08,1.273,-0.016988
2020-01-09,1.29,0.013354
2020-01-10,1.279,-0.008527
2020-01-13,1.292,0.010164
2020-01-14,1.291,-0.000774
2020-01-15,1.287,-0.003098
2020-01-16,1.281,-0.004662
2020-01-17,1.282,0.000781
2020-01-20,1.302,0.015601
2020-01-21,1.288,-0.010752999999999999
2020-01-22,1.289,0.000776
2020-01-23,1.229,-0.046548
2020-02-03,1.135,-0.076485
2020-02-04,1.163,0.02467
2020-02-05,1.21,0.040413
2020-02-06,1.256,0.038016999999999995
2020-02-07,1.27,0.011146
2020-02-10,1.298,0.022046999999999997
2020-02-11,1.282,-0.012327
2020-02-12,1.315,0.025741
2020-02-13,1.298,-0.012928
2020-02-14,1.314,0.012327
2020-02-17,1.361,0.035769
2020-02-18,1.376,0.011021000000000001
2020-02-19,1.367,-0.006541
2020-02-20,1.392,0.018288
2020-02-21,1.414,0.015805
2020-02-24,1.455,0.028996
2020-02-25,1.463,0.005497999999999999
2020-02-26,1.42,-0.029392
2020-02-27,1.431,0.007745999999999999
2020-02-28,1.37,-0.042628000000000006
2020-03-02,1.426,0.040876
2020-03-03,1.449,0.016129
2020-03-04,1.45,0.0006900000000000001
2020-03-05,1.484,0.023448000000000004
2020-03-06,1.48,-0.0026950000000000003
2020-03-09,1.426,-0.036486
2020-03-10,1.434,0.00561
2020-03-11,1.414,-0.013947000000000001
2020-03-12,1.362,-0.036775
2020-03-13,1.358,-0.0029370000000000004
2020-03-16,1.298,-0.044183
2020-03-17,1.304,0.004622
2020-03-18,1.31,0.004601
2020-03-19,1.318,0.0061070000000000004
2020-03-20,1.332,0.010622
2020-03-23,1.263,-0.051802
2020-03-24,1.281,0.014252
2020-03-25,1.321,0.031225999999999997
2020-03-26,1.34,0.014383
2020-03-27,1.328,-0.008955
2020-03-30,1.33,0.0015060000000000002
2020-03-31,1.401,0.053383
2020-04-01,1.392,-0.006424
2020-04-02,1.4,0.0057469999999999995
2020-04-03,1.405,0.0035709999999999995
2020-04-07,1.457,0.037010999999999995
2020-04-08,1.441,-0.010981000000000001
2020-04-09,1.461,0.013878999999999999
2020-04-10,1.439,-0.015058
2020-04-13,1.41,-0.020152999999999997
2020-04-14,1.444,0.024113000000000002
2020-04-15,1.44,-0.0027700000000000003
2020-04-16,1.444,0.002778
2020-04-17,1.448,0.0027700000000000003
2020-04-20,1.474,0.017956
2020-04-21,1.472,-0.001357
2020-04-22,1.54,0.046196
2020-04-23,1.523,-0.011039
2020-04-24,1.505,-0.011819
2020-04-27,1.514,0.00598
2020-04-28,1.51,-0.002642
2020-04-29,1.494,-0.010596000000000001
2020-04-30,1.502,0.0053549999999999995
2020-05-06,1.541,0.025965
2020-05-07,1.546,0.003245
2020-05-08,1.552,0.003881
2020-05-11,1.522,-0.01933
2020-05-12,1.528,0.003942
2020-05-13,1.539,0.007199
2020-05-14,1.496,-0.02794
2020-05-15,1.501,0.003342
2020-05-18,1.517,0.010660000000000001
2020-05-19,1.52,0.001978
2020-05-20,1.491,-0.019079
2020-05-21,1.468,-0.015426
2020-05-22,1.453,-0.010218
2020-05-25,1.466,0.008947
2020-05-26,1.48,0.00955
2020-05-27,1.459,-0.014189
2020-05-28,1.44,-0.013023
2020-05-29,1.492,0.036111
2020-06-01,1.537,0.030160999999999997
2020-06-02,1.527,-0.006506
2020-06-03,1.518,-0.005894
2020-06-04,1.528,0.006588
2020-06-05,1.515,-0.008508
2020-06-08,1.518,0.00198
2020-06-09,1.514,-0.002635
2020-06-10,1.536,0.014531
2020-06-11,1.519,-0.011068
2020-06-12,1.518,-0.000658
2020-06-15,1.553,0.023056999999999998
2020-06-16,1.565,0.007727
2020-06-17,1.592,0.017252
2020-06-18,1.604,0.007538
2020-06-19,1.627,0.014339
2020-06-22,1.659,0.019668
2020-06-23,1.644,-0.009042
2020-06-24,1.641,-0.001825
2020-06-29,1.659,0.010969
2020-06-30,1.701,0.025316
2020-07-01,1.711,0.005879
2020-07-02,1.716,0.002922
2020-07-03,1.741,0.014569
2020-07-06,1.815,0.042504
2020-07-07,1.833,0.009917
2020-07-08,1.859,0.014184
2020-07-09,1.918,0.031737
2020-07-10,1.885,-0.017204999999999998
2020-07-13,2.002,0.062069
2020-07-14,1.979,-0.011489000000000001
2020-07-15,1.919,-0.030318
2020-07-16,1.834,-0.044294
2020-07-17,1.848,0.007633999999999999
2020-07-20,1.89,0.022727
2020-07-21,1.895,0.002646
2020-07-22,1.924,0.015303
2020-07-23,1.91,-0.0072770000000000005
2020-07-24,1.855,-0.028796
2020-07-27,1.869,0.007547000000000001
2020-07-28,1.915,0.024612
2020-07-29,1.952,0.019320999999999998
2020-07-30,1.953,0.000512
2020-07-31,1.966,0.006656
2020-08-03,2.022,0.028484
2020-08-04,2.022,0.0
2020-08-05,2.095,0.036103
2020-08-06,2.105,0.004773
2020-08-07,2.069,-0.017102
2020-08-10,2.05,-0.009183
2020-08-11,2.032,-0.00878
2020-08-12,2.017,-0.007382
2020-08-13,2.059,0.020823
2020-08-14,2.055,-0.001943
2020-08-17,2.097,0.020438
2020-08-18,2.123,0.012399
2020-08-19,2.107,-0.007537
2020-08-20,2.07,-0.017561
2020-08-21,2.073,0.001449
2020-08-24,2.123,0.0241
2020-08-25,2.102,-0.009899999999999999
2020-08-26,2.06,-0.02
2020-08-27,2.075,0.0073
2020-08-28,2.116,0.019799999999999998
2020-08-31,2.121,0.0024
2020-09-01,2.149,0.0132
2020-09-02,2.136,-0.006
2020-09-03,2.086,-0.023399999999999997
2020-09-04,2.076,-0.0048
2020-09-07,1.997,-0.0381
2020-09-08,1.988,-0.0045000000000000005
2020-09-09,1.911,-0.0387
2020-09-10,1.889,-0.0115
2020-09-11,1.896,0.0037
2020-09-14,1.897,0.0005
2020-09-15,1.912,0.0079
2020-09-16,1.897,-0.0078000000000000005
2020-09-17,1.881,-0.0084
2020-09-18,1.911,0.0159
2020-09-21,1.915,0.0021
2020-09-22,1.878,-0.019299999999999998
2020-09-23,1.887,0.0048
2020-09-24,1.852,-0.018500000000000003
2020-09-25,1.84,-0.006500000000000001
2020-09-28,1.812,-0.0152
2020-09-29,1.838,0.0143
2020-09-30,1.826,-0.006500000000000001
2020-10-09,1.862,0.0197
2020-10-12,1.923,0.032799999999999996
2020-10-13,1.956,0.0172
2020-10-14,1.922,-0.0174
2020-10-15,1.911,-0.005699999999999999
2020-10-16,1.902,-0.004699999999999999
2020-10-19,1.898,-0.0021
2020-10-20,1.907,0.004699999999999999
2020-10-21,1.884,-0.0121
2020-10-22,1.859,-0.013300000000000001
2020-10-23,1.82,-0.021
2020-10-26,1.83,0.0055000000000000005
2020-10-27,1.859,0.0158
2020-10-28,1.859,0.0
2020-10-29,1.86,0.0005
2020-10-30,1.806,-0.028999999999999998
2020-11-02,1.816,0.0055000000000000005
2020-11-03,1.847,0.0171
2020-11-04,1.847,0.0
2020-11-05,1.871,0.013000000000000001
2020-11-06,1.859,-0.0064
2020-11-09,1.891,0.0172
2020-11-10,1.863,-0.0148
2020-11-11,1.841,-0.0118
2020-11-12,1.823,-0.0098
2020-11-13,1.825,0.0011
2020-11-16,1.865,0.0219
2020-11-17,1.857,-0.0043
2020-11-18,1.855,-0.0011
2020-11-19,1.873,0.0097
2020-11-20,1.877,0.0021
2020-11-23,1.887,0.0053
2020-11-24,1.888,0.0005
2020-11-25,1.857,-0.016399999999999998
2020-11-26,1.855,-0.0011
2020-11-27,1.885,0.016200000000000003
2020-11-30,1.892,0.0037
2020-12-01,1.904,0.0063
2020-12-02,1.913,0.004699999999999999
2020-12-03,1.937,0.0125
2020-12-04,1.936,-0.0005
2020-12-07,1.95,0.0072
2020-12-08,1.941,-0.0046
2020-12-09,1.909,-0.0165
2020-12-10,1.892,-0.0089
2020-12-11,1.872,-0.0106
2020-12-14,1.907,0.0187
2020-12-15,1.901,-0.0031
2020-12-16,1.885,-0.0084
2020-12-17,1.897,0.0064
2020-12-18,1.892,-0.0026
2020-12-21,1.941,0.0259
2020-12-22,1.885,-0.028900000000000002
2020-12-23,1.9,0.008
2020-12-24,1.885,-0.0079
2020-12-25,1.886,0.0005
2020-12-28,1.92,0.018000000000000002
2020-12-29,1.897,-0.012
2020-12-30,1.903,0.0032
2020-12-31,1.929,0.0137
2021-01-04,2.025,0.049800000000000004
2021-01-05,2.069,0.0217
2021-01-06,2.072,0.0014000000000000002
2021-01-07,2.065,-0.0034000000000000002
2021-01-08,2.021,-0.0213
2021-01-11,1.988,-0.0163
2021-01-12,2.015,0.013600000000000001
2021-01-13,1.991,-0.011899999999999999
2021-01-14,1.932,-0.0296
2021-01-15,1.928,-0.0021
2021-01-18,1.964,0.0187
2021-01-19,1.929,-0.0178
2021-01-20,1.944,0.0078000000000000005
2021-01-21,1.959,0.0077
2021-01-22,1.948,-0.005600000000000001
2021-01-25,1.968,0.0103
2021-01-26,1.987,0.0097
2021-01-27,1.995,0.004
2021-01-28,1.962,-0.0165
2021-01-29,1.896,-0.0336
2021-02-01,1.914,0.0095
2021-02-02,1.897,-0.0089
2021-02-03,1.913,0.0084
2021-02-04,1.865,-0.025099999999999997
2021-02-05,1.827,-0.0204
2021-02-08,1.87,0.0235
2021-02-09,1.897,0.0144
2021-02-10,1.915,0.0095
2021-02-18,1.97,0.0287
2021-02-19,2.082,0.056900000000000006
2021-02-22,2.111,0.0139
2021-02-23,2.05,-0.028900000000000002
2021-02-24,2.049,-0.0005
2021-02-25,2.026,-0.011200000000000002
2021-02-26,1.994,-0.0158
2021-03-01,2.042,0.0241
2021-03-02,2.024,-0.0088
2021-03-03,2.034,0.0049
2021-03-04,1.978,-0.0275
2021-03-05,1.978,0.0
2021-03-08,1.925,-0.0268
2021-03-09,1.852,-0.0379
2021-03-10,1.84,-0.006500000000000001
2021-03-11,1.864,0.013000000000000001
2021-03-12,1.856,-0.0043
2021-03-15,1.824,-0.0172
2021-03-16,1.823,-0.0005
2021-03-17,1.867,0.0241
2021-03-18,1.855,-0.0064
2021-03-19,1.833,-0.011899999999999999
2021-03-22,1.861,0.015300000000000001
2021-03-23,1.854,-0.0038
2021-03-24,1.836,-0.0097
2021-03-25,1.842,0.0033
2021-03-26,1.86,0.0098
2021-03-29,1.851,-0.0048
2021-03-30,1.846,-0.0027
2021-03-31,1.836,-0.0054
2021-04-01,1.848,0.006500000000000001
2021-04-02,1.876,0.0152
2021-04-06,1.865,-0.0059
2021-04-07,1.862,-0.0016
2021-04-08,1.85,-0.0064
2021-04-09,1.837,-0.006999999999999999
2021-04-12,1.803,-0.018500000000000003
2021-04-13,1.819,0.0089
2021-04-14,1.811,-0.0044
2021-04-15,1.799,-0.0066
2021-04-16,1.818,0.0106
2021-04-19,1.846,0.0154
2021-04-20,1.852,0.0033
2021-04-21,1.853,0.0005
2021-04-22,1.86,0.0038
2021-04-23,1.869,0.0048
2021-04-26,1.854,-0.008
2021-04-27,1.848,-0.0032
2021-04-28,1.832,-0.0087
2021-04-29,1.837,0.0027
2021-04-30,1.836,-0.0005
2021-05-06,1.819,-0.009300000000000001
2021-05-07,1.811,-0.0044
2021-05-10,1.79,-0.0116
2021-05-11,1.796,0.0034000000000000002
2021-05-12,1.846,0.0278
2021-05-13,1.829,-0.0092
2021-05-14,1.852,0.0126
2021-05-17,1.849,-0.0016
2021-05-18,1.851,0.0011
2021-05-19,1.831,-0.0108
2021-05-20,1.841,0.0055000000000000005
2021-05-21,1.836,-0.0027
2021-05-24,1.819,-0.009300000000000001
2021-05-25,1.835,0.0088
2021-05-26,1.842,0.0038
2021-05-27,1.864,0.011899999999999999
2021-05-28,1.858,-0.0032
2021-05-31,1.875,0.0091
2021-06-01,1.889,0.0075
2021-06-02,1.879,-0.0053
2021-06-03,1.864,-0.008
2021-06-04,1.876,0.0064
2021-06-07,1.879,0.0016
2021-06-08,1.88,0.0005
2021-06-09,1.875,-0.0027
2021-06-10,1.875,0.0
2021-06-11,1.865,-0.0053
2021-06-15,1.842,-0.0123
2021-06-16,1.832,-0.0054
2021-06-17,1.832,0.0
2021-06-18,1.824,-0.0044
2021-06-21,1.811,-0.0070999999999999995
2021-06-22,1.821,0.0055000000000000005
2021-06-23,1.83,0.0049
2021-06-24,1.805,-0.0137
2021-06-25,1.803,-0.0011
2021-06-28,1.847,0.024399999999999998
2021-06-29,1.817,-0.016200000000000003
2021-06-30,1.82,0.0017000000000000001
2021-07-01,1.798,-0.0121
2021-07-02,1.792,-0.0033
2021-07-05,1.814,0.0123
2021-07-06,1.82,0.0033
2021-07-07,1.819,-0.0005
2021-07-08,1.844,0.0137
2021-07-09,1.851,0.0038
2021-07-12,1.87,0.0103
2021-07-13,1.872,0.0011
2021-07-14,1.848,-0.0128
2021-07-15,1.847,-0.0005
2021-07-16,1.832,-0.008100000000000001
2021-07-19,1.871,0.0213
2021-07-20,1.863,-0.0043
2021-07-21,1.879,0.0086
2021-07-22,1.88,0.0005
2021-07-23,1.872,-0.0043
2021-07-26,1.854,-0.0096
2021-07-27,1.834,-0.0108
2021-07-28,1.808,-0.014199999999999999
2021-07-29,1.861,0.029300000000000003
2021-07-30,1.908,0.0253
2021-08-02,1.963,0.0288
2021-08-03,1.97,0.0036
2021-08-04,1.98,0.0051
2021-08-05,1.981,0.0005
2021-08-06,1.956,-0.0126
2021-08-09,1.979,0.0118
2021-08-10,1.975,-0.002
2021-08-11,1.963,-0.0060999999999999995
2021-08-12,1.95,-0.0066
2021-08-13,1.956,0.0031
2021-08-16,1.928,-0.0143
2021-08-17,1.864,-0.0332
2021-08-18,1.858,-0.0032
2021-08-19,1.857,-0.0005
2021-08-20,1.842,-0.008100000000000001
2021-08-23,1.868,0.0141
2021-08-24,1.868,0.0
2021-08-25,1.88,0.0064
2021-08-26,1.824,-0.0298
2021-08-27,1.823,-0.0005
2021-08-30,1.823,0.0
2021-08-31,1.814,-0.0049
2021-09-01,1.809,-0.0028000000000000004
2021-09-02,1.812,0.0017000000000000001
2021-09-03,1.843,0.0171
2021-09-06,1.86,0.0092
2021-09-07,1.859,-0.0005
2021-09-08,1.884,0.0134
2021-09-09,1.866,-0.0096
2021-09-10,1.851,-0.008
2021-09-13,1.829,-0.011899999999999999
2021-09-14,1.823,-0.0033
2021-09-15,1.826,0.0016
2021-09-16,1.822,-0.0022
2021-09-17,1.808,-0.0077
2021-09-22,1.774,-0.018799999999999997
2021-09-23,1.812,0.021400000000000002
2021-09-24,1.782,-0.0166
2021-09-27,1.774,-0.0045000000000000005
2021-09-28,1.773,-0.0006
2021-09-29,1.759,-0.0079
2021-09-30,1.773,0.008
2021-10-08,1.823,0.0282
2021-10-11,1.837,0.0077
2021-10-12,1.81,-0.0147
2021-10-13,1.794,-0.0088
2021-10-14,1.805,0.0060999999999999995
2021-10-15,1.781,-0.013300000000000001
2021-10-18,1.823,0.0236
2021-10-19,1.859,0.0197
2021-10-20,1.846,-0.006999999999999999
2021-10-21,1.835,-0.006
2021-10-22,1.812,-0.0125
2021-10-25,1.824,0.0066
2021-10-26,1.816,-0.0044
2021-10-27,1.808,-0.0044
2021-10-28,1.771,-0.020499999999999997
2021-10-29,1.787,0.009000000000000001
2021-11-01,1.814,0.0151
2021-11-02,1.808,-0.0033
2021-11-03,1.847,0.0216
2021-11-04,1.861,0.0076
2021-11-05,1.837,-0.0129
2021-11-08,1.844,0.0038
2021-11-09,1.877,0.0179
2021-11-10,1.873,-0.0021
2021-11-11,1.904,0.0166
2021-11-12,1.922,0.0095
2021-11-15,1.881,-0.0213
2021-11-16,1.867,-0.0074
2021-11-17,1.868,0.0005
2021-11-18,1.859,-0.0048
2021-11-19,1.872,0.006999999999999999
2021-11-22,1.869,-0.0016
2021-11-23,1.859,-0.0054
2021-11-24,1.835,-0.0129
2021-11-25,1.83,-0.0027
2021-11-26,1.812,-0.0098
2021-11-29,1.808,-0.0022
2021-11-30,1.805,-0.0017000000000000001
2021-12-01,1.811,0.0033
2021-12-02,1.812,0.0006
2021-12-03,1.834,0.0121
2021-12-06,1.831,-0.0016
2021-12-07,1.834,0.0016
2021-12-08,1.862,0.015300000000000001
2021-12-09,1.896,0.0183
2021-12-10,1.876,-0.0105
2021-12-13,1.875,-0.0005
2021-12-14,1.875,0.0
2021-12-15,1.869,-0.0032
2021-12-16,1.885,0.0086
2021-12-17,1.882,-0.0016
2021-12-20,1.879,-0.0016
2021-12-21,1.903,0.0128
2021-12-22,1.904,0.0005
2021-12-23,1.933,0.0152
2021-12-24,1.927,-0.0031
2021-12-27,1.909,-0.009300000000000001
2021-12-28,1.925,0.0084
2021-12-29,1.889,-0.0187
2021-12-30,1.91,0.0111
2021-12-31,1.926,0.0084
2022-01-04,1.949,0.011899999999999999
2022-01-05,1.937,-0.0062
2022-01-06,1.913,-0.0124
2022-01-07,1.891,-0.0115
2022-01-10,1.906,0.0079
2022-01-11,1.879,-0.014199999999999999
2022-01-12,1.885,0.0032
2022-01-13,1.864,-0.0111
2022-01-14,1.829,-0.018799999999999997
2022-01-17,1.86,0.0169
2022-01-18,1.874,0.0075
2022-01-19,1.876,0.0011
2022-01-20,1.871,-0.0027
2022-01-21,1.838,-0.0176
2022-01-24,1.853,0.008199999999999999
2022-01-25,1.796,-0.0308
2022-01-26,1.835,0.0217
2022-01-27,1.802,-0.018000000000000002
2022-01-28,1.797,-0.0028000000000000004
2022-02-07,1.843,0.0256
2022-02-08,1.866,0.0125
2022-02-09,1.883,0.0091
2022-02-10,1.898,0.008
2022-02-11,1.87,-0.0148
2022-02-14,1.793,-0.0412
2022-02-15,1.786,-0.0039000000000000003
2022-02-16,1.802,0.009000000000000001
2022-02-17,1.799,-0.0017000000000000001
2022-02-18,1.812,0.0072
2022-02-21,1.823,0.0060999999999999995
2022-02-22,1.804,-0.0104
2022-02-23,1.794,-0.0055000000000000005
2022-02-24,1.778,-0.0089
2022-02-25,1.768,-0.005600000000000001
2022-02-28,1.766,-0.0011
2022-03-01,1.784,0.0102
2022-03-02,1.795,0.0062
2022-03-03,1.804,0.005
2022-03-04,1.778,-0.0144
2022-03-07,1.768,-0.005600000000000001
2022-03-08,1.703,-0.0368
2022-03-09,1.677,-0.015300000000000001
2022-03-10,1.684,0.0042
2022-03-11,1.696,0.0070999999999999995
2022-03-14,1.648,-0.028300000000000002
2022-03-15,1.568,-0.048499999999999995
2022-03-16,1.606,0.0242
2022-03-17,1.634,0.0174
2022-03-18,1.664,0.0184
2022-03-21,1.687,0.0138
2022-03-22,1.688,0.0006
2022-03-23,1.688,0.0
2022-03-24,1.672,-0.0095
2022-03-25,1.682,0.006
2022-03-28,1.705,0.0137
2022-03-29,1.726,0.0123
2022-03-30,1.751,0.014499999999999999
2022-03-31,1.755,0.0023
2022-04-01,1.745,-0.005699999999999999
2022-04-06,1.766,0.012
2022-04-07,1.732,-0.019299999999999998
2022-04-08,1.733,0.0006
2022-04-11,1.766,0.019
2022-04-12,1.768,0.0011
2022-04-13,1.763,-0.0028000000000000004
2022-04-14,1.769,0.0034000000000000002
2022-04-15,1.754,-0.0085
2022-04-18,1.765,0.0063
2022-04-19,1.81,0.0255
2022-04-20,1.792,-0.009899999999999999
2022-04-21,1.71,-0.0458
2022-04-22,1.675,-0.020499999999999997
2022-04-25,1.604,-0.0424
2022-04-26,1.564,-0.024900000000000002
2022-04-27,1.633,0.0441
2022-04-28,1.619,-0.0086
2022-04-29,1.652,0.0204
2022-05-05,1.687,0.0212
2022-05-06,1.666,-0.0124
2022-05-09,1.702,0.0216
2022-05-10,1.741,0.0229
2022-05-11,1.72,-0.0121
2022-05-12,1.698,-0.0128
2022-05-13,1.715,0.01
2022-05-16,1.772,0.0332
2022-05-17,1.747,-0.0141
2022-05-18,1.734,-0.0074
2022-05-19,1.752,0.0104
2022-05-20,1.776,0.0137
2022-05-23,1.814,0.021400000000000002
2022-05-24,1.76,-0.0298
2022-05-25,1.778,0.0102
2022-05-26,1.791,0.0073
2022-05-27,1.829,0.0212
2022-05-30,1.834,0.0027
2022-05-31,1.865,0.0169
2022-06-01,1.836,-0.0155
2022-06-02,1.832,-0.0022
2022-06-06,1.837,0.0027
2022-06-07,1.802,-0.0191
2022-06-08,1.808,0.0033
2022-06-09,1.84,0.0177
2022-06-10,1.844,0.0022
2022-06-13,1.845,0.0005
2022-06-14,1.838,-0.0038
2022-06-15,1.834,-0.0022
2022-06-16,1.819,-0.008199999999999999
2022-06-17,1.817,-0.0011
2022-06-20,1.802,-0.0083
2022-06-21,1.774,-0.0155
2022-06-22,1.75,-0.013500000000000002
2022-06-23,1.756,0.0034000000000000002
2022-06-24,1.752,-0.0023
2022-06-27,1.778,0.0148
2022-06-28,1.788,0.005600000000000001
2022-06-29,1.766,-0.0123
2022-06-30,1.755,-0.0062
2022-07-01,1.753,-0.0011
2022-07-04,1.789,0.020499999999999997
2022-07-05,1.778,-0.0060999999999999995
2022-07-06,1.723,-0.030899999999999997
2022-07-07,1.726,0.0017000000000000001
2022-07-08,1.727,0.0006
2022-07-11,1.751,0.0139
2022-07-12,1.745,-0.0034000000000000002
2022-07-13,1.753,0.0046
2022-07-14,1.738,-0.0086
2022-07-15,1.691,-0.027000000000000003
2022-07-18,1.724,0.0195
2022-07-19,1.727,0.0017000000000000001
2022-07-20,1.727,0.0
2022-07-21,1.7,-0.015600000000000001
2022-07-22,1.675,-0.0147
2022-07-25,1.67,-0.003
2022-07-26,1.692,0.0132
2022-07-27,1.699,0.0040999999999999995
2022-07-28,1.698,-0.0006
2022-07-29,1.697,-0.0006
2022-08-01,1.684,-0.0077
2022-08-02,1.683,-0.0006
2022-08-03,1.668,-0.0089
2022-08-04,1.658,-0.006
2022-08-05,1.694,0.0217
2022-08-08,1.695,0.0006
2022-08-09,1.69,-0.0029
2022-08-10,1.689,-0.0006
2022-08-11,1.703,0.0083
2022-08-12,1.724,0.0123
2022-08-15,1.727,0.0017000000000000001
2022-08-16,1.727,0.0
2022-08-17,1.74,0.0075
2022-08-18,1.709,-0.0178
2022-08-19,1.719,0.0059
2022-08-22,1.748,0.0169
2022-08-23,1.763,0.0086
2022-08-24,1.764,0.0006
2022-08-25,1.796,0.0181
2022-08-26,1.805,0.005
2022-08-29,1.811,0.0033
2022-08-30,1.785,-0.0144
2022-08-31,1.728,-0.0319
2022-09-01,1.735,0.0040999999999999995
2022-09-02,1.74,0.0029
2022-09-05,1.763,0.0132
2022-09-06,1.782,0.0108
2022-09-07,1.781,-0.0006
2022-09-08,1.748,-0.018500000000000003
2022-09-09,1.754,0.0034000000000000002
2022-09-13,1.764,0.005699999999999999
2022-09-14,1.74,-0.013600000000000001
2022-09-15,1.722,-0.0103
2022-09-16,1.684,-0.022099999999999998
2022-09-19,1.683,-0.0006
2022-09-20,1.686,0.0018
2022-09-21,1.71,0.014199999999999999
2022-09-22,1.712,0.0012
2022-09-23,1.689,-0.0134
2022-09-26,1.617,-0.0426
2022-09-27,1.633,0.009899999999999999
2022-09-28,1.589,-0.0269
2022-09-29,1.593,0.0025
2022-09-30,1.594,0.0006
2022-10-10,1.607,0.008199999999999999
2022-10-11,1.611,0.0025
2022-10-12,1.634,0.0143
2022-10-13,1.656,0.013500000000000002
2022-10-14,1.672,0.0097
2022-10-17,1.69,0.0108
2022-10-18,1.677,-0.0077
2022-10-19,1.638,-0.0233
2022-10-20,1.64,0.0012
2022-10-21,1.634,-0.0037
2022-10-24,1.645,0.0067
2022-10-25,1.633,-0.0073
2022-10-26,1.64,0.0043
2022-10-27,1.663,0.013999999999999999
2022-10-28,1.621,-0.0253
2022-10-31,1.641,0.0123
2022-11-01,1.688,0.0286
2022-11-02,1.699,0.006500000000000001
2022-11-03,1.698,-0.0006
2022-11-04,1.713,0.0088
2022-11-07,1.739,0.0152
2022-11-08,1.724,-0.0086
2022-11-09,1.718,-0.0034999999999999996
2022-11-10,1.718,0.0
2022-11-11,1.734,0.009300000000000001
2022-11-14,1.719,-0.0087
2022-11-15,1.726,0.0040999999999999995
2022-11-16,1.726,0.0
2022-11-17,1.695,-0.018000000000000002
2022-11-18,1.675,-0.0118
2022-11-21,1.682,0.0042
2022-11-22,1.684,0.0012
2022-11-23,1.7,0.0095
2022-11-24,1.702,0.0012
2022-11-25,1.712,0.0059
2022-11-28,1.708,-0.0023
2022-11-29,1.719,0.0064
2022-11-30,1.734,0.0087
2022-12-01,1.758,0.0138
2022-12-02,1.75,-0.0046
2022-12-05,1.782,0.0183
2022-12-06,1.776,-0.0034000000000000002
2022-12-07,1.772,-0.0023
2022-12-08,1.742,-0.0169
2022-12-09,1.729,-0.0075
2022-12-12,1.721,-0.0046
2022-12-13,1.732,0.0064
2022-12-14,1.725,-0.004
2022-12-15,1.728,0.0017000000000000001
2022-12-16,1.72,-0.0046
2022-12-19,1.658,-0.036000000000000004
2022-12-20,1.632,-0.015700000000000002
2022-12-21,1.635,0.0018
2022-12-22,1.628,-0.0043
2022-12-23,1.603,-0.0154
2022-12-26,1.621,0.011200000000000002
2022-12-27,1.677,0.0345
2022-12-28,1.658,-0.0113
2022-12-29,1.644,-0.0084
2022-12-30,1.654,0.0060999999999999995
2022-12-31,1.654,0.0
2023-01-03,1.674,0.0121
2023-01-04,1.679,0.003
2023-01-05,1.688,0.0054
2023-01-06,1.684,-0.0024
2023-01-09,1.694,0.0059
2023-01-10,1.691,-0.0018
2023-01-11,1.675,-0.0095
2023-01-12,1.672,-0.0018
2023-01-13,1.685,0.0078000000000000005
2023-01-16,1.694,0.0053
2023-01-17,1.69,-0.0024
2023-01-18,1.69,0.0
2023-01-19,1.698,0.004699999999999999
2023-01-20,1.731,0.0194
2023-01-30,1.74,0.0052
2023-01-31,1.748,0.0046
2023-02-01,1.769,0.012
2023-02-02,1.782,0.0073
2023-02-03,1.78,-0.0011
2023-02-06,1.76,-0.011200000000000002
2023-02-07,1.773,0.0074
2023-02-08,1.746,-0.0152
2023-02-09,1.76,0.008
2023-02-10,1.757,-0.0017000000000000001
2023-02-13,1.75,-0.004
2023-02-14,1.709,-0.023399999999999997
2023-02-15,1.707,-0.0012
2023-02-16,1.669,-0.0223
2023-02-17,1.661,-0.0048
2023-02-20,1.675,0.0084
2023-02-21,1.682,0.0042
2023-02-22,1.691,0.0054
2023-02-23,1.69,-0.0006
2023-02-24,1.676,-0.0083
2023-02-27,1.669,-0.0042
2023-02-28,1.672,0.0018
2023-03-01,1.673,0.0006
2023-03-02,1.656,-0.0102
2023-03-03,1.664,0.0048
2023-03-06,1.684,0.012
2023-03-07,1.667,-0.0101
2023-03-08,1.663,-0.0024
2023-03-09,1.652,-0.0066
2023-03-10,1.641,-0.0067
2023-03-13,1.646,0.003
2023-03-14,1.657,0.0067
2023-03-15,1.662,0.003
2023-03-16,1.644,-0.0108
2023-03-17,1.648,0.0024
2023-03-20,1.647,-0.0006
2023-03-21,1.645,-0.0012
2023-03-22,1.643,-0.0012
2023-03-23,1.643,0.0
2023-03-24,1.644,0.0006
2023-03-27,1.647,0.0018
2023-03-28,1.643,-0.0024
2023-03-29,1.616,-0.016399999999999998
2023-03-30,1.635,0.0118
2023-03-31,1.646,0.0067
2023-04-03,1.661,0.0091
2023-04-04,1.655,-0.0036
2023-04-06,1.657,0.0012
2023-04-07,1.657,0.0
2023-04-10,1.647,-0.006
2023-04-11,1.644,-0.0018
2023-04-12,1.637,-0.0043
2023-04-13,1.617,-0.012199999999999999
2023-04-14,1.618,0.0006
2023-04-17,1.612,-0.0037
2023-04-18,1.598,-0.0087
2023-04-19,1.592,-0.0038
2023-04-20,1.572,-0.0126
2023-04-21,1.549,-0.0146
2023-04-24,1.52,-0.0187
2023-04-25,1.504,-0.0105
2023-04-26,1.529,0.0166
2023-04-27,1.533,0.0026
2023-04-28,1.538,0.0033
2023-05-04,1.546,0.0052
2023-05-05,1.532,-0.0091
2023-05-08,1.533,0.0007000000000000001
2023-05-09,1.53,-0.002
2023-05-10,1.531,0.0007000000000000001
2023-05-11,1.535,0.0026
2023-05-12,1.517,-0.011699999999999999
2023-05-15,1.527,0.0066
2023-05-16,1.515,-0.0079
2023-05-17,1.518,0.002
2023-05-18,1.506,-0.0079
2023-05-19,1.514,0.0053
2023-05-22,1.519,0.0033
2023-05-23,1.503,-0.0105
2023-05-24,1.503,0.0
2023-05-25,1.498,-0.0033
2023-05-26,1.489,-0.006
2023-05-29,1.482,-0.004699999999999999
2023-05-30,1.487,0.0034000000000000002
2023-05-31,1.488,0.0007000000000000001
2023-06-01,1.503,0.0101
2023-06-02,1.51,0.004699999999999999
2023-06-05,1.489,-0.0139
2023-06-06,1.465,-0.0161
2023-06-07,1.468,0.002
2023-06-08,1.487,0.0129
2023-06-09,1.495,0.0054
2023-06-12,1.492,-0.002
2023-06-13,1.481,-0.0074
2023-06-14,1.491,0.0068000000000000005
2023-06-15,1.485,-0.004
2023-06-16,1.506,0.0141
2023-06-19,1.504,-0.0013
2023-06-20,1.512,0.0053
2023-06-21,1.49,-0.0146
2023-06-26,1.468,-0.0148
2023-06-27,1.492,0.0163
2023-06-28,1.483,-0.006
2023-06-29,1.507,0.016200000000000003
2023-06-30,1.516,0.006
2023-07-03,1.527,0.0073
2023-07-04,1.536,0.0059
2023-07-05,1.525,-0.0072
2023-07-06,1.53,0.0033
2023-07-07,1.539,0.0059
2023-07-10,1.547,0.0052
2023-07-11,1.538,-0.0058
2023-07-12,1.532,-0.0039000000000000003
2023-07-13,1.546,0.0091
2023-07-14,1.542,-0.0026
2023-07-17,1.548,0.0039000000000000003
2023-07-18,1.551,0.0019
2023-07-19,1.541,-0.0064
2023-07-20,1.525,-0.0104
2023-07-21,1.534,0.0059
2023-07-24,1.509,-0.0163
2023-07-25,1.514,0.0033
2023-07-26,1.514,0.0
2023-07-27,1.5,-0.0092
2023-07-28,1.502,0.0013
2023-07-31,1.525,0.015300000000000001
2023-08-01,1.515,-0.0066
2023-08-02,1.511,-0.0026
2023-08-03,1.514,0.002
2023-08-04,1.512,-0.0013
2023-08-07,1.53,0.011899999999999999
2023-08-08,1.525,-0.0033
2023-08-09,1.502,-0.0151
2023-08-10,1.515,0.0087
2023-08-11,1.474,-0.0271
2023-08-14,1.477,0.002
2023-08-15,1.466,-0.0074
2023-08-16,1.462,-0.0027
2023-08-17,1.478,0.0109
2023-08-18,1.461,-0.0115
2023-08-21,1.442,-0.013000000000000001
2023-08-22,1.468,0.018000000000000002
2023-08-23,1.474,0.0040999999999999995
2023-08-24,1.498,0.0163
2023-08-25,1.463,-0.023399999999999997
2023-08-28,1.437,-0.0178
2023-08-29,1.473,0.025099999999999997
2023-08-30,1.502,0.0197
2023-08-31,1.475,-0.018000000000000002
2023-09-01,1.47,-0.0034000000000000002
2023-09-04,1.482,0.008199999999999999
2023-09-05,1.479,-0.002
2023-09-06,1.472,-0.004699999999999999
2023-09-07,1.455,-0.0115
2023-09-08,1.458,0.0021
2023-09-11,1.468,0.0069
2023-09-12,1.472,0.0027
2023-09-13,1.456,-0.0109
2023-09-14,1.441,-0.0103
2023-09-15,1.439,-0.0014000000000000002
2023-09-18,1.438,-0.0007000000000000001
2023-09-19,1.437,-0.0007000000000000001
2023-09-20,1.437,0.0
2023-09-21,1.415,-0.015300000000000001
2023-09-22,1.432,0.012
2023-09-25,1.444,0.0084
2023-09-26,1.441,-0.0021
2023-09-27,1.441,0.0
2023-09-28,1.444,0.0021
2023-10-09,1.447,0.0021
2023-10-10,1.46,0.009000000000000001
2023-10-11,1.45,-0.0068000000000000005
2023-10-12,1.452,0.0014000000000000002
2023-10-13,1.435,-0.011699999999999999
2023-10-16,1.449,0.0098
2023-10-17,1.454,0.0034999999999999996
2023-10-18,1.488,0.023399999999999997
2023-10-19,1.462,-0.0175
2023-10-20,1.426,-0.0246
2023-10-23,1.406,-0.013999999999999999
2023-10-24,1.421,0.010700000000000001
2023-10-25,1.449,0.0197
2023-10-26,1.456,0.0048
2023-10-27,1.46,0.0027
2023-10-30,1.496,0.024700000000000003
2023-10-31,1.477,-0.0127
2023-11-01,1.48,0.002
2023-11-02,1.439,-0.0277
2023-11-03,1.454,0.0104
2023-11-06,1.472,0.0124
2023-11-07,1.489,0.0115
2023-11-08,1.489,0.0
2023-11-09,1.475,-0.009399999999999999
2023-11-10,1.48,0.0034000000000000002
2023-11-13,1.503,0.0155
2023-11-14,1.518,0.01
2023-11-15,1.519,0.0007000000000000001
2023-11-16,1.512,-0.0046
2023-11-17,1.512,0.0
2023-11-20,1.539,0.0179
2023-11-21,1.529,-0.006500000000000001
2023-11-22,1.516,-0.0085
2023-11-23,1.521,0.0033
2023-11-24,1.507,-0.0092
2023-11-27,1.535,0.018600000000000002
2023-11-28,1.538,0.002
2023-11-29,1.542,0.0026
2023-11-30,1.529,-0.0084
2023-12-01,1.522,-0.0046
2023-12-04,1.496,-0.0171
2023-12-05,1.472,-0.016
2023-12-06,1.499,0.0183
2023-12-07,1.508,0.006
2023-12-08,1.485,-0.015300000000000001
2023-12-11,1.499,0.009399999999999999
2023-12-12,1.493,-0.004
2023-12-13,1.469,-0.0161
2023-12-14,1.455,-0.0095
2023-12-15,1.442,-0.0089
2023-12-18,1.422,-0.0139
2023-12-19,1.417,-0.0034999999999999996
2023-12-20,1.394,-0.016200000000000003
2023-12-21,1.396,0.0014000000000000002
2023-12-22,1.377,-0.013600000000000001
2023-12-25,1.371,-0.0044
2023-12-26,1.359,-0.0088
2023-12-27,1.372,0.0096
2023-12-28,1.376,0.0029
2023-12-29,1.396,0.014499999999999999
2023-12-31,1.396,0.0
2024-01-02,1.398,0.0014000000000000002
2024-01-03,1.381,-0.012199999999999999
2024-01-04,1.372,-0.006500000000000001
2024-01-05,1.343,-0.021099999999999997
2024-01-08,1.309,-0.0253
2024-01-09,1.312,0.0023
2024-01-10,1.301,-0.0084
2024-01-11,1.336,0.0269
2024-01-12,1.326,-0.0075
2024-01-15,1.309,-0.0128
2024-01-16,1.302,-0.0053
2024-01-17,1.265,-0.028399999999999998
2024-01-18,1.252,-0.0103
2024-01-19,1.234,-0.0144
2024-01-22,1.163,-0.0575
2024-01-23,1.174,0.0095
2024-01-24,1.174,0.0
2024-01-25,1.211,0.0315
2024-01-26,1.206,-0.0040999999999999995
2024-01-29,1.179,-0.022400000000000003
2024-01-30,1.158,-0.0178
2024-01-31,1.105,-0.0458
2024-02-01,1.1,-0.0045000000000000005
2024-02-02,1.075,-0.0227
2024-02-05,1.0,-0.0698
2024-02-06,1.038,0.038
2024-02-07,1.055,0.016399999999999998
2024-02-08,1.114,0.0559
2024-02-19,1.115,0.0009
2024-02-20,1.132,0.0152
2024-02-21,1.135,0.0027
2024-02-22,1.157,0.0194
2024-02-23,1.181,0.0207
2024-02-26,1.188,0.0059
2024-02-27,1.226,0.032
2024-02-28,1.175,-0.0416
2024-02-29,1.202,0.023
2024-03-01,1.209,0.0058
2024-03-04,1.213,0.0033
2024-03-05,1.205,-0.0066
2024-03-06,1.203,-0.0017000000000000001
2024-03-07,1.197,-0.005
2024-03-08,1.199,0.0017000000000000001
2024-03-11,1.215,0.013300000000000001
2024-03-12,1.227,0.009899999999999999
2024-03-13,1.231,0.0033
2024-03-14,1.222,-0.0073
2024-03-15,1.24,0.0147
2024-03-18,1.254,0.0113
2024-03-19,1.265,0.0088
2024-03-20,1.272,0.0055000000000000005
2024-03-21,1.297,0.0197
2024-03-22,1.267,-0.0231
2024-03-25,1.248,-0.015
2024-03-26,1.232,-0.0128
2024-03-27,1.202,-0.024399999999999998
2024-03-28,1.223,0.0175
2024-03-29,1.266,0.0352
2024-04-01,1.285,0.015
2024-04-02,1.266,-0.0148
2024-04-03,1.269,0.0024
2024-04-08,1.261,-0.0063
2024-04-09,1.259,-0.0016
2024-04-10,1.236,-0.0183
2024-04-11,1.221,-0.0121
2024-04-12,1.228,0.005699999999999999
2024-04-15,1.205,-0.0187
2024-04-16,1.163,-0.0349
2024-04-17,1.182,0.0163
2024-04-18,1.184,0.0017000000000000001
2024-04-19,1.179,-0.0042
2024-04-22,1.171,-0.0068000000000000005
2024-04-23,1.15,-0.0179
2024-04-24,1.158,0.006999999999999999
2024-04-25,1.155,-0.0026
2024-04-26,1.173,0.015600000000000001
2024-04-29,1.165,-0.0068000000000000005
2024-04-30,1.161,-0.0034000000000000002
2024-05-06,1.188,0.0233
2024-05-07,1.189,0.0008
2024-05-08,1.214,0.021
2024-05-09,1.225,0.0091
2024-05-10,1.241,0.0131
2024-05-13,1.229,-0.0097
2024-05-14,1.236,0.005699999999999999
2024-05-15,1.224,-0.0097
2024-05-16,1.22,-0.0033
2024-05-17,1.227,0.005699999999999999
2024-05-20,1.284,0.04650000000000001
2024-05-21,1.261,-0.0179
2024-05-22,1.249,-0.0095
2024-05-23,1.221,-0.022400000000000003
2024-05-24,1.225,0.0033
2024-05-27,1.234,0.0073
2024-05-28,1.225,-0.0073
2024-05-29,1.247,0.018000000000000002
2024-05-30,1.211,-0.028900000000000002
2024-05-31,1.217,0.005
2024-06-03,1.206,-0.009000000000000001
2024-06-04,1.213,0.0058
2024-06-05,1.191,-0.0181
2024-06-06,1.194,0.0025
2024-06-07,1.193,-0.0008
2024-06-11,1.171,-0.0184
2024-06-12,1.176,0.0043
2024-06-13,1.14,-0.030600000000000002
2024-06-14,1.145,0.0044
2024-06-17,1.128,-0.0148
2024-06-18,1.124,-0.0034999999999999996
2024-06-19,1.118,-0.0053
2024-06-20,1.119,0.0009
2024-06-21,1.125,0.0054
2024-06-24,1.09,-0.0311
2024-06-25,1.088,-0.0018
2024-06-26,1.087,-0.0009
2024-06-27,1.076,-0.0101
2024-06-28,1.085,0.0084
2024-06-30,1.085,0.0
2024-07-01,1.123,0.035
2024-07-02,1.105,-0.016
2024-07-03,1.091,-0.0127
2024-07-04,1.078,-0.011899999999999999
2024-07-05,1.112,0.0315
2024-07-08,1.106,-0.0054
2024-07-09,1.101,-0.0045000000000000005
2024-07-10,1.097,-0.0036
2024-07-11,1.113,0.0146
2024-07-12,1.099,-0.0126
2024-07-15,1.124,0.0227
2024-07-16,1.142,0.016
2024-07-17,1.14,-0.0018
2024-07-18,1.145,0.0044
2024-07-19,1.125,-0.0175
2024-07-22,1.112,-0.0116
2024-07-23,1.066,-0.0414
2024-07-24,1.053,-0.012199999999999999
2024-07-25,1.03,-0.0218
2024-07-26,1.033,0.0029
2024-07-29,1.027,-0.0058
2024-07-30,1.033,0.0058
2024-07-31,1.066,0.0319
2024-08-01,1.065,-0.0009
2024-08-02,1.074,0.0085
2024-08-05,1.054,-0.018600000000000002
2024-08-06,1.045,-0.0085
2024-08-07,1.028,-0.0163
2024-08-08,1.024,-0.0039000000000000003
2024-08-09,1.018,-0.0059
2024-08-12,1.023,0.0049
2024-08-13,1.027,0.0039000000000000003
2024-08-14,1.012,-0.0146
2024-08-15,1.012,0.0
2024-08-16,0.985,-0.026699999999999998
2024-08-19,1.001,0.016200000000000003
2024-08-20,0.977,-0.024
2024-08-21,0.982,0.0051
2024-08-22,0.968,-0.0143
2024-08-23,0.964,-0.0040999999999999995
2024-08-26,0.967,0.0031
2024-08-27,0.947,-0.0207
2024-08-28,0.942,-0.0053
2024-08-29,0.95,0.0085
2024-08-30,0.946,-0.0042
2024-09-02,0.925,-0.0222
2024-09-03,0.921,-0.0043
2024-09-04,0.909,-0.013000000000000001
2024-09-05,0.915,0.0066
2024-09-06,0.912,-0.0033
2024-09-09,0.899,-0.0143
2024-09-10,0.896,-0.0033
2024-09-11,0.897,0.0011
2024-09-12,0.892,-0.005600000000000001
2024-09-13,0.897,0.005600000000000001
2024-09-18,0.885,-0.0134
2024-09-19,0.902,0.0192
2024-09-20,0.91,0.0089
2024-09-23,0.914,0.0044
2024-09-24,0.939,0.0274
2024-09-25,0.948,0.0096
2024-09-26,0.978,0.0316
2024-09-27,1.004,0.026600000000000002
2024-09-30,1.072,0.0677
2024-10-08,1.086,0.0131
2024-10-09,1.001,-0.0783
2024-10-10,1.015,0.013999999999999999
2024-10-11,0.998,-0.0167
2024-10-14,1.024,0.026099999999999998
2024-10-15,1.0,-0.023399999999999997
2024-10-16,1.02,0.02
2024-10-17,1.008,-0.0118
2024-10-18,1.034,0.0258
2024-10-21,1.053,0.0184
2024-10-22,1.06,0.0066
2024-10-23,1.058,-0.0019
2024-10-24,1.042,-0.0151
2024-10-25,1.041,-0.001
2024-10-28,1.051,0.0096
2024-10-29,1.042,-0.0086
2024-10-30,1.052,0.0096
2024-10-31,1.058,0.005699999999999999
2024-11-01,1.054,-0.0038
2024-11-04,1.049,-0.004699999999999999
2024-11-05,1.072,0.0219
2024-11-06,1.078,0.005600000000000001
2024-11-07,1.07,-0.0074
2024-11-08,1.068,-0.0019
2024-11-11,1.072,0.0037
2024-11-12,1.057,-0.013999999999999999
2024-11-13,1.056,-0.0009
2024-11-14,1.035,-0.0199
2024-11-15,1.023,-0.0116
2024-11-18,1.002,-0.020499999999999997
2024-11-19,1.024,0.022000000000000002
2024-11-20,1.034,0.0098
2024-11-21,1.052,0.0174
2024-11-22,1.022,-0.0285
2024-11-25,1.019,-0.0029
2024-11-26,1.011,-0.0079
2024-11-27,1.025,0.0138
2024-11-28,1.017,-0.0078000000000000005
2024-11-29,1.029,0.0118
2024-12-02,1.048,0.018500000000000003
2024-12-03,1.048,0.0
2024-12-04,1.047,-0.001
2024-12-05,1.046,-0.001
2024-12-06,1.05,0.0038
2024-12-09,1.057,0.0067
2024-12-10,1.064,0.0066
2024-12-11,1.08,0.015
2024-12-12,1.092,0.0111
2024-12-13,1.066,-0.023799999999999998
2024-12-16,1.05,-0.015
2024-12-17,1.035,-0.0143
2024-12-18,1.033,-0.0019
2024-12-19,1.029,-0.0039000000000000003
2024-12-20,1.028,-0.001
2024-12-23,1.016,-0.011699999999999999
2024-12-24,1.02,0.0039000000000000003
2024-12-25,1.007,-0.0127
2024-12-26,1.012,0.005
2024-12-27,1.015,0.003
2024-12-30,1.01,-0.0049
2024-12-31,0.998,-0.011899999999999999
2025-01-02,0.993,-0.005
2025-01-03,0.986,-0.006999999999999999
2025-01-06,0.985,-0.001
2025-01-07,0.996,0.011200000000000002
2025-01-08,0.995,-0.001
2025-01-09,0.99,-0.005
2025-01-10,0.986,-0.004
2025-01-13,0.989,0.003
2025-01-14,0.997,0.008100000000000001
2025-01-15,0.99,-0.006999999999999999
2025-01-16,1.006,0.016200000000000003
2025-01-17,1.002,-0.004
2025-01-20,0.995,-0.006999999999999999
2025-01-21,0.993,-0.002
2025-01-22,0.997,0.004
2025-01-23,0.999,0.002
2025-01-24,1.005,0.006
2025-01-27,1.008,0.003
2025-02-05,1.023,0.0149
2025-02-06,1.025,0.002
2025-02-07,1.031,0.0059
2025-02-10,1.038,0.0068000000000000005
2025-02-11,1.045,0.0067
2025-02-12,1.038,-0.0067
2025-02-13,1.035,-0.0029
2025-02-14,1.046,0.0106
2025-02-17,1.039,-0.0067
2025-02-18,1.035,-0.0038
2025-02-19,1.045,0.0097
2025-02-20,1.047,0.0019
2025-02-21,1.051,0.0038
2025-02-24,1.043,-0.0076
2025-02-25,1.031,-0.0115
2025-02-26,1.026,-0.0048
2025-02-27,1.022,-0.0039000000000000003
2025-02-28,1.006,-0.015700000000000002
2025-03-03,1.012,0.006
2025-03-04,1.028,0.0158
2025-03-05,1.044,0.015600000000000001
2025-03-06,1.057,0.0125
2025-03-07,1.071,0.0132
2025-03-10,1.073,0.0019
2025-03-11,1.083,0.009300000000000001
2025-03-12,1.086,0.0028000000000000004
2025-03-13,1.079,-0.0064
2025-03-14,1.099,0.018500000000000003
2025-03-17,1.099,0.0
2025-03-18,1.117,0.016399999999999998
2025-03-19,1.125,0.0072
2025-03-20,1.12,-0.0044
2025-03-21,1.104,-0.0143
2025-03-24,1.091,-0.0118
2025-03-25,1.085,-0.0055000000000000005
2025-03-26,1.083,-0.0018
2025-03-27,1.08,-0.0028000000000000004
2025-03-28,1.076,-0.0037
2025-03-31,1.077,0.0009
2025-04-01,1.07,-0.006500000000000001
2025-04-02,1.066,-0.0037
2025-04-03,1.053,-0.012199999999999999
2025-04-07,0.981,-0.0684
2025-04-08,0.974,-0.0070999999999999995
2025-04-09,0.995,0.0216
2025-04-10,1.027,0.0322
2025-04-11,1.051,0.023399999999999997
2025-04-14,1.092,0.039
2025-04-15,1.092,0.0
2025-04-16,1.099,0.0064
2025-04-17,1.094,-0.0045000000000000005
2025-04-18,1.081,-0.011899999999999999
2025-04-21,1.133,0.0481
2025-04-22,1.125,-0.0070999999999999995
2025-04-23,1.097,-0.024900000000000002
2025-04-24,1.087,-0.0091
2025-04-25,1.082,-0.0046
2025-04-28,1.084,0.0018
2025-04-29,1.091,0.006500000000000001
2025-04-30,1.084,-0.0064
2025-05-06,1.11,0.024
2025-05-07,1.111,0.0009
2025-05-08,1.103,-0.0072
2025-05-09,1.089,-0.0127
2025-05-12,1.09,0.0009
2025-05-13,1.097,0.0064
2025-05-14,1.095,-0.0018
2025-05-15,1.078,-0.0155
2025-05-16,1.08,0.0019
2025-05-19,1.079,-0.0009
2025-05-20,1.087,0.0074
2025-05-21,1.109,0.0202
2025-05-22,1.1,-0.008100000000000001
2025-05-23,1.103,0.0027
2025-05-26,1.108,0.0045000000000000005
2025-05-27,1.1,-0.0072
2025-05-28,1.104,0.0036
2025-05-29,1.1,-0.0036
2025-05-30,1.096,-0.0036
2025-06-03,1.121,0.022799999999999997
2025-06-04,1.126,0.0045000000000000005
2025-06-05,1.12,-0.0053
2025-06-06,1.141,0.018799999999999997
2025-06-09,1.153,0.0105
2025-06-10,1.153,0.0
2025-06-11,1.161,0.0069
2025-06-12,1.17,0.0078000000000000005
2025-06-13,1.182,0.0103
2025-06-16,1.17,-0.0102
2025-06-17,1.167,-0.0026
2025-06-18,1.168,0.0009
2025-06-19,1.145,-0.0197
2025-06-20,1.127,-0.015700000000000002
2025-06-23,1.133,0.0053
2025-06-24,1.12,-0.0115
2025-06-25,1.122,0.0018
2025-06-26,1.125,0.0027
2025-06-27,1.127,0.0018
2025-06-30,1.134,0.0062
2025-07-01,1.153,0.0168
2025-07-02,1.152,-0.0009
2025-07-03,1.158,0.0052
2025-07-04,1.15,-0.0069
2025-07-07,1.146,-0.0034999999999999996
2025-07-08,1.155,0.0079
2025-07-09,1.141,-0.0121
2025-07-10,1.148,0.0060999999999999995
2025-07-11,1.167,0.0166
2025-07-14,1.175,0.0069
2025-07-15,1.165,-0.0085
2025-07-16,1.158,-0.006
2025-07-17,1.152,-0.0052
2025-07-18,1.158,0.0052
2025-07-21,1.177,0.016399999999999998
2025-07-22,1.196,0.0161
2025-07-23,1.201,0.0042
2025-07-24,1.201,0.0
2025-07-25,1.203,0.0017000000000000001
2025-07-28,1.186,-0.0141
2025-07-29,1.178,-0.0067
2025-07-30,1.182,0.0034000000000000002
2025-07-31,1.154,-0.023700000000000002
2025-08-01,1.158,0.0034999999999999996
2025-08-04,1.189,0.0268
2025-08-05,1.195,0.005
2025-08-06,1.203,0.0067
2025-08-07,1.209,0.005
2025-08-08,1.22,0.0091
2025-08-11,1.201,-0.015600000000000001
2025-08-12,1.201,0.0
2025-08-13,1.231,0.025
2025-08-14,1.226,-0.0040999999999999995
2025-08-15,1.233,0.005699999999999999
2025-08-18,1.233,0.0
2025-08-19,1.228,-0.0040999999999999995
2025-08-20,1.246,0.0147
2025-08-21,1.255,0.0072
2025-08-22,1.26,0.004
2025-08-25,1.29,0.023799999999999998
2025-08-26,1.303,0.0101
2025-08-27,1.272,-0.023799999999999998
2025-08-28,1.285,0.0102
2025-08-29,1.311,0.0202
2025-09-01,1.377,0.050300000000000004
2025-09-02,1.385,0.0058
2025-09-03,1.384,-0.0007000000000000001
2025-09-04,1.348,-0.026000000000000002
2025-09-05,1.393,0.0334
2025-09-08,1.393,0.0
2025-09-09,1.431,0.0273
2025-09-10,1.428,-0.0021
2025-09-11,1.437,0.0063
2025-09-12,1.462,0.0174
2025-09-15,1.456,-0.0040999999999999995
2025-09-16,1.459,0.0021
2025-09-17,1.429,-0.0206
2025-09-18,1.387,-0.0294
2025-09-19,1.397,0.0072
2025-09-22,1.45,0.0379
2025-09-23,1.456,0.0040999999999999995
2025-09-24,1.474,0.0124
2025-09-25,1.445,-0.0197
2025-09-26,1.453,0.0055000000000000005
2025-09-29,1.51,0.0392
2025-09-30,1.542,0.0212
2025-10-09,1.615,0.0473
2025-10-10,1.57,-0.0279
2025-10-13,1.633,0.0401
2025-10-14,1.589,-0.0269
2025-10-15,1.593,0.0025
2025-10-16,1.549,-0.0276
2025-10-17,1.527,-0.014199999999999999
2025-10-20,1.465,-0.0406
2025-10-21,1.468,0.002
2025-10-22,1.44,-0.0191
2025-10-23,1.431,-0.0062
2025-10-24,1.43,-0.0007000000000000001
2025-10-27,1.456,0.0182
2025-10-28,1.418,-0.026099999999999998
2025-10-29,1.469,0.036000000000000004
2025-10-30,1.453,-0.0109
2025-10-31,1.466,0.0089
2025-11-03,1.45,-0.0109
2025-11-04,1.402,-0.0331
2025-11-05,1.417,0.010700000000000001
2025-11-06,1.434,0.012
2025-11-07,1.433,-0.0007000000000000001
2025-11-10,1.471,0.0265
2025-11-11,1.475,0.0027
2025-11-12,1.488,0.0088
2025-11-13,1.537,0.0329
2025-11-14,1.506,-0.0202
2025-11-17,1.474,-0.0212
2025-11-18,1.438,-0.024399999999999998
2025-11-19,1.487,0.0341
2025-11-20,1.48,-0.004699999999999999
2025-11-21,1.42,-0.0405
2025-11-24,1.432,0.0085
2025-11-25,1.47,0.0265
2025-11-26,1.462,-0.0054
2025-11-27,1.471,0.0062
2025-11-28,1.497,0.0177
2025-12-01,1.531,0.0227
2025-12-02,1.509,-0.0144
2025-12-03,1.497,-0.008
2025-12-04,1.472,-0.0167
2025-12-05,1.505,0.022400000000000003
2025-12-08,1.489,-0.0106
2025-12-09,1.464,-0.0168
2025-12-10,1.492,0.0191
2025-12-11,1.485,-0.004699999999999999
2025-12-12,1.517,0.0215
2025-12-15,1.528,0.0073
2025-12-16,1.469,-0.038599999999999995
2025-12-17,1.515,0.0313
2025-12-18,1.525,0.0066
2025-12-19,1.525,0.0
2025-12-22,1.555,0.0197
2025-12-23,1.551,-0.0026
2025-12-24,1.546,-0.0032
2025-12-25,1.519,-0.0175
2025-12-26,1.54,0.0138
2025-12-29,1.539,-0.0006
2025-12-30,1.536,-0.0019
2025-12-31,1.527,-0.0059
2026-01-05,1.578,0.0334
2026-01-06,1.608,0.019
2026-01-07,1.606,-0.0012
2026-01-08,1.594,-0.0075
2026-01-09,1.638,0.0276
2026-01-12,1.677,0.023799999999999998
2026-01-13,1.693,0.0095
2026-01-14,1.729,0.0213
2026-01-15,1.752,0.013300000000000001
2026-01-16,1.73,-0.0126
2026-01-19,1.763,0.0191
2026-01-20,1.797,0.019299999999999998
2026-01-21,1.878,0.0451
2026-01-22,1.874,-0.0021
2026-01-23,1.93,0.029900000000000003
2026-01-26,2.042,0.057999999999999996
2026-01-27,2.047,0.0024
2026-01-28,2.164,0.0572
2026-01-29,2.199,0.016200000000000003
2026-01-30,2.102,-0.0441
2026-02-02,1.975,-0.0604
2026-02-03,2.002,0.0137
2026-02-04,2.017,0.0075
2026-02-05,1.969,-0.023799999999999998
2026-02-06,1.973,0.002
2026-02-09,1.989,0.008100000000000001
2026-02-10,1.985,-0.002
2026-02-11,2.007,0.0111
2026-02-12,2.009,0.001
2026-02-13,1.973,-0.0179
2026-02-24,2.033,0.0304
2026-02-25,2.08,0.0231
2026-02-26,2.068,-0.0058
2026-02-27,2.128,0.028999999999999998
2026-03-02,2.234,0.049800000000000004
2026-03-03,2.172,-0.0278
2026-03-04,2.149,-0.0106
2026-03-05,2.097,-0.0242
2026-03-06,2.09,-0.0033
2026-03-09,2.097,0.0033
2026-03-10,2.093,-0.0019
2026-03-11,2.082,-0.0053
2026-03-12,2.066,-0.0077
2026-03-13,2.027,-0.0189
2026-03-16,1.982,-0.0222
2026-03-17,1.967,-0.0076
2026-03-18,1.965,-0.001
2026-03-19,1.909,-0.0285
2026-03-20,1.871,-0.0199
2026-03-23,1.8,-0.0379
2026-03-24,1.826,0.0144
2026-03-25,1.868,0.023
2026-03-26,1.833,-0.0187
2026-03-27,1.88,0.0256
2026-03-30,1.917,0.0197
2026-03-31,1.901,-0.0083
2026-04-01,1.921,0.0105
2026-04-02,1.901,-0.0104
2026-04-03,1.887,-0.0074
2026-04-07,1.902,0.0079
2026-04-08,1.958,0.0294
2026-04-09,1.95,-0.0040999999999999995
2026-04-10,1.952,0.001
2026-04-13,1.964,0.0060999999999999995
2026-04-14,1.971,0.0036
2026-04-15,1.961,-0.0051
2026-04-16,1.977,0.008199999999999999
2026-04-17,1.99,0.0066
2026-04-20,2.007,0.0085
2026-04-21,2.006,-0.0005
2026-04-22,2.017,0.0055000000000000005
2026-04-23,1.967,-0.0248
2026-04-24,1.934,-0.0168
2026-04-27,1.914,-0.0103
2026-04-28,1.892,-0.0115
2026-04-29,1.928,0.019
2026-04-30,1.915,-0.0067
2026-05-06,1.958,0.0225
2026-05-07,1.953,-0.0026
2026-05-08,1.985,0.016399999999999998
2026-05-11,1.975,-0.005
2026-05-12,1.933,-0.0213
2026-05-13,1.924,-0.004699999999999999
2026-05-14,1.882,-0.0218
2026-05-15,1.838,-0.023399999999999997
2026-05-18,1.824,-0.0076
2026-05-19,1.813,-0.006
2026-05-20,1.801,-0.0066
2026-05-21,1.758,-0.0239
2026-05-22,1.774,0.0091
2026-05-25,1.77,-0.0023
2026-05-26,1.787,0.0096
2026-05-27,1.724,-0.0353
2026-05-28,1.713,-0.0064
2026-05-29,1.687,-0.0152
2026-06-01,1.689,0.0012
2026-06-02,1.692,0.0018
2026-06-03,1.699,0.0040999999999999995
2026-06-04,1.662,-0.0218
2026-06-05,1.648,-0.0084
2026-06-08,1.583,-0.0394
2026-06-09,1.585,0.0013
2026-06-10,1.562,-0.014499999999999999
2026-06-11,1.573,0.006999999999999999
2026-06-12,1.618,0.0286
2026-06-15,1.666,0.0297
2026-06-16,1.678,0.0072
2026-06-17,1.665,-0.0077
2026-06-18,1.653,-0.0072
2026-06-22,1.695,0.0254
2026-06-23,1.602,-0.054900000000000004
2026-06-24,1.592,-0.0062
2026-06-25,1.555,-0.0232
2026-06-26,1.512,-0.0277
2026-06-29,1.528,0.0106
2026-06-30,1.538,0.006500000000000001
2026-07-01,1.556,0.011699999999999999
2026-07-02,1.584,0.018000000000000002
2026-07-03,1.63,0.028999999999999998
2026-07-06,1.618,-0.0074
2026-07-07,1.576,-0.026000000000000002
2026-07-08,1.563,-0.008199999999999999
2026-07-09,1.563,0.0
2026-07-10,1.581,0.0115
2026-07-13,1.526,-0.0348
2026-07-14,1.574,0.0315
2026-07-15,1.536,-0.0241
2026-07-16,1.547,0.0072
2026-07-17,1.483,-0.0414
2026-07-20,1.506,0.0155
2026-07-21,1.544,0.0252
2026-07-22,1.611,0.0434
2026-07-23,1.646,0.0217
2026-07-24,1.587,-0.0358
2026-07-27,1.62,0.0208
2026-07-28,1.591,-0.0179
2026-07-29,1.615,0.0151
2026-07-30,1.626,0.0068000000000000005
2026-07-31,1.659,0.0203
2026-08-03,1.652,-0.0042
2026-08-04,1.656,0.0024
2026-08-05,1.725,0.0417
2026-08-06,1.766,0.023799999999999998
2026-08-07,1.808,0.023799999999999998
