date,nav,ret
2020-11-24,1.0,0.0
2020-11-27,1.0001,0.0
2020-12-04,1.0006,0.0
2020-12-11,1.001,0.0
2020-12-15,1.0012,0.0
2020-12-16,1.0014,0.0002
2020-12-17,1.0016,0.0002
2020-12-18,1.0019,0.0003
2020-12-21,1.0022,0.0003
2020-12-22,1.0023,0.0001
2020-12-23,1.0025,0.0002
2020-12-24,1.0027,0.0002
2020-12-25,1.0027,0.0
2020-12-28,1.0031,0.0004
2020-12-29,1.0032,0.0001
2020-12-30,1.0033,0.0001
2020-12-31,1.0036,0.0003
2021-01-04,1.004,0.0004
2021-01-05,1.0041,0.0001
2021-01-06,1.0043,0.0002
2021-01-07,1.0047,0.0004
2021-01-08,1.0048,0.0001
2021-01-11,1.0051,0.0003
2021-01-12,1.0052,0.0001
2021-01-13,1.0053,0.0001
2021-01-14,1.0055,0.0002
2021-01-15,1.0056,0.0001
2021-01-18,1.0057,0.0001
2021-01-19,1.0056,-0.0001
2021-01-20,1.0057,0.0001
2021-01-21,1.0058,0.0001
2021-01-22,1.0059,0.0001
2021-01-25,1.0062,0.0003
2021-01-26,1.0059,-0.0003
2021-01-27,1.0057,-0.0002
2021-01-28,1.0052,-0.0005
2021-01-29,1.0049,-0.0003
2021-02-01,1.0054,0.0005
2021-02-02,1.0057,0.0003
2021-02-03,1.0059,0.0002
2021-02-04,1.006,0.0001
2021-02-05,1.0059,-0.0001
2021-02-08,1.0062,0.0003
2021-02-09,1.0064,0.0002
2021-02-10,1.0068,0.0004
2021-02-18,1.0075,0.0007000000000000001
2021-02-19,1.0076,0.0001
2021-02-22,1.0079,0.0003
2021-02-23,1.008,0.0001
2021-02-24,1.0081,0.0001
2021-02-25,1.0082,0.0001
2021-02-26,1.0083,0.0001
2021-03-01,1.0086,0.0003
2021-03-02,1.0087,0.0001
2021-03-03,1.0088,0.0001
2021-03-04,1.0089,0.0001
2021-03-05,1.009,0.0001
2021-03-08,1.0092,0.0002
2021-03-09,1.0093,0.0001
2021-03-10,1.0094,0.0001
2021-03-11,1.0094,0.0
2021-03-12,1.0095,0.0001
2021-03-15,1.0097,0.0002
2021-03-16,1.0097,0.0
2021-03-17,1.0098,0.0001
2021-03-18,1.0099,0.0001
2021-03-19,1.01,0.0001
2021-03-22,1.0102,0.0002
2021-03-23,1.0104,0.0002
2021-03-24,1.0105,0.0001
2021-03-25,1.0106,0.0001
2021-03-26,1.0107,0.0001
2021-03-29,1.011,0.0003
2021-03-30,1.0111,0.0001
2021-03-31,1.0112,0.0001
2021-04-01,1.0113,0.0001
2021-04-02,1.0115,0.0002
2021-04-06,1.0118,0.0003
2021-04-07,1.0119,0.0001
2021-04-08,1.012,0.0001
2021-04-09,1.0121,0.0001
2021-04-12,1.0124,0.0003
2021-04-13,1.0126,0.0002
2021-04-14,1.0127,0.0001
2021-04-15,1.0129,0.0002
2021-04-16,1.013,0.0001
2021-04-19,1.0134,0.0004
2021-04-20,1.0136,0.0002
2021-04-21,1.0137,0.0001
2021-04-22,1.0139,0.0002
2021-04-23,1.014,0.0001
2021-04-26,1.0143,0.0003
2021-04-27,1.0143,0.0
2021-04-28,1.0144,0.0001
2021-04-29,1.0146,0.0002
2021-04-30,1.0147,0.0001
2021-05-06,1.0152,0.0005
2021-05-07,1.0153,0.0001
2021-05-10,1.0157,0.0004
2021-05-11,1.0158,0.0001
2021-05-12,1.016,0.0002
2021-05-13,1.0161,0.0001
2021-05-14,1.0162,0.0001
2021-05-17,1.0165,0.0003
2021-05-18,1.0166,0.0001
2021-05-19,1.0167,0.0001
2021-05-20,1.0168,0.0001
2021-05-21,1.017,0.0002
2021-05-24,1.0174,0.0004
2021-05-25,1.0175,0.0001
2021-05-26,1.0176,0.0001
2021-05-27,1.0177,0.0001
2021-05-28,1.0177,0.0
2021-05-31,1.0181,0.0004
2021-06-01,1.0182,0.0001
2021-06-02,1.0184,0.0002
2021-06-03,1.0185,0.0001
2021-06-04,1.021,0.0025
2021-06-07,1.0211,0.0001
2021-06-08,1.0212,0.0001
2021-06-09,1.0213,0.0001
2021-06-10,1.0214,0.0001
2021-06-11,1.0214,0.0
2021-06-15,1.0218,0.0004
2021-06-16,1.0218,0.0
2021-06-17,1.0218,0.0
2021-06-18,1.0219,0.0001
2021-06-21,1.0221,0.0002
2021-06-22,1.0221,0.0
2021-06-23,1.0222,0.0001
2021-06-24,1.0223,0.0001
2021-06-25,1.0224,0.0001
2021-06-28,1.0227,0.0003
2021-06-29,1.0228,0.0001
2021-06-30,1.0229,0.0001
2021-07-01,1.0231,0.0002
2021-07-02,1.0232,0.0001
2021-07-05,1.0235,0.0003
2021-07-06,1.0237,0.0002
2021-07-07,1.0237,0.0
2021-07-08,1.024,0.0003
2021-07-09,1.0241,0.0001
2021-07-12,1.0245,0.0004
2021-07-13,1.0247,0.0002
2021-07-14,1.0248,0.0001
2021-07-15,1.0249,0.0001
2021-07-16,1.025,0.0001
2021-07-19,1.0253,0.0003
2021-07-20,1.0255,0.0002
2021-07-21,1.0257,0.0002
2021-07-22,1.0258,0.0001
2021-07-23,1.0259,0.0001
2021-07-26,1.0263,0.0004
2021-07-27,1.0264,0.0001
2021-07-28,1.0264,0.0
2021-07-29,1.0265,0.0001
2021-07-30,1.0267,0.0002
2021-08-02,1.027,0.0003
2021-08-03,1.0272,0.0002
2021-08-04,1.0273,0.0001
2021-08-05,1.0275,0.0002
2021-08-06,1.0276,0.0001
2021-08-09,1.0283,0.0007000000000000001
2021-08-10,1.0283,0.0
2021-08-11,1.0285,0.0002
2021-08-12,1.0287,0.0002
2021-08-13,1.0288,0.0001
2021-08-16,1.0291,0.0003
2021-08-17,1.0292,0.0001
2021-08-18,1.0293,0.0001
2021-08-19,1.0294,0.0001
2021-08-20,1.0296,0.0002
2021-08-23,1.0299,0.0003
2021-08-24,1.0299,0.0
2021-08-25,1.0301,0.0002
2021-08-26,1.0301,0.0
2021-08-27,1.0302,0.0001
2021-08-30,1.0304,0.0002
2021-08-31,1.0305,0.0001
2021-09-01,1.0307,0.0002
2021-09-02,1.0308,0.0001
2021-09-03,1.0309,0.0001
2021-09-06,1.0312,0.0003
2021-09-07,1.0313,0.0001
2021-09-08,1.0314,0.0001
2021-09-09,1.0315,0.0001
2021-09-10,1.0316,0.0001
2021-09-13,1.0319,0.0003
2021-09-14,1.032,0.0001
2021-09-15,1.032,0.0
2021-09-16,1.0321,0.0001
2021-09-17,1.0321,0.0
2021-09-22,1.0327,0.0006
2021-09-23,1.0327,0.0
2021-09-24,1.0327,0.0
2021-09-27,1.0328,0.0001
2021-09-28,1.0328,0.0
2021-09-29,1.0329,0.0001
2021-09-30,1.0332,0.0003
2021-10-08,1.0341,0.0009
2021-10-11,1.0343,0.0002
2021-10-12,1.0344,0.0001
2021-10-13,1.0345,0.0001
2021-10-14,1.0346,0.0001
2021-10-15,1.0348,0.0002
2021-10-18,1.0351,0.0003
2021-10-19,1.0352,0.0001
2021-10-20,1.0352,0.0
2021-10-21,1.0353,0.0001
2021-10-22,1.0354,0.0001
2021-10-25,1.0358,0.0004
2021-10-26,1.0359,0.0001
2021-10-27,1.036,0.0001
2021-10-28,1.0361,0.0001
2021-10-29,1.0363,0.0002
2021-11-01,1.0366,0.0003
2021-11-02,1.0368,0.0002
2021-11-03,1.037,0.0002
2021-11-04,1.0372,0.0002
2021-11-05,1.0374,0.0002
2021-11-08,1.0377,0.0003
2021-11-09,1.0378,0.0001
2021-11-10,1.038,0.0002
2021-11-11,1.0381,0.0001
2021-11-12,1.0382,0.0001
2021-11-15,1.0386,0.0004
2021-11-16,1.0386,0.0
2021-11-17,1.0388,0.0002
2021-11-18,1.039,0.0002
2021-11-19,1.0391,0.0001
2021-11-22,1.0394,0.0003
2021-11-23,1.0395,0.0001
2021-11-24,1.0396,0.0001
2021-11-25,1.0397,0.0001
2021-11-26,1.0399,0.0002
2021-11-29,1.0401,0.0002
2021-11-30,1.0402,0.0001
2021-12-01,1.0403,0.0001
2021-12-02,1.0404,0.0001
2021-12-03,1.0405,0.0001
2021-12-06,1.041,0.0005
2021-12-07,1.0411,0.0001
2021-12-08,1.0412,0.0001
2021-12-09,1.0412,0.0
2021-12-10,1.0413,0.0001
2021-12-13,1.0416,0.0003
2021-12-14,1.0416,0.0
2021-12-15,1.0416,0.0
2021-12-16,1.0417,0.0001
2021-12-17,1.0418,0.0001
2021-12-20,1.0418,0.0
2021-12-21,1.0418,0.0
2021-12-22,1.0418,0.0
2021-12-23,1.0419,0.0001
2021-12-24,1.042,0.0001
2021-12-27,1.0423,0.0003
2021-12-28,1.0424,0.0001
2021-12-29,1.0426,0.0002
2021-12-30,1.0428,0.0002
2021-12-31,1.043,0.0002
2022-01-04,1.0435,0.0005
2022-01-05,1.0437,0.0002
2022-01-06,1.0438,0.0001
2022-01-07,1.0439,0.0001
2022-01-10,1.0442,0.0003
2022-01-11,1.0444,0.0002
2022-01-12,1.0446,0.0002
2022-01-13,1.0447,0.0001
2022-01-14,1.0449,0.0002
2022-01-17,1.0453,0.0004
2022-01-18,1.0455,0.0002
2022-01-19,1.0459,0.0004
2022-01-20,1.046,0.0001
2022-01-21,1.0462,0.0002
2022-01-24,1.0466,0.0004
2022-01-25,1.0468,0.0002
2022-01-26,1.0469,0.0001
2022-01-27,1.047,0.0001
2022-01-28,1.0471,0.0001
2022-02-07,1.048,0.0009
2022-02-08,1.0482,0.0002
2022-02-09,1.0483,0.0001
2022-02-10,1.0485,0.0002
2022-02-11,1.0485,0.0
2022-02-14,1.0488,0.0003
2022-02-15,1.0489,0.0001
2022-02-16,1.049,0.0001
2022-02-17,1.0491,0.0001
2022-02-18,1.0492,0.0001
2022-02-21,1.0494,0.0002
2022-02-22,1.0493,-0.0001
2022-02-23,1.0494,0.0001
2022-02-24,1.0495,0.0001
2022-02-25,1.0495,0.0
2022-02-28,1.0497,0.0002
2022-03-01,1.0498,0.0001
2022-03-02,1.0498,0.0
2022-03-03,1.0498,0.0
2022-03-04,1.0498,0.0
2022-03-07,1.05,0.0002
2022-03-08,1.0501,0.0001
2022-03-09,1.0501,0.0
2022-03-10,1.0501,0.0
2022-03-11,1.0501,0.0
2022-03-14,1.0504,0.0003
2022-03-15,1.0504,0.0
2022-03-16,1.0504,0.0
2022-03-17,1.0504,0.0
2022-03-18,1.0505,0.0001
2022-03-21,1.0507,0.0002
2022-03-22,1.0507,0.0
2022-03-23,1.0508,0.0001
2022-03-24,1.0509,0.0001
2022-03-25,1.051,0.0001
2022-03-28,1.0512,0.0002
2022-03-29,1.0513,0.0001
2022-03-30,1.0514,0.0001
2022-03-31,1.0515,0.0001
2022-04-01,1.0518,0.0003
2022-04-06,1.0523,0.0005
2022-04-07,1.0525,0.0002
2022-04-08,1.0526,0.0001
2022-04-11,1.0529,0.0003
2022-04-12,1.053,0.0001
2022-04-13,1.0531,0.0001
2022-04-14,1.0533,0.0002
2022-04-15,1.0535,0.0002
2022-04-18,1.0537,0.0002
2022-04-19,1.0538,0.0001
2022-04-20,1.054,0.0002
2022-04-21,1.0541,0.0001
2022-04-22,1.0543,0.0002
2022-04-25,1.0546,0.0003
2022-04-26,1.0547,0.0001
2022-04-27,1.0548,0.0001
2022-04-28,1.0549,0.0001
2022-04-29,1.055,0.0001
2022-05-05,1.0554,0.0004
2022-05-06,1.0555,0.0001
2022-05-09,1.0557,0.0002
2022-05-10,1.0558,0.0001
2022-05-11,1.056,0.0002
2022-05-12,1.0562,0.0002
2022-05-13,1.0563,0.0001
2022-05-16,1.0566,0.0003
2022-05-17,1.0568,0.0002
2022-05-18,1.0569,0.0001
2022-05-19,1.0571,0.0002
2022-05-20,1.0572,0.0001
2022-05-23,1.0574,0.0002
2022-05-24,1.0575,0.0001
2022-05-25,1.0575,0.0
2022-05-26,1.0576,0.0001
2022-05-27,1.0577,0.0001
2022-05-30,1.0579,0.0002
2022-05-31,1.0579,0.0
2022-06-01,1.0579,0.0
2022-06-02,1.0579,0.0
2022-06-06,1.058,0.0001
2022-06-07,1.0579,-0.0001
2022-06-08,1.0579,0.0
2022-06-09,1.0579,0.0
2022-06-10,1.058,0.0001
2022-06-13,1.0582,0.0002
2022-06-14,1.0582,0.0
2022-06-15,1.0583,0.0001
2022-06-16,1.0584,0.0001
2022-06-17,1.0585,0.0001
2022-06-20,1.0587,0.0002
2022-06-21,1.0588,0.0001
2022-06-22,1.0589,0.0001
2022-06-23,1.059,0.0001
2022-06-24,1.0591,0.0001
2022-06-27,1.0592,0.0001
2022-06-28,1.0592,0.0
2022-06-29,1.0593,0.0001
2022-06-30,1.0594,0.0001
2022-07-01,1.0595,0.0001
2022-07-04,1.0596,0.0001
2022-07-05,1.0596,0.0
2022-07-06,1.0597,0.0001
2022-07-07,1.0598,0.0001
2022-07-08,1.0599,0.0001
2022-07-11,1.0601,0.0002
2022-07-12,1.0602,0.0001
2022-07-13,1.0603,0.0001
2022-07-14,1.0604,0.0001
2022-07-15,1.0606,0.0002
2022-07-18,1.0608,0.0002
2022-07-19,1.061,0.0002
2022-07-20,1.0611,0.0001
2022-07-21,1.0612,0.0001
2022-07-22,1.0613,0.0001
2022-07-25,1.0615,0.0002
2022-07-26,1.0616,0.0001
2022-07-27,1.0617,0.0001
2022-07-28,1.0618,0.0001
2022-07-29,1.062,0.0002
2022-08-01,1.0623,0.0003
2022-08-02,1.0624,0.0001
2022-08-03,1.0626,0.0002
2022-08-04,1.0627,0.0001
2022-08-05,1.0628,0.0001
2022-08-08,1.063,0.0002
2022-08-09,1.0629,-0.0001
2022-08-10,1.063,0.0001
2022-08-11,1.063,0.0
2022-08-12,1.063,0.0
2022-08-15,1.0633,0.0003
2022-08-16,1.0635,0.0002
2022-08-17,1.0635,0.0
2022-08-18,1.0636,0.0001
2022-08-19,1.0637,0.0001
2022-08-22,1.0639,0.0002
2022-08-23,1.064,0.0001
2022-08-24,1.0639,-0.0001
2022-08-25,1.0639,0.0
2022-08-26,1.0638,-0.0001
2022-08-29,1.0639,0.0001
2022-08-30,1.064,0.0001
2022-08-31,1.0641,0.0001
2022-09-01,1.0642,0.0001
2022-09-02,1.0643,0.0001
2022-09-05,1.0645,0.0002
2022-09-06,1.0646,0.0001
2022-09-07,1.0646,0.0
2022-09-08,1.0647,0.0001
2022-09-09,1.0648,0.0001
2022-09-13,1.065,0.0002
2022-09-14,1.065,0.0
2022-09-15,1.0651,0.0001
2022-09-16,1.0651,0.0
2022-09-19,1.0651,0.0
2022-09-20,1.0652,0.0001
2022-09-21,1.0652,0.0
2022-09-22,1.0653,0.0001
2022-09-23,1.0653,0.0
2022-09-26,1.0654,0.0001
2022-09-27,1.0652,-0.0002
2022-09-28,1.0651,-0.0001
2022-09-29,1.0652,0.0001
2022-09-30,1.0653,0.0001
2022-10-10,1.066,0.0007000000000000001
2022-10-11,1.0661,0.0001
2022-10-12,1.0662,0.0001
2022-10-13,1.0662,0.0
2022-10-14,1.0663,0.0001
2022-10-17,1.0665,0.0002
2022-10-18,1.0666,0.0001
2022-10-19,1.0666,0.0
2022-10-20,1.0667,0.0001
2022-10-21,1.0668,0.0001
2022-10-24,1.0669,0.0001
2022-10-25,1.0669,0.0
2022-10-26,1.0669,0.0
2022-10-27,1.067,0.0001
2022-10-28,1.0671,0.0001
2022-10-31,1.0673,0.0002
2022-11-01,1.0674,0.0001
2022-11-02,1.0674,0.0
2022-11-03,1.0675,0.0001
2022-11-04,1.0675,0.0
2022-11-07,1.0676,0.0001
2022-11-08,1.0675,-0.0001
2022-11-09,1.0675,0.0
2022-11-10,1.0674,-0.0001
2022-11-11,1.0672,-0.0002
2022-11-14,1.0665,-0.0007000000000000001
2022-11-15,1.066,-0.0005
2022-11-16,1.0656,-0.0004
2022-11-17,1.0653,-0.0003
2022-11-18,1.0654,0.0001
2022-11-21,1.0656,0.0002
2022-11-22,1.0657,0.0001
2022-11-23,1.0659,0.0002
2022-11-24,1.0662,0.0003
2022-11-25,1.0663,0.0001
2022-11-28,1.0666,0.0003
2022-11-29,1.0663,-0.0003
2022-11-30,1.0662,-0.0001
2022-12-01,1.0661,-0.0001
2022-12-02,1.0661,0.0
2022-12-05,1.0662,0.0001
2022-12-06,1.066,-0.0002
2022-12-07,1.0655,-0.0005
2022-12-08,1.0654,-0.0001
2022-12-09,1.0652,-0.0002
2022-12-12,1.0651,-0.0001
2022-12-13,1.0645,-0.0006
2022-12-14,1.0645,0.0
2022-12-15,1.0646,0.0001
2022-12-16,1.0646,0.0
2022-12-19,1.0649,0.0003
2022-12-20,1.065,0.0001
2022-12-21,1.0651,0.0001
2022-12-22,1.0652,0.0001
2022-12-23,1.0653,0.0001
2022-12-26,1.0656,0.0003
2022-12-27,1.0657,0.0001
2022-12-28,1.0658,0.0001
2022-12-29,1.066,0.0002
2022-12-30,1.0664,0.0004
2022-12-31,1.0665,0.0001
2023-01-03,1.0669,0.0005
2023-01-04,1.0673,0.0004
2023-01-05,1.0675,0.0002
2023-01-06,1.0676,0.0001
2023-01-09,1.0679,0.0003
2023-01-10,1.068,0.0001
2023-01-11,1.0679,-0.0001
2023-01-12,1.0681,0.0002
2023-01-13,1.0682,0.0001
2023-01-16,1.0684,0.0002
2023-01-17,1.0684,0.0
2023-01-18,1.0685,0.0001
2023-01-19,1.0687,0.0002
2023-01-20,1.0689,0.0002
2023-01-30,1.0698,0.0008
2023-01-31,1.0699,0.0001
2023-02-01,1.0701,0.0002
2023-02-02,1.0702,0.0001
2023-02-03,1.0704,0.0002
2023-02-06,1.0708,0.0004
2023-02-07,1.0709,0.0001
2023-02-08,1.071,0.0001
2023-02-09,1.0712,0.0002
2023-02-10,1.0714,0.0002
2023-02-13,1.0717,0.0003
2023-02-14,1.0719,0.0002
2023-02-15,1.072,0.0001
2023-02-16,1.0721,0.0001
2023-02-17,1.0723,0.0002
2023-02-20,1.0725,0.0002
2023-02-21,1.0726,0.0001
2023-02-22,1.0727,0.0001
2023-02-23,1.0728,0.0001
2023-02-24,1.0729,0.0001
2023-02-27,1.0731,0.0002
2023-02-28,1.0732,0.0001
2023-03-01,1.0733,0.0001
2023-03-02,1.0734,0.0001
2023-03-03,1.0735,0.0001
2023-03-06,1.0738,0.0003
2023-03-07,1.0739,0.0001
2023-03-08,1.0741,0.0002
2023-03-09,1.0742,0.0001
2023-03-10,1.0743,0.0001
2023-03-13,1.0745,0.0002
2023-03-14,1.0746,0.0001
2023-03-15,1.0747,0.0001
2023-03-16,1.0748,0.0001
2023-03-17,1.075,0.0002
2023-03-20,1.0753,0.0003
2023-03-21,1.0753,0.0
2023-03-22,1.0754,0.0001
2023-03-23,1.0756,0.0002
2023-03-24,1.0757,0.0001
2023-03-27,1.076,0.0003
2023-03-28,1.0761,0.0001
2023-03-29,1.0761,0.0
2023-03-30,1.0761,0.0
2023-03-31,1.0763,0.0002
2023-04-03,1.0766,0.0003
2023-04-04,1.0768,0.0002
2023-04-06,1.0769,0.0001
2023-04-07,1.077,0.0001
2023-04-10,1.0772,0.0002
2023-04-11,1.0773,0.0001
2023-04-12,1.0775,0.0002
2023-04-13,1.0775,0.0
2023-04-14,1.0776,0.0001
2023-04-17,1.0778,0.0002
2023-04-18,1.0779,0.0001
2023-04-19,1.078,0.0001
2023-04-20,1.0782,0.0002
2023-04-21,1.0783,0.0001
2023-04-24,1.0786,0.0003
2023-04-25,1.0787,0.0001
2023-04-26,1.0788,0.0001
2023-04-27,1.079,0.0002
2023-04-28,1.0792,0.0002
2023-05-04,1.0798,0.0006
2023-05-05,1.0801,0.0003
2023-05-08,1.0803,0.0002
2023-05-09,1.0805,0.0002
2023-05-10,1.0807,0.0002
2023-05-11,1.081,0.0003
2023-05-12,1.0811,0.0001
2023-05-15,1.0814,0.0003
2023-05-16,1.0814,0.0
2023-05-17,1.0815,0.0001
2023-05-18,1.0816,0.0001
2023-05-19,1.0817,0.0001
2023-05-22,1.082,0.0003
2023-05-23,1.0822,0.0002
2023-05-24,1.0823,0.0001
2023-05-25,1.0824,0.0001
2023-05-26,1.0825,0.0001
2023-05-29,1.0827,0.0002
2023-05-30,1.0828,0.0001
2023-05-31,1.0829,0.0001
2023-06-01,1.083,0.0001
2023-06-02,1.0831,0.0001
2023-06-05,1.0833,0.0002
2023-06-06,1.0835,0.0002
2023-06-07,1.0836,0.0001
2023-06-08,1.0837,0.0001
2023-06-09,1.0838,0.0001
2023-06-12,1.084,0.0002
2023-06-13,1.0842,0.0002
2023-06-14,1.0843,0.0001
2023-06-15,1.0843,0.0
2023-06-16,1.0842,-0.0001
2023-06-19,1.0842,0.0
2023-06-20,1.0842,0.0
2023-06-21,1.0842,0.0
2023-06-26,1.0846,0.0004
2023-06-27,1.0845,-0.0001
2023-06-28,1.0846,0.0001
2023-06-29,1.0846,0.0
2023-06-30,1.0848,0.0002
2023-07-03,1.0852,0.0004
2023-07-04,1.0853,0.0001
2023-07-05,1.0854,0.0001
2023-07-06,1.0856,0.0002
2023-07-07,1.0857,0.0001
2023-07-10,1.086,0.0003
2023-07-11,1.0861,0.0001
2023-07-12,1.0862,0.0001
2023-07-13,1.0863,0.0001
2023-07-14,1.0864,0.0001
2023-07-17,1.0866,0.0002
2023-07-18,1.0868,0.0002
2023-07-19,1.0869,0.0001
2023-07-20,1.0869,0.0
2023-07-21,1.0871,0.0002
2023-07-24,1.0873,0.0002
2023-07-25,1.0871,-0.0002
2023-07-26,1.0871,0.0
2023-07-27,1.0872,0.0001
2023-07-28,1.0872,0.0
2023-07-31,1.0873,0.0001
2023-08-01,1.0874,0.0001
2023-08-02,1.0875,0.0001
2023-08-03,1.0877,0.0002
2023-08-04,1.0879,0.0002
2023-08-07,1.0882,0.0003
2023-08-08,1.0883,0.0001
2023-08-09,1.0885,0.0002
2023-08-10,1.0886,0.0001
2023-08-11,1.0887,0.0001
2023-08-14,1.0889,0.0002
2023-08-15,1.0892,0.0003
2023-08-16,1.0893,0.0001
2023-08-17,1.0894,0.0001
2023-08-18,1.0895,0.0001
2023-08-21,1.0897,0.0002
2023-08-22,1.0897,0.0
2023-08-23,1.0898,0.0001
2023-08-24,1.0898,0.0
2023-08-25,1.0899,0.0001
2023-08-28,1.0899,0.0
2023-08-29,1.0897,-0.0002
2023-08-30,1.0898,0.0001
2023-08-31,1.0899,0.0001
2023-09-01,1.0898,-0.0001
2023-09-04,1.0898,0.0
2023-09-05,1.0897,-0.0001
2023-09-06,1.0896,-0.0001
2023-09-07,1.0892,-0.0004
2023-09-08,1.0889,-0.0003
2023-09-11,1.0887,-0.0002
2023-09-12,1.0888,0.0001
2023-09-13,1.0891,0.0003
2023-09-14,1.0893,0.0002
2023-09-15,1.0894,0.0001
2023-09-18,1.0895,0.0001
2023-09-19,1.0895,0.0
2023-09-20,1.0896,0.0001
2023-09-21,1.0898,0.0002
2023-09-22,1.0899,0.0001
2023-09-25,1.09,0.0001
2023-09-26,1.0899,-0.0001
2023-09-27,1.0899,0.0
2023-09-28,1.0903,0.0004
2023-10-09,1.0914,0.001
2023-10-10,1.0914,0.0
2023-10-11,1.0913,-0.0001
2023-10-12,1.0913,0.0
2023-10-13,1.0915,0.0002
2023-10-16,1.0917,0.0002
2023-10-17,1.0917,0.0
2023-10-18,1.0917,0.0
2023-10-19,1.0916,-0.0001
2023-10-20,1.0915,-0.0001
2023-10-23,1.0917,0.0002
2023-10-24,1.0916,-0.0001
2023-10-25,1.0917,0.0001
2023-10-26,1.0919,0.0002
2023-10-27,1.0919,0.0
2023-10-30,1.0922,0.0003
2023-10-31,1.0923,0.0001
2023-11-01,1.0924,0.0001
2023-11-02,1.0925,0.0001
2023-11-03,1.0927,0.0002
2023-11-06,1.0929,0.0002
2023-11-07,1.0929,0.0
2023-11-08,1.093,0.0001
2023-11-09,1.0931,0.0001
2023-11-10,1.0932,0.0001
2023-11-13,1.0935,0.0003
2023-11-14,1.0936,0.0001
2023-11-15,1.0937,0.0001
2023-11-16,1.0938,0.0001
2023-11-17,1.094,0.0002
2023-11-20,1.0942,0.0002
2023-11-21,1.0942,0.0
2023-11-22,1.0942,0.0
2023-11-23,1.0941,-0.0001
2023-11-24,1.0941,0.0
2023-11-27,1.0941,0.0
2023-11-28,1.0941,0.0
2023-11-29,1.0941,0.0
2023-11-30,1.0942,0.0001
2023-12-01,1.0943,0.0001
2023-12-04,1.0944,0.0001
2023-12-05,1.0944,0.0
2023-12-06,1.0944,0.0
2023-12-07,1.0944,0.0
2023-12-08,1.0944,0.0
2023-12-11,1.0946,0.0002
2023-12-12,1.0945,-0.0001
2023-12-13,1.0947,0.0002
2023-12-14,1.0948,0.0001
2023-12-15,1.0951,0.0003
2023-12-18,1.0955,0.0004
2023-12-19,1.0956,0.0001
2023-12-20,1.0956,0.0
2023-12-21,1.0957,0.0001
2023-12-22,1.0958,0.0001
2023-12-25,1.0961,0.0003
2023-12-26,1.0964,0.0003
2023-12-27,1.0969,0.0005
2023-12-28,1.0974,0.0005
2023-12-29,1.0978,0.0004
2023-12-31,1.0979,0.0001
2024-01-02,1.0981,0.0002
2024-01-03,1.0981,0.0
2024-01-04,1.0982,0.0001
2024-01-05,1.0984,0.0002
2024-01-08,1.0987,0.0003
2024-01-09,1.0989,0.0002
2024-01-10,1.0991,0.0002
2024-01-11,1.0991,0.0
2024-01-12,1.0992,0.0001
2024-01-15,1.0994,0.0002
2024-01-16,1.0994,0.0
2024-01-17,1.0995,0.0001
2024-01-18,1.0997,0.0002
2024-01-19,1.0998,0.0001
2024-01-22,1.1001,0.0003
2024-01-23,1.1002,0.0001
2024-01-24,1.1003,0.0001
2024-01-25,1.1004,0.0001
2024-01-26,1.1006,0.0002
2024-01-29,1.1008,0.0002
2024-01-30,1.1011,0.0003
2024-01-31,1.1014,0.0003
2024-02-01,1.1016,0.0002
2024-02-02,1.1017,0.0001
2024-02-05,1.1022,0.0005
2024-02-06,1.1021,-0.0001
2024-02-07,1.1022,0.0001
2024-02-08,1.1024,0.0002
2024-02-19,1.1033,0.0008
2024-02-20,1.1035,0.0002
2024-02-21,1.1037,0.0002
2024-02-22,1.104,0.0003
2024-02-23,1.1043,0.0003
2024-02-26,1.1045,0.0002
2024-02-27,1.1048,0.0003
2024-02-28,1.1049,0.0001
2024-02-29,1.1051,0.0002
2024-03-01,1.105,-0.0001
2024-03-04,1.1052,0.0002
2024-03-05,1.1056,0.0004
2024-03-06,1.1057,0.0001
2024-03-07,1.1058,0.0001
2024-03-08,1.1059,0.0001
2024-03-11,1.106,0.0001
2024-03-12,1.1059,-0.0001
2024-03-13,1.1058,-0.0001
2024-03-14,1.1057,-0.0001
2024-03-15,1.1058,0.0001
2024-03-18,1.106,0.0002
2024-03-19,1.1063,0.0003
2024-03-20,1.1063,0.0
2024-03-21,1.1064,0.0001
2024-03-22,1.1065,0.0001
2024-03-25,1.1067,0.0002
2024-03-26,1.1067,0.0
2024-03-27,1.1068,0.0001
2024-03-28,1.1068,0.0
2024-03-29,1.107,0.0002
2024-04-01,1.1072,0.0002
2024-04-02,1.1075,0.0003
2024-04-03,1.1078,0.0003
2024-04-08,1.1083,0.0005
2024-04-09,1.1086,0.0003
2024-04-10,1.1088,0.0002
2024-04-11,1.109,0.0002
2024-04-12,1.1094,0.0004
2024-04-15,1.1097,0.0003
2024-04-16,1.1098,0.0001
2024-04-17,1.11,0.0002
2024-04-18,1.1102,0.0002
2024-04-19,1.1105,0.0003
2024-04-22,1.1108,0.0003
2024-04-23,1.1111,0.0003
2024-04-24,1.1108,-0.0003
2024-04-25,1.1107,-0.0001
2024-04-26,1.1105,-0.0002
2024-04-29,1.11,-0.0005
2024-04-30,1.1103,0.0003
2024-05-06,1.1107,0.0004
2024-05-07,1.1111,0.0004
2024-05-08,1.1113,0.0002
2024-05-09,1.1113,0.0
2024-05-10,1.1113,0.0
2024-05-13,1.1116,0.0003
2024-05-14,1.1118,0.0002
2024-05-15,1.112,0.0002
2024-05-16,1.112,0.0
2024-05-17,1.112,0.0
2024-05-20,1.1123,0.0003
2024-05-21,1.1122,-0.0001
2024-05-22,1.1123,0.0001
2024-05-23,1.1125,0.0002
2024-05-24,1.1126,0.0001
2024-05-27,1.1128,0.0002
2024-05-28,1.1129,0.0001
2024-05-29,1.113,0.0001
2024-05-30,1.1131,0.0001
2024-05-31,1.1131,0.0
2024-06-03,1.1134,0.0003
2024-06-04,1.1134,0.0
2024-06-05,1.1136,0.0002
2024-06-06,1.1137,0.0001
2024-06-07,1.1138,0.0001
2024-06-11,1.1141,0.0003
2024-06-12,1.1142,0.0001
2024-06-13,1.1143,0.0001
2024-06-14,1.1144,0.0001
2024-06-17,1.1145,0.0001
2024-06-18,1.1146,0.0001
2024-06-19,1.1146,0.0
2024-06-20,1.1147,0.0001
2024-06-21,1.1147,0.0
2024-06-24,1.1149,0.0002
2024-06-25,1.115,0.0001
2024-06-26,1.1151,0.0001
2024-06-27,1.1153,0.0002
2024-06-28,1.1155,0.0002
2024-06-30,1.1155,0.0
2024-07-01,1.1154,-0.0001
2024-07-02,1.1156,0.0002
2024-07-03,1.1158,0.0002
2024-07-04,1.1159,0.0001
2024-07-05,1.1159,0.0
2024-07-08,1.1158,-0.0001
2024-07-09,1.116,0.0002
2024-07-10,1.116,0.0
2024-07-11,1.1161,0.0001
2024-07-12,1.1163,0.0002
2024-07-15,1.1165,0.0002
2024-07-16,1.1166,0.0001
2024-07-17,1.1166,0.0
2024-07-18,1.1166,0.0
2024-07-19,1.1165,-0.0001
2024-07-22,1.1168,0.0003
2024-07-23,1.117,0.0002
2024-07-24,1.1173,0.0003
2024-07-25,1.1175,0.0002
2024-07-26,1.1176,0.0001
2024-07-29,1.1179,0.0003
2024-07-30,1.118,0.0001
2024-07-31,1.1182,0.0002
2024-08-01,1.1184,0.0002
2024-08-02,1.1187,0.0003
2024-08-05,1.119,0.0003
2024-08-06,1.1188,-0.0002
2024-08-07,1.1188,0.0
2024-08-08,1.1187,-0.0001
2024-08-09,1.1185,-0.0002
2024-08-12,1.1181,-0.0004
2024-08-13,1.1181,0.0
2024-08-14,1.1183,0.0002
2024-08-15,1.1183,0.0
2024-08-16,1.1184,0.0001
2024-08-19,1.1185,0.0001
2024-08-20,1.1185,0.0
2024-08-21,1.1184,-0.0001
2024-08-22,1.1184,0.0
2024-08-23,1.1183,-0.0001
2024-08-26,1.1182,-0.0001
2024-08-27,1.1179,-0.0003
2024-08-28,1.1179,0.0
2024-08-29,1.1181,0.0002
2024-08-30,1.1183,0.0002
2024-09-02,1.1187,0.0004
2024-09-03,1.1189,0.0002
2024-09-04,1.119,0.0001
2024-09-05,1.1191,0.0001
2024-09-06,1.1191,0.0
2024-09-09,1.1193,0.0002
2024-09-10,1.1193,0.0
2024-09-11,1.1194,0.0001
2024-09-12,1.1195,0.0001
2024-09-13,1.1197,0.0002
2024-09-18,1.1202,0.0004
2024-09-19,1.12,-0.0002
2024-09-20,1.1201,0.0001
2024-09-23,1.1201,0.0
2024-09-24,1.1202,0.0001
2024-09-25,1.1204,0.0002
2024-09-26,1.1204,0.0
2024-09-27,1.1195,-0.0008
2024-09-30,1.1183,-0.0011
2024-10-08,1.118,-0.0003
2024-10-09,1.1169,-0.001
2024-10-10,1.1169,0.0
2024-10-11,1.1175,0.0005
2024-10-14,1.1185,0.0009
2024-10-15,1.1189,0.0004
2024-10-16,1.1191,0.0002
2024-10-17,1.1193,0.0002
2024-10-18,1.1195,0.0002
2024-10-21,1.1196,0.0001
2024-10-22,1.1196,0.0
2024-10-23,1.1193,-0.0003
2024-10-24,1.1193,0.0
2024-10-25,1.1193,0.0
2024-10-28,1.1194,0.0001
2024-10-29,1.1194,0.0
2024-10-30,1.1194,0.0
2024-10-31,1.1195,0.0001
2024-11-01,1.1198,0.0003
2024-11-04,1.12,0.0002
2024-11-05,1.1201,0.0001
2024-11-06,1.1202,0.0001
2024-11-07,1.1205,0.0003
2024-11-08,1.1206,0.0001
2024-11-11,1.1208,0.0002
2024-11-12,1.121,0.0002
2024-11-13,1.121,0.0
2024-11-14,1.1211,0.0001
2024-11-15,1.1212,0.0001
2024-11-18,1.1214,0.0002
2024-11-19,1.1214,0.0
2024-11-20,1.1215,0.0001
2024-11-21,1.1216,0.0001
2024-11-22,1.1217,0.0001
2024-11-25,1.122,0.0003
2024-11-26,1.1222,0.0002
2024-11-27,1.1223,0.0001
2024-11-28,1.1224,0.0001
2024-11-29,1.1227,0.0003
2024-12-02,1.1235,0.0007000000000000001
2024-12-03,1.1236,0.0001
2024-12-04,1.1239,0.0003
2024-12-05,1.124,0.0001
2024-12-06,1.124,0.0
2024-12-09,1.1241,0.0001
2024-12-10,1.1247,0.0005
2024-12-11,1.1247,0.0
2024-12-12,1.1248,0.0001
2024-12-13,1.1252,0.0004
2024-12-16,1.1256,0.0004
2024-12-17,1.1255,-0.0001
2024-12-18,1.1253,-0.0002
2024-12-19,1.1253,0.0
2024-12-20,1.1256,0.0003
2024-12-23,1.1259,0.0003
2024-12-24,1.1259,0.0
2024-12-25,1.1257,-0.0002
2024-12-26,1.1257,0.0
2024-12-27,1.126,0.0003
2024-12-30,1.1263,0.0003
2024-12-31,1.1267,0.0004
2025-01-02,1.1271,0.0004
2025-01-03,1.1273,0.0002
2025-01-06,1.1275,0.0002
2025-01-07,1.1274,-0.0001
2025-01-08,1.1275,0.0001
2025-01-09,1.1274,-0.0001
2025-01-10,1.1273,-0.0001
2025-01-13,1.1273,0.0
2025-01-14,1.1271,-0.0002
2025-01-15,1.1271,0.0
2025-01-16,1.1268,-0.0003
2025-01-17,1.1267,-0.0001
2025-01-20,1.1267,0.0
2025-01-21,1.1267,0.0
2025-01-22,1.1268,0.0001
2025-01-23,1.1265,-0.0003
2025-01-24,1.1264,-0.0001
2025-01-27,1.127,0.0005
2025-02-05,1.1276,0.0005
2025-02-06,1.1278,0.0002
2025-02-07,1.1281,0.0003
2025-02-10,1.1281,0.0
2025-02-11,1.128,-0.0001
2025-02-12,1.1281,0.0001
2025-02-13,1.1281,0.0
2025-02-14,1.128,-0.0001
2025-02-17,1.1279,-0.0001
2025-02-18,1.1276,-0.0003
2025-02-19,1.1276,0.0
2025-02-20,1.1274,-0.0002
2025-02-21,1.1272,-0.0002
2025-02-24,1.127,-0.0002
2025-02-25,1.1268,-0.0002
2025-02-26,1.1269,0.0001
2025-02-27,1.1268,-0.0001
2025-02-28,1.1268,0.0
2025-03-03,1.127,0.0002
2025-03-04,1.1272,0.0002
2025-03-05,1.1273,0.0001
2025-03-06,1.1273,0.0
2025-03-07,1.1272,-0.0001
2025-03-10,1.1273,0.0001
2025-03-11,1.1272,-0.0001
2025-03-12,1.1273,0.0001
2025-03-13,1.1276,0.0003
2025-03-14,1.1278,0.0002
2025-03-17,1.1278,0.0
2025-03-18,1.128,0.0002
2025-03-19,1.1281,0.0001
2025-03-20,1.1283,0.0002
2025-03-21,1.1285,0.0002
2025-03-24,1.1288,0.0003
2025-03-25,1.129,0.0002
2025-03-26,1.1291,0.0001
2025-03-27,1.1292,0.0001
2025-03-28,1.1292,0.0
2025-03-31,1.1294,0.0002
2025-04-01,1.1295,0.0001
2025-04-02,1.1297,0.0002
2025-04-03,1.1303,0.0005
2025-04-07,1.1312,0.0008
2025-04-08,1.1309,-0.0003
2025-04-09,1.131,0.0001
2025-04-10,1.131,0.0
2025-04-11,1.1311,0.0001
2025-04-14,1.1312,0.0001
2025-04-15,1.1312,0.0
2025-04-16,1.1312,0.0
2025-04-17,1.1312,0.0
2025-04-18,1.1313,0.0001
2025-04-21,1.1314,0.0001
2025-04-22,1.1314,0.0
2025-04-23,1.1314,0.0
2025-04-24,1.1314,0.0
2025-04-25,1.1315,0.0001
2025-04-28,1.1316,0.0001
2025-04-29,1.1317,0.0001
2025-04-30,1.1319,0.0002
2025-05-06,1.1322,0.0003
2025-05-07,1.1323,0.0001
2025-05-08,1.1326,0.0003
2025-05-09,1.1329,0.0003
2025-05-12,1.133,0.0001
2025-05-13,1.1332,0.0002
2025-05-14,1.1333,0.0001
2025-05-15,1.1334,0.0001
2025-05-16,1.1333,-0.0001
2025-05-19,1.1334,0.0001
2025-05-20,1.1335,0.0001
2025-05-21,1.1336,0.0001
2025-05-22,1.1336,0.0
2025-05-23,1.1337,0.0001
2025-05-26,1.1338,0.0001
2025-05-27,1.1338,0.0
2025-05-28,1.1337,-0.0001
2025-05-29,1.1336,-0.0001
2025-05-30,1.1337,0.0001
2025-06-03,1.1339,0.0002
2025-06-04,1.1339,0.0
2025-06-05,1.1339,0.0
2025-06-06,1.1341,0.0002
2025-06-09,1.1343,0.0002
2025-06-10,1.1344,0.0001
2025-06-11,1.1345,0.0001
2025-06-12,1.1345,0.0
2025-06-13,1.1346,0.0001
2025-06-16,1.1347,0.0001
2025-06-17,1.1349,0.0002
2025-06-18,1.135,0.0001
2025-06-19,1.1351,0.0001
2025-06-20,1.1352,0.0001
2025-06-23,1.1353,0.0001
2025-06-24,1.1353,0.0
2025-06-25,1.1353,0.0
2025-06-26,1.1352,-0.0001
2025-06-27,1.1353,0.0001
2025-06-30,1.1355,0.0002
2025-07-01,1.1356,0.0001
2025-07-02,1.1359,0.0003
2025-07-03,1.1361,0.0002
2025-07-04,1.1363,0.0002
2025-07-07,1.1365,0.0002
2025-07-08,1.1365,0.0
2025-07-09,1.1366,0.0001
2025-07-10,1.1366,0.0
2025-07-11,1.1366,0.0
2025-07-14,1.1366,0.0
2025-07-15,1.1367,0.0001
2025-07-16,1.1368,0.0001
2025-07-17,1.137,0.0002
2025-07-18,1.1371,0.0001
2025-07-21,1.1371,0.0
2025-07-22,1.1371,0.0
2025-07-23,1.1369,-0.0002
2025-07-24,1.1365,-0.0004
2025-07-25,1.1364,-0.0001
2025-07-28,1.1367,0.0003
2025-07-29,1.1366,-0.0001
2025-07-30,1.1367,0.0001
2025-07-31,1.1369,0.0002
2025-08-01,1.1371,0.0002
2025-08-04,1.1374,0.0003
2025-08-05,1.1375,0.0001
2025-08-06,1.1376,0.0001
2025-08-07,1.1378,0.0002
2025-08-08,1.1379,0.0001
2025-08-11,1.1378,-0.0001
2025-08-12,1.1378,0.0
2025-08-13,1.1378,0.0
2025-08-14,1.1378,0.0
2025-08-15,1.1378,0.0
2025-08-18,1.1376,-0.0002
2025-08-19,1.1376,0.0
2025-08-20,1.1376,0.0
2025-08-21,1.1376,0.0
2025-08-22,1.1378,0.0002
2025-08-25,1.138,0.0002
2025-08-26,1.1381,0.0001
2025-08-27,1.1382,0.0001
2025-08-28,1.1382,0.0
2025-08-29,1.1383,0.0001
2025-09-01,1.1385,0.0002
2025-09-02,1.1386,0.0001
2025-09-03,1.1387,0.0001
2025-09-04,1.1389,0.0002
2025-09-05,1.1389,0.0
2025-09-08,1.1389,0.0
2025-09-09,1.1388,-0.0001
2025-09-10,1.1387,-0.0001
2025-09-11,1.1387,0.0
2025-09-12,1.1388,0.0001
2025-09-15,1.1389,0.0001
2025-09-16,1.139,0.0001
2025-09-17,1.139,0.0
2025-09-18,1.139,0.0
2025-09-19,1.139,0.0
2025-09-22,1.1391,0.0001
2025-09-23,1.1391,0.0
2025-09-24,1.1389,-0.0002
2025-09-25,1.1387,-0.0002
2025-09-26,1.1389,0.0002
2025-09-29,1.1391,0.0002
2025-09-30,1.1393,0.0002
2025-10-09,1.1398,0.0004
2025-10-10,1.1398,0.0
2025-10-13,1.1401,0.0003
2025-10-14,1.1401,0.0
2025-10-15,1.1402,0.0001
2025-10-16,1.1403,0.0001
2025-10-17,1.1405,0.0002
2025-10-20,1.1406,0.0001
2025-10-21,1.1407,0.0001
2025-10-22,1.1408,0.0001
2025-10-23,1.141,0.0002
2025-10-24,1.141,0.0
2025-10-27,1.1411,0.0001
2025-10-28,1.1414,0.0003
2025-10-29,1.1415,0.0001
2025-10-30,1.1417,0.0002
2025-10-31,1.1419,0.0002
2025-11-03,1.1421,0.0002
2025-11-04,1.1422,0.0001
2025-11-05,1.1423,0.0001
2025-11-06,1.1423,0.0
2025-11-07,1.1423,0.0
2025-11-10,1.1425,0.0002
2025-11-11,1.1426,0.0001
2025-11-12,1.1427,0.0001
2025-11-13,1.1427,0.0
2025-11-14,1.1428,0.0001
2025-11-17,1.143,0.0002
2025-11-18,1.143,0.0
2025-11-19,1.1431,0.0001
2025-11-20,1.1431,0.0
2025-11-21,1.1432,0.0001
2025-11-24,1.1433,0.0001
2025-11-25,1.1433,0.0
2025-11-26,1.1433,0.0
2025-11-27,1.1432,-0.0001
2025-11-28,1.1434,0.0002
2025-12-01,1.1435,0.0001
2025-12-02,1.1436,0.0001
2025-12-03,1.1436,0.0
2025-12-04,1.1435,-0.0001
2025-12-05,1.1434,-0.0001
2025-12-08,1.1436,0.0002
2025-12-09,1.1436,0.0
2025-12-10,1.1437,0.0001
2025-12-11,1.1437,0.0
2025-12-12,1.1438,0.0001
2025-12-15,1.1438,0.0
2025-12-16,1.1438,0.0
2025-12-17,1.1439,0.0001
2025-12-18,1.144,0.0001
2025-12-19,1.1441,0.0001
2025-12-22,1.1442,0.0001
2025-12-23,1.1443,0.0001
2025-12-24,1.1443,0.0
2025-12-25,1.1443,0.0
2025-12-26,1.1444,0.0001
2025-12-29,1.1443,-0.0001
2025-12-30,1.1443,0.0
2025-12-31,1.1444,0.0001
2026-01-05,1.1447,0.0003
2026-01-06,1.1447,0.0
2026-01-07,1.1447,0.0
2026-01-08,1.1448,0.0001
2026-01-09,1.1448,0.0
2026-01-12,1.145,0.0002
2026-01-13,1.1451,0.0001
2026-01-14,1.1451,0.0
2026-01-15,1.1452,0.0001
2026-01-16,1.1453,0.0001
2026-01-19,1.1454,0.0001
2026-01-20,1.1455,0.0001
2026-01-21,1.1456,0.0001
2026-01-22,1.1457,0.0001
2026-01-23,1.1458,0.0001
2026-01-26,1.146,0.0002
2026-01-27,1.1461,0.0001
2026-01-28,1.1462,0.0001
2026-01-29,1.1462,0.0
2026-01-30,1.1463,0.0001
2026-02-02,1.1464,0.0001
2026-02-03,1.1464,0.0
2026-02-04,1.1465,0.0001
2026-02-05,1.1466,0.0001
2026-02-06,1.1467,0.0001
2026-02-09,1.1469,0.0002
2026-02-10,1.147,0.0001
2026-02-11,1.1471,0.0001
2026-02-12,1.1472,0.0001
2026-02-13,1.1473,0.0001
2026-02-24,1.1477,0.0003
2026-02-25,1.1477,0.0
2026-02-26,1.1475,-0.0002
2026-02-27,1.1477,0.0002
2026-03-02,1.1479,0.0002
2026-03-03,1.148,0.0001
2026-03-04,1.1482,0.0002
2026-03-05,1.1482,0.0
2026-03-06,1.1484,0.0002
2026-03-09,1.1485,0.0001
2026-03-10,1.1486,0.0001
2026-03-11,1.1487,0.0001
2026-03-12,1.1487,0.0
2026-03-13,1.1489,0.0002
2026-03-16,1.1491,0.0002
2026-03-17,1.1491,0.0
2026-03-18,1.1493,0.0002
2026-03-19,1.1494,0.0001
2026-03-20,1.1495,0.0001
2026-03-23,1.1496,0.0001
2026-03-24,1.1496,0.0
2026-03-25,1.1498,0.0002
2026-03-26,1.1499,0.0001
2026-03-27,1.15,0.0001
2026-03-30,1.1503,0.0003
2026-03-31,1.1504,0.0001
2026-04-01,1.1504,0.0
2026-04-02,1.1506,0.0002
2026-04-03,1.1508,0.0002
2026-04-07,1.1512,0.0003
2026-04-08,1.1513,0.0001
2026-04-09,1.1514,0.0001
2026-04-10,1.1515,0.0001
2026-04-13,1.1516,0.0001
2026-04-14,1.1516,0.0
2026-04-15,1.1517,0.0001
2026-04-16,1.1518,0.0001
2026-04-17,1.1519,0.0001
2026-04-20,1.1521,0.0002
2026-04-21,1.1522,0.0001
2026-04-22,1.1524,0.0002
2026-04-23,1.1524,0.0
2026-04-24,1.1526,0.0002
2026-04-27,1.1526,0.0
2026-04-28,1.1526,0.0
2026-04-29,1.1527,0.0001
2026-04-30,1.1528,0.0001
2026-05-06,1.1529,0.0001
2026-05-07,1.153,0.0001
2026-05-08,1.153,0.0
2026-05-11,1.1532,0.0002
2026-05-12,1.1533,0.0001
2026-05-13,1.1535,0.0002
2026-05-14,1.1535,0.0
2026-05-15,1.1536,0.0001
2026-05-18,1.1537,0.0001
2026-05-19,1.1538,0.0001
2026-05-20,1.1539,0.0001
2026-05-21,1.154,0.0001
2026-05-22,1.154,0.0
2026-05-25,1.1542,0.0002
2026-05-26,1.1543,0.0001
2026-05-27,1.1544,0.0001
2026-05-28,1.1545,0.0001
2026-05-29,1.1547,0.0002
2026-06-01,1.155,0.0003
2026-06-02,1.155,0.0
2026-06-03,1.1551,0.0001
2026-06-04,1.1551,0.0
2026-06-05,1.1551,0.0
2026-06-08,1.1551,0.0
2026-06-09,1.155,-0.0001
2026-06-10,1.1548,-0.0002
2026-06-11,1.1546,-0.0002
2026-06-12,1.1546,0.0
2026-06-15,1.1547,0.0001
2026-06-16,1.1547,0.0
2026-06-17,1.1549,0.0002
2026-06-18,1.1551,0.0002
2026-06-22,1.1552,0.0001
2026-06-23,1.1551,-0.0001
2026-06-24,1.1552,0.0001
2026-06-25,1.1554,0.0002
2026-06-26,1.1555,0.0001
2026-06-29,1.1557,0.0002
2026-06-30,1.1558,0.0001
2026-07-01,1.1556,-0.0002
2026-07-02,1.1557,0.0001
2026-07-03,1.1557,0.0
2026-07-06,1.1559,0.0002
2026-07-07,1.1559,0.0
2026-07-08,1.156,0.0001
2026-07-09,1.156,0.0
2026-07-10,1.1561,0.0001
2026-07-13,1.1561,0.0
2026-07-14,1.1562,0.0001
2026-07-15,1.1563,0.0001
2026-07-16,1.1563,0.0
2026-07-17,1.1564,0.0001
2026-07-20,1.1565,0.0001
2026-07-21,1.1565,0.0
2026-07-22,1.1566,0.0001
2026-07-23,1.1567,0.0001
2026-07-24,1.1568,0.0001
2026-07-27,1.1569,0.0001
2026-07-28,1.1569,0.0
2026-07-29,1.1569,0.0
2026-07-30,1.157,0.0001
2026-07-31,1.157,0.0
2026-08-03,1.1571,0.0001
2026-08-04,1.1572,0.0001
