date,nav,ret
2015-06-08,1.0,0.0
2015-06-12,1.001,0.0
2015-06-15,0.999,-0.001998
2015-06-16,0.996,-0.003003
2015-06-17,0.998,0.0020080000000000002
2015-06-18,0.994,-0.004008
2015-06-19,0.987,-0.0070420000000000005
2015-06-23,0.989,0.002026
2015-06-24,0.99,0.001011
2015-06-25,0.988,-0.00202
2015-06-26,0.985,-0.0030359999999999996
2015-06-29,0.984,-0.001015
2015-06-30,0.985,0.001016
2015-07-01,0.984,-0.001015
2015-07-02,0.984,0.0
2015-07-03,0.984,0.0
2015-07-06,0.984,0.0
2015-07-07,0.984,0.0
2015-07-08,0.984,0.0
2015-07-09,0.984,0.0
2015-07-10,1.142,0.160569
2015-07-13,1.143,0.0008759999999999999
2015-07-14,1.155,0.010499000000000001
2015-07-15,1.155,0.0
2015-07-16,1.155,0.0
2015-07-17,1.155,0.0
2015-07-20,1.155,0.0
2015-07-21,1.155,0.0
2015-07-22,1.156,0.000866
2015-07-23,1.156,0.0
2015-07-24,1.156,0.0
2015-07-27,1.156,0.0
2015-07-28,1.156,0.0
2015-07-29,1.156,0.0
2015-07-30,1.156,0.0
2015-07-31,1.156,0.0
2015-08-03,1.156,0.0
2015-08-04,1.157,0.0008649999999999999
2015-08-05,1.157,0.0
2015-08-06,1.157,0.0
2015-08-07,1.157,0.0
2015-08-10,1.158,0.0008640000000000001
2015-08-11,1.158,0.0
2015-08-12,1.158,0.0
2015-08-13,1.158,0.0
2015-08-14,1.158,0.0
2015-08-17,1.158,0.0
2015-08-18,1.158,0.0
2015-08-19,1.158,0.0
2015-08-20,1.158,0.0
2015-08-21,1.158,0.0
2015-08-24,1.158,0.0
2015-08-25,1.157,-0.0008640000000000001
2015-08-26,1.157,0.0
2015-08-27,1.157,0.0
2015-08-28,1.158,0.0008640000000000001
2015-08-31,1.158,0.0
2015-09-01,1.158,0.0
2015-09-02,1.158,0.0
2015-09-07,1.158,0.0
2015-09-08,1.158,0.0
2015-09-09,1.158,0.0
2015-09-10,1.158,0.0
2015-09-11,1.158,0.0
2015-09-14,1.158,0.0
2015-09-15,1.158,0.0
2015-09-16,1.159,0.0008640000000000001
2015-09-17,1.159,0.0
2015-09-18,1.159,0.0
2015-09-21,1.16,0.000863
2015-09-22,1.161,0.000862
2015-09-23,1.161,0.0
2015-09-24,1.161,0.0
2015-09-25,1.161,0.0
2015-09-28,1.162,0.000861
2015-09-29,1.162,0.0
2015-09-30,1.162,0.0
2015-10-08,1.163,0.000861
2015-10-09,1.163,0.0
2015-10-12,1.164,0.00086
2015-10-13,1.166,0.0017180000000000001
2015-10-14,1.166,0.0
2015-10-15,1.166,0.0
2015-10-16,1.166,0.0
2015-10-19,1.166,0.0
2015-10-20,1.166,0.0
2015-10-21,1.166,0.0
2015-10-22,1.166,0.0
2015-10-23,1.167,0.000858
2015-10-26,1.169,0.001714
2015-10-27,1.17,0.0008550000000000001
2015-10-28,1.17,0.0
2015-10-29,1.169,-0.0008550000000000001
2015-10-30,1.169,0.0
2015-11-02,1.169,0.0
2015-11-03,1.168,-0.0008550000000000001
2015-11-04,1.168,0.0
2015-11-05,1.168,0.0
2015-11-06,1.169,0.000856
2015-11-09,1.165,-0.003422
2015-11-10,1.164,-0.000858
2015-11-11,1.166,0.0017180000000000001
2015-11-12,1.166,0.0
2015-11-13,1.166,0.0
2015-11-16,1.167,0.000858
2015-11-17,1.167,0.0
2015-11-18,1.166,-0.000857
2015-11-19,1.167,0.000858
2015-11-20,1.167,0.0
2015-11-23,1.167,0.0
2015-11-24,1.167,0.0
2015-11-25,1.167,0.0
2015-11-26,1.167,0.0
2015-11-27,1.167,0.0
2015-11-30,1.167,0.0
2015-12-01,1.167,0.0
2015-12-02,1.167,0.0
2015-12-03,1.167,0.0
2015-12-04,1.167,0.0
2015-12-07,1.167,0.0
2015-12-08,1.166,-0.000857
2015-12-09,1.166,0.0
2015-12-10,1.167,0.000858
2015-12-11,1.167,0.0
2015-12-14,1.167,0.0
2015-12-15,1.167,0.0
2015-12-16,1.167,0.0
2015-12-17,1.167,0.0
2015-12-18,1.167,0.0
2015-12-21,1.168,0.000857
2015-12-22,1.168,0.0
2015-12-23,1.168,0.0
2015-12-24,1.169,0.000856
2015-12-25,1.169,0.0
2015-12-28,1.17,0.0008550000000000001
2015-12-29,1.17,0.0
2015-12-30,1.171,0.0008550000000000001
2015-12-31,1.171,0.0
2016-01-04,1.171,0.0
2016-01-05,1.172,0.000854
2016-01-06,1.172,0.0
2016-01-07,1.172,0.0
2016-01-08,1.173,0.000853
2016-01-11,1.173,0.0
2016-01-12,1.173,0.0
2016-01-13,1.173,0.0
2016-01-14,1.174,0.000853
2016-01-15,1.174,0.0
2016-01-18,1.174,0.0
2016-01-19,1.174,0.0
2016-01-20,1.174,0.0
2016-01-21,1.174,0.0
2016-01-22,1.174,0.0
2016-01-25,1.174,0.0
2016-01-26,1.174,0.0
2016-01-27,1.174,0.0
2016-01-28,1.174,0.0
2016-01-29,1.174,0.0
2016-02-01,1.174,0.0
2016-02-02,1.174,0.0
2016-02-03,1.175,0.000852
2016-02-04,1.175,0.0
2016-02-05,1.175,0.0
2016-02-15,1.176,0.000851
2016-02-16,1.176,0.0
2016-02-17,1.177,0.0008500000000000001
2016-02-18,1.176,-0.0008500000000000001
2016-02-19,1.177,0.0008500000000000001
2016-02-22,1.177,0.0
2016-02-23,1.177,0.0
2016-02-24,1.177,0.0
2016-02-25,1.175,-0.001699
2016-02-26,1.175,0.0
2016-02-29,1.174,-0.000851
2016-03-01,1.175,0.000852
2016-03-02,1.176,0.000851
2016-03-03,1.176,0.0
2016-03-04,1.176,0.0
2016-03-07,1.177,0.0008500000000000001
2016-03-08,1.177,0.0
2016-03-09,1.177,0.0
2016-03-10,1.177,0.0
2016-03-11,1.177,0.0
2016-03-14,1.178,0.0008500000000000001
2016-03-15,1.179,0.000849
2016-03-16,1.179,0.0
2016-03-17,1.18,0.000848
2016-03-18,1.181,0.000847
2016-03-21,1.181,0.0
2016-03-22,1.182,0.000847
2016-03-23,1.182,0.0
2016-03-24,1.182,0.0
2016-03-25,1.182,0.0
2016-03-28,1.182,0.0
2016-03-29,1.181,-0.000846
2016-03-30,1.182,0.000847
2016-03-31,1.182,0.0
2016-04-01,1.182,0.0
2016-04-05,1.183,0.000846
2016-04-06,1.183,0.0
2016-04-07,1.183,0.0
2016-04-08,1.183,0.0
2016-04-11,1.183,0.0
2016-04-12,1.181,-0.001691
2016-04-13,1.18,-0.000847
2016-04-14,1.175,-0.004237
2016-04-15,1.173,-0.001702
2016-04-18,1.173,0.0
2016-04-19,1.172,-0.000853
2016-04-20,1.17,-0.001706
2016-04-21,1.168,-0.001709
2016-04-22,1.166,-0.001712
2016-04-25,1.163,-0.0025729999999999998
2016-04-26,1.162,-0.00086
2016-04-27,1.163,0.000861
2016-04-28,1.164,0.00086
2016-04-29,1.165,0.0008590000000000001
2016-05-03,1.167,0.001717
2016-05-04,1.167,0.0
2016-05-05,1.167,0.0
2016-05-06,1.166,-0.000857
2016-05-09,1.166,0.0
2016-05-10,1.168,0.0017150000000000002
2016-05-11,1.17,0.001712
2016-05-12,1.17,0.0
2016-05-13,1.17,0.0
2016-05-16,1.172,0.001709
2016-05-17,1.172,0.0
2016-05-18,1.171,-0.000853
2016-05-19,1.171,0.0
2016-05-20,1.165,-0.005124
2016-05-23,1.165,0.0
2016-05-24,1.165,0.0
2016-05-25,1.165,0.0
2016-05-26,1.165,0.0
2016-05-27,1.166,0.000858
2016-05-30,1.166,0.0
2016-05-31,1.167,0.000858
2016-06-01,1.167,0.0
2016-06-02,1.167,0.0
2016-06-03,1.168,0.000857
2016-06-06,1.166,-0.001712
2016-06-07,1.166,0.0
2016-06-08,1.167,0.000858
2016-06-13,1.166,-0.000857
2016-06-14,1.165,-0.000858
2016-06-15,1.167,0.001717
2016-06-16,1.166,-0.000857
2016-06-17,1.166,0.0
2016-06-20,1.167,0.000858
2016-06-21,1.167,0.0
2016-06-22,1.167,0.0
2016-06-23,1.167,0.0
2016-06-24,1.168,0.000857
2016-06-27,1.168,0.0
2016-06-28,1.169,0.000856
2016-06-29,1.17,0.0008550000000000001
2016-06-30,1.17,0.0
2016-07-01,1.171,0.0008550000000000001
2016-07-04,1.171,0.0
2016-07-05,1.172,0.000854
2016-07-06,1.172,0.0
2016-07-07,1.173,0.000853
2016-07-08,1.173,0.0
2016-07-11,1.174,0.000853
2016-07-12,1.174,0.0
2016-07-13,1.174,0.0
2016-07-14,1.175,0.000852
2016-07-15,1.176,0.000851
2016-07-18,1.176,0.0
2016-07-19,1.177,0.0008500000000000001
2016-07-20,1.177,0.0
2016-07-21,1.177,0.0
2016-07-22,1.177,0.0
2016-07-25,1.177,0.0
2016-07-26,1.178,0.0008500000000000001
2016-07-27,1.178,0.0
2016-07-28,1.178,0.0
2016-07-29,1.18,0.001698
2016-08-01,1.18,0.0
2016-08-02,1.18,0.0
2016-08-03,1.181,0.000847
2016-08-04,1.181,0.0
2016-08-05,1.181,0.0
2016-08-08,1.182,0.000847
2016-08-09,1.182,0.0
2016-08-10,1.182,0.0
2016-08-11,1.182,0.0
2016-08-12,1.182,0.0
2016-08-15,1.182,0.0
2016-08-16,1.182,0.0
2016-08-17,1.182,0.0
2016-08-18,1.182,0.0
2016-08-19,1.182,0.0
2016-08-22,1.182,0.0
2016-08-23,1.182,0.0
2016-08-24,1.182,0.0
2016-08-25,1.181,-0.000846
2016-08-26,1.181,0.0
2016-08-29,1.182,0.000847
2016-08-30,1.182,0.0
2016-08-31,1.182,0.0
2016-09-01,1.182,0.0
2016-09-02,1.182,0.0
2016-09-05,1.182,0.0
2016-09-06,1.182,0.0
2016-09-07,1.182,0.0
2016-09-08,1.182,0.0
2016-09-09,1.181,-0.000846
2016-09-12,1.18,-0.000847
2016-09-13,1.18,0.0
2016-09-14,1.18,0.0
2016-09-19,1.181,0.000847
2016-09-20,1.181,0.0
2016-09-21,1.181,0.0
2016-09-22,1.182,0.000847
2016-09-23,1.182,0.0
2016-09-26,1.18,-0.001692
2016-09-27,1.181,0.000847
2016-09-28,1.181,0.0
2016-09-29,1.181,0.0
2016-09-30,1.182,0.000847
2016-10-10,1.183,0.000846
2016-10-11,1.184,0.000845
2016-10-12,1.183,-0.000845
2016-10-13,1.183,0.0
2016-10-14,1.183,0.0
2016-10-17,1.183,0.0
2016-10-18,1.184,0.000845
2016-10-19,1.184,0.0
2016-10-20,1.184,0.0
2016-10-21,1.185,0.000845
2016-10-24,1.186,0.000844
2016-10-25,1.186,0.0
2016-10-26,1.185,-0.000843
2016-10-27,1.185,0.0
2016-10-28,1.185,0.0
2016-10-31,1.186,0.000844
2016-11-01,1.187,0.000843
2016-11-02,1.186,-0.000842
2016-11-03,1.187,0.000843
2016-11-04,1.186,-0.000842
2016-11-07,1.186,0.0
2016-11-08,1.187,0.000843
2016-11-09,1.186,-0.000842
2016-11-10,1.187,0.000843
2016-11-11,1.187,0.0
2016-11-14,1.187,0.0
2016-11-15,1.187,0.0
2016-11-16,1.187,0.0
2016-11-17,1.187,0.0
2016-11-18,1.187,0.0
2016-11-21,1.188,0.000842
2016-11-22,1.189,0.000842
2016-11-23,1.19,0.000841
2016-11-24,1.191,0.00084
2016-11-25,1.192,0.00084
2016-11-28,1.192,0.0
2016-11-29,1.193,0.000839
2016-11-30,1.191,-0.001676
2016-12-01,1.191,0.0
2016-12-02,1.19,-0.00084
2016-12-05,1.19,0.0
2016-12-06,1.19,0.0
2016-12-07,1.191,0.00084
2016-12-08,1.191,0.0
2016-12-09,1.192,0.00084
2016-12-12,1.19,-0.001678
2016-12-13,1.19,0.0
2016-12-14,1.189,-0.00084
2016-12-15,1.187,-0.001682
2016-12-16,1.186,-0.000842
2016-12-19,1.187,0.000843
2016-12-20,1.185,-0.001685
2016-12-21,1.188,0.002532
2016-12-22,1.188,0.0
2016-12-23,1.187,-0.000842
2016-12-26,1.188,0.000842
2016-12-27,1.188,0.0
2016-12-28,1.188,0.0
2016-12-29,1.188,0.0
2016-12-30,1.19,0.001684
2016-12-31,1.19,0.0
2017-01-03,1.192,0.001681
2017-01-04,1.194,0.001678
2017-01-05,1.194,0.0
2017-01-06,1.194,0.0
2017-01-09,1.196,0.001675
2017-01-10,1.195,-0.0008359999999999999
2017-01-11,1.195,0.0
2017-01-12,1.194,-0.000837
2017-01-13,1.194,0.0
2017-01-16,1.194,0.0
2017-01-17,1.195,0.000838
2017-01-18,1.196,0.000837
2017-01-19,1.195,-0.0008359999999999999
2017-01-20,1.196,0.000837
2017-01-23,1.197,0.0008359999999999999
2017-01-24,1.198,0.000835
2017-01-25,1.198,0.0
2017-01-26,1.199,0.000835
2017-02-03,1.199,0.0
2017-02-06,1.2,0.000834
2017-02-07,1.199,-0.000833
2017-02-08,1.2,0.000834
2017-02-09,1.2,0.0
2017-02-10,1.201,0.000833
2017-02-13,1.202,0.000833
2017-02-14,1.203,0.000832
2017-02-15,1.203,0.0
2017-02-16,1.204,0.0008309999999999999
2017-02-17,1.204,0.0
2017-02-20,1.207,0.002492
2017-02-21,1.207,0.0
2017-02-22,1.207,0.0
2017-02-23,1.207,0.0
2017-02-24,1.207,0.0
2017-02-27,1.206,-0.000829
2017-02-28,1.206,0.0
2017-03-01,1.207,0.000829
2017-03-02,1.206,-0.000829
2017-03-03,1.206,0.0
2017-03-06,1.208,0.001658
2017-03-07,1.209,0.000828
2017-03-08,1.208,-0.0008269999999999999
2017-03-09,1.208,0.0
2017-03-10,1.208,0.0
2017-03-13,1.21,0.001656
2017-03-14,1.21,0.0
2017-03-15,1.21,0.0
2017-03-16,1.21,0.0
2017-03-17,1.209,-0.000826
2017-03-20,1.209,0.0
2017-03-21,1.211,0.0016539999999999999
2017-03-22,1.211,0.0
2017-03-23,1.211,0.0
2017-03-24,1.212,0.000826
2017-03-27,1.213,0.000825
2017-03-28,1.212,-0.000824
2017-03-29,1.212,0.0
2017-03-30,1.213,0.000825
2017-03-31,1.214,0.000824
2017-04-05,1.216,0.001647
2017-04-06,1.216,0.0
2017-04-07,1.217,0.0008219999999999999
2017-04-10,1.216,-0.0008219999999999999
2017-04-11,1.217,0.0008219999999999999
2017-04-12,1.218,0.0008219999999999999
2017-04-13,1.218,0.0
2017-04-14,1.217,-0.0008210000000000001
2017-04-17,1.218,0.0008219999999999999
2017-04-18,1.217,-0.0008210000000000001
2017-04-19,1.217,0.0
2017-04-20,1.218,0.0008219999999999999
2017-04-21,1.219,0.0008210000000000001
2017-04-24,1.219,0.0
2017-04-25,1.219,0.0
2017-04-26,1.22,0.00082
2017-04-27,1.22,0.0
2017-04-28,1.22,0.0
2017-05-02,1.219,-0.00082
2017-05-03,1.22,0.00082
2017-05-04,1.219,-0.00082
2017-05-05,1.219,0.0
2017-05-08,1.219,0.0
2017-05-09,1.219,0.0
2017-05-10,1.22,0.00082
2017-05-11,1.221,0.00082
2017-05-12,1.223,0.001638
2017-05-15,1.224,0.0008179999999999999
2017-05-16,1.224,0.0
2017-05-17,1.224,0.0
2017-05-18,1.224,0.0
2017-05-19,1.224,0.0
2017-05-22,1.226,0.0016339999999999998
2017-05-23,1.226,0.0
2017-05-24,1.227,0.0008160000000000001
2017-05-25,1.228,0.0008150000000000001
2017-05-26,1.229,0.000814
2017-05-31,1.23,0.000814
2017-06-01,1.231,0.0008129999999999999
2017-06-02,1.23,-0.0008119999999999999
2017-06-05,1.228,-0.0016259999999999998
2017-06-06,1.229,0.000814
2017-06-07,1.24,0.00895
2017-06-08,1.242,0.001613
2017-06-09,1.242,0.0
2017-06-12,1.243,0.000805
2017-06-13,1.243,0.0
2017-06-14,1.242,-0.000805
2017-06-15,1.24,-0.00161
2017-06-16,1.241,0.0008060000000000001
2017-06-19,1.243,0.0016120000000000002
2017-06-20,1.243,0.0
2017-06-21,1.245,0.001609
2017-06-22,1.246,0.000803
2017-06-23,1.247,0.000803
2017-06-26,1.25,0.002406
2017-06-27,1.251,0.0008
2017-06-28,1.249,-0.001599
2017-06-29,1.253,0.0032029999999999997
2017-06-30,1.254,0.000798
2017-07-03,1.253,-0.000797
2017-07-04,1.252,-0.000798
2017-07-05,1.254,0.0015970000000000001
2017-07-06,1.255,0.000797
2017-07-07,1.255,0.0
2017-07-10,1.255,0.0
2017-07-11,1.257,0.001594
2017-07-12,1.256,-0.000796
2017-07-13,1.258,0.001592
2017-07-14,1.259,0.000795
2017-07-17,1.262,0.002383
2017-07-18,1.26,-0.001585
2017-07-19,1.262,0.001587
2017-07-20,1.263,0.0007920000000000001
2017-07-21,1.262,-0.0007920000000000001
2017-07-24,1.264,0.001585
2017-07-25,1.265,0.000791
2017-07-26,1.266,0.000791
2017-07-27,1.266,0.0
2017-07-28,1.266,0.0
2017-07-31,1.266,0.0
2017-08-01,1.269,0.0023699999999999997
2017-08-02,1.269,0.0
2017-08-03,1.268,-0.000788
2017-08-04,1.27,0.001577
2017-08-07,1.27,0.0
2017-08-08,1.27,0.0
2017-08-09,1.269,-0.000787
2017-08-10,1.268,-0.000788
2017-08-11,1.268,0.0
2017-08-14,1.269,0.000789
2017-08-15,1.271,0.001576
2017-08-16,1.195,0.000236
2017-08-17,1.195,0.0
2017-08-18,1.196,0.000837
2017-08-21,1.196,0.0
2017-08-22,1.198,0.0016719999999999999
2017-08-23,1.2,0.001669
2017-08-24,1.2,0.0
2017-08-25,1.205,0.0041670000000000006
2017-08-28,1.205,0.0
2017-08-29,1.205,0.0
2017-08-30,1.203,-0.00166
2017-08-31,1.202,-0.0008309999999999999
2017-09-01,1.202,0.0
2017-09-04,1.205,0.002496
2017-09-05,1.207,0.00166
2017-09-06,1.206,-0.000829
2017-09-07,1.206,0.0
2017-09-08,1.207,0.000829
2017-09-11,1.206,-0.000829
2017-09-12,1.207,0.000829
2017-09-13,1.207,0.0
2017-09-14,1.205,-0.0016569999999999998
2017-09-15,1.204,-0.00083
2017-09-18,1.204,0.0
2017-09-19,1.204,0.0
2017-09-20,1.204,0.0
2017-09-21,1.206,0.001661
2017-09-22,1.207,0.000829
2017-09-25,1.21,0.002486
2017-09-26,1.209,-0.000826
2017-09-27,1.208,-0.0008269999999999999
2017-09-28,1.21,0.001656
2017-09-29,1.21,0.0
2017-10-09,1.214,0.003306
2017-10-10,1.214,0.0
2017-10-11,1.217,0.0024709999999999997
2017-10-12,1.219,0.001643
2017-10-13,1.218,-0.00082
2017-10-16,1.22,0.0016420000000000002
2017-10-17,1.22,0.0
2017-10-18,1.223,0.0024590000000000002
2017-10-19,1.225,0.0016350000000000002
2017-10-20,1.223,-0.001633
2017-10-23,1.224,0.0008179999999999999
2017-10-24,1.225,0.0008169999999999999
2017-10-25,1.225,0.0
2017-10-26,1.224,-0.0008160000000000001
2017-10-27,1.227,0.002451
2017-10-30,1.228,0.0008150000000000001
2017-10-31,1.226,-0.0016289999999999998
2017-11-01,1.227,0.0008160000000000001
2017-11-02,1.227,0.0
2017-11-03,1.228,0.0008150000000000001
2017-11-06,1.229,0.000814
2017-11-07,1.229,0.0
2017-11-08,1.228,-0.000814
2017-11-09,1.229,0.000814
2017-11-10,1.23,0.000814
2017-11-13,1.231,0.0008129999999999999
2017-11-14,1.229,-0.0016250000000000001
2017-11-15,1.229,0.0
2017-11-16,1.232,0.002441
2017-11-17,1.235,0.002435
2017-11-20,1.237,0.0016189999999999998
2017-11-21,1.239,0.0016170000000000002
2017-11-22,1.239,0.0
2017-11-23,1.234,-0.0040360000000000005
2017-11-24,1.234,0.0
2017-11-27,1.232,-0.001621
2017-11-28,1.232,0.0
2017-11-29,1.232,0.0
2017-11-30,1.232,0.0
2017-12-01,1.232,0.0
2017-12-04,1.232,0.0
2017-12-05,1.232,0.0
2017-12-06,1.001,0.0
2017-12-07,1.001,0.0
2017-12-08,1.002,0.000999
2017-12-11,1.002,0.0
2017-12-12,1.002,0.0
2017-12-13,1.002,0.0
2017-12-14,1.002,0.0
2017-12-15,1.002,0.0
2017-12-18,1.002,0.0
2017-12-19,1.002,0.0
2017-12-20,1.003,0.000998
2017-12-21,1.003,0.0
2017-12-22,1.003,0.0
2017-12-25,1.003,0.0
2017-12-26,1.003,0.0
2017-12-27,1.003,0.0
2017-12-28,1.003,0.0
2017-12-29,1.003,0.0
2017-12-31,1.004,0.0
2018-01-02,1.005,0.001994
2018-01-03,1.005,0.0
2018-01-04,1.005,0.0
2018-01-05,1.006,0.000995
2018-01-08,1.006,0.0
2018-01-09,1.006,0.0
2018-01-10,1.006,0.0
2018-01-11,1.006,0.0
2018-01-12,1.006,0.0
2018-01-15,1.006,0.0
2018-01-16,1.007,0.000994
2018-01-17,1.007,0.0
2018-01-18,1.007,0.0
2018-01-19,1.007,0.0
2018-01-22,1.008,0.000993
2018-01-23,1.008,0.0
2018-01-24,1.008,0.0
2018-01-25,1.009,0.000992
2018-01-26,1.009,0.0
2018-01-29,1.009,0.0
2018-01-30,1.009,0.0
2018-01-31,1.009,0.0
2018-02-01,1.009,0.0
2018-02-02,1.009,0.0
2018-02-05,1.01,0.000991
2018-02-06,1.01,0.0
2018-02-07,1.009,-0.00099
2018-02-08,1.009,0.0
2018-02-09,1.009,0.0
2018-02-12,1.009,0.0
2018-02-13,1.009,0.0
2018-02-14,1.009,0.0
2018-02-22,1.01,0.000991
2018-02-23,1.011,0.00099
2018-02-26,1.011,0.0
2018-02-27,1.011,0.0
2018-02-28,1.011,0.0
2018-03-01,1.011,0.0
2018-03-02,1.011,0.0
2018-03-05,1.012,0.000989
2018-03-06,1.012,0.0
2018-03-07,1.012,0.0
2018-03-08,1.012,0.0
2018-03-09,1.013,0.000988
2018-03-12,1.013,0.0
2018-03-13,1.013,0.0
2018-03-14,1.013,0.0
2018-03-15,1.013,0.0
2018-03-16,1.013,0.0
2018-03-19,1.014,0.000987
2018-03-20,1.013,-0.000986
2018-03-21,1.014,0.000987
2018-03-22,1.014,0.0
2018-03-23,1.014,0.0
2018-03-26,1.014,0.0
2018-03-27,1.014,0.0
2018-03-28,1.015,0.000986
2018-03-29,1.014,-0.000985
2018-03-30,1.015,0.000986
2018-04-02,1.015,0.0
2018-04-03,1.015,0.0
2018-04-04,1.015,0.0
2018-04-09,1.016,0.000985
2018-04-10,1.016,0.0
2018-04-11,1.016,0.0
2018-04-12,1.016,0.0
2018-04-13,1.016,0.0
2018-04-16,1.016,0.0
2018-04-17,1.016,0.0
2018-04-18,1.017,0.000984
2018-04-19,1.016,-0.000983
2018-04-20,1.016,0.0
2018-04-23,1.016,0.0
2018-04-24,1.016,0.0
2018-04-25,1.016,0.0
2018-04-26,1.016,0.0
2018-04-27,1.016,0.0
2018-05-02,1.017,0.000984
2018-05-03,1.017,0.0
2018-05-04,1.017,0.0
2018-05-07,1.017,0.0
2018-05-08,1.017,0.0
2018-05-09,1.017,0.0
2018-05-10,1.017,0.0
2018-05-11,1.017,0.0
2018-05-14,1.017,0.0
2018-05-15,1.017,0.0
2018-05-16,1.017,0.0
2018-05-17,1.018,0.000983
2018-05-18,1.018,0.0
2018-05-21,1.018,0.0
2018-05-22,1.018,0.0
2018-05-23,1.018,0.0
2018-05-24,1.018,0.0
2018-05-25,1.018,0.0
2018-05-28,1.018,0.0
2018-05-29,1.018,0.0
2018-05-30,1.018,0.0
2018-05-31,1.018,0.0
2018-06-01,1.018,0.0
2018-06-04,1.018,0.0
2018-06-05,1.018,0.0
2018-06-06,1.019,0.000982
2018-06-07,1.019,0.0
2018-06-08,1.019,0.0
2018-06-11,1.019,0.0
2018-06-12,1.019,0.0
2018-06-13,1.019,0.0
2018-06-14,1.019,0.0
2018-06-15,1.019,0.0
2018-06-19,1.019,0.0
2018-06-20,1.019,0.0
2018-06-21,1.019,0.0
2018-06-22,1.019,0.0
2018-06-25,1.019,0.0
2018-06-26,1.02,0.000981
2018-06-27,1.02,0.0
2018-06-28,1.02,0.0
2018-06-29,1.02,0.0
2018-06-30,1.02,0.0
2018-07-02,1.021,0.00098
2018-07-03,1.021,0.0
2018-07-04,1.022,0.000979
2018-07-05,1.022,0.0
2018-07-06,1.022,0.0
2018-07-09,1.022,0.0
2018-07-10,1.022,0.0
2018-07-11,1.022,0.0
2018-07-12,1.022,0.0
2018-07-13,1.022,0.0
2018-07-16,1.022,0.0
2018-07-17,1.022,0.0
2018-07-18,1.022,0.0
2018-07-19,1.023,0.000978
2018-07-20,1.023,0.0
2018-07-23,1.023,0.0
2018-07-24,1.023,0.0
2018-07-25,1.024,0.000978
2018-07-26,1.024,0.0
2018-07-27,1.024,0.0
2018-07-30,1.024,0.0
2018-07-31,1.024,0.0
2018-08-01,1.025,0.000977
2018-08-02,1.025,0.0
2018-08-03,1.025,0.0
2018-08-06,1.026,0.0009760000000000001
2018-08-07,1.026,0.0
2018-08-08,1.026,0.0
2018-08-09,1.026,0.0
2018-08-10,1.025,-0.0009750000000000001
2018-08-13,1.025,0.0
2018-08-14,1.025,0.0
2018-08-15,1.025,0.0
2018-08-16,1.025,0.0
2018-08-17,1.025,0.0
2018-08-20,1.025,0.0
2018-08-21,1.025,0.0
2018-08-22,1.024,-0.0009760000000000001
2018-08-23,1.025,0.000977
2018-08-24,1.026,0.0009760000000000001
2018-08-27,1.027,0.0009750000000000001
2018-08-28,1.027,0.0
2018-08-29,1.027,0.0
2018-08-30,1.026,-0.000974
2018-08-31,1.027,0.0009750000000000001
2018-09-03,1.027,0.0
2018-09-04,1.028,0.000974
2018-09-05,1.026,-0.001946
2018-09-06,1.026,0.0
2018-09-07,1.026,0.0
2018-09-10,1.026,0.0
2018-09-11,1.025,-0.0009750000000000001
2018-09-12,1.025,0.0
2018-09-13,1.026,0.0009760000000000001
2018-09-14,1.027,0.0009750000000000001
2018-09-17,1.026,-0.000974
2018-09-18,1.027,0.0009750000000000001
2018-09-19,1.029,0.0019470000000000002
2018-09-20,1.028,-0.000972
2018-09-21,1.034,0.005837
2018-09-25,1.032,-0.001934
2018-09-26,1.034,0.001938
2018-09-27,1.033,-0.000967
2018-09-28,1.035,0.001936
2018-10-08,1.027,-0.007729000000000001
2018-10-09,1.027,0.0
2018-10-10,1.026,-0.000974
2018-10-11,1.02,-0.005848
2018-10-12,1.025,0.004902
2018-10-15,1.023,-0.001951
2018-10-16,1.024,0.000978
2018-10-17,1.023,-0.000977
2018-10-18,1.019,-0.00391
2018-10-19,1.025,0.005888
2018-10-22,1.03,0.004878
2018-10-23,1.025,-0.004854
2018-10-24,1.028,0.0029270000000000003
2018-10-25,1.03,0.001946
2018-10-26,1.029,-0.0009710000000000001
2018-10-29,1.022,-0.006803
2018-10-30,1.025,0.0029349999999999997
2018-10-31,1.027,0.001951
2018-11-01,1.027,0.0
2018-11-02,1.032,0.004869
2018-11-05,1.029,-0.0029070000000000003
2018-11-06,1.03,0.000972
2018-11-07,1.028,-0.0019420000000000001
2018-11-08,1.029,0.000973
2018-11-09,1.024,-0.004859
2018-11-12,1.025,0.000977
2018-11-13,1.025,0.0
2018-11-14,1.024,-0.0009760000000000001
2018-11-15,1.026,0.001953
2018-11-16,1.027,0.0009750000000000001
2018-11-19,1.029,0.0019470000000000002
2018-11-20,1.027,-0.001944
2018-11-21,1.027,0.0
2018-11-22,1.026,-0.000974
2018-11-23,1.024,-0.001949
2018-11-26,1.025,0.000977
2018-11-27,1.024,-0.0009760000000000001
2018-11-28,1.027,0.00293
2018-11-29,1.026,-0.000974
2018-11-30,1.027,0.0009750000000000001
2018-12-03,1.03,0.0029210000000000004
2018-12-04,1.029,-0.0009710000000000001
2018-12-05,1.029,0.0
2018-12-06,1.028,-0.000972
2018-12-07,1.027,-0.000973
2018-12-10,1.026,-0.000974
2018-12-11,1.028,0.001949
2018-12-12,1.028,0.0
2018-12-13,1.029,0.000973
2018-12-14,1.027,-0.001944
2018-12-17,1.026,-0.000974
2018-12-18,1.024,-0.001949
2018-12-19,1.022,-0.001953
2018-12-20,1.021,-0.000978
2018-12-21,1.018,-0.002938
2018-12-24,1.018,0.0
2018-12-25,1.018,0.0
2018-12-26,1.017,-0.000982
2018-12-27,1.018,0.000983
2018-12-28,1.019,0.000982
2018-12-31,1.019,0.0
2019-01-02,1.019,0.0
2019-01-03,1.02,0.000981
2019-01-04,1.023,0.0029409999999999996
2019-01-07,1.023,0.0
2019-01-08,1.023,0.0
2019-01-09,1.024,0.000978
2019-01-10,1.024,0.0
2019-01-11,1.025,0.000977
2019-01-14,1.022,-0.0029270000000000003
2019-01-15,1.025,0.0029349999999999997
2019-01-16,1.026,0.0009760000000000001
2019-01-17,1.025,-0.0009750000000000001
2019-01-18,1.028,0.0029270000000000003
2019-01-21,1.029,0.000973
2019-01-22,1.027,-0.001944
2019-01-23,1.027,0.0
2019-01-24,1.028,0.000974
2019-01-25,1.03,0.001946
2019-01-28,1.031,0.0009710000000000001
2019-01-29,1.034,0.00291
2019-01-30,1.033,-0.000967
2019-01-31,1.041,0.007744
2019-02-01,1.042,0.000961
2019-02-11,1.051,0.008637
2019-02-12,1.051,0.0
2019-02-13,1.055,0.003806
2019-02-14,1.058,0.0028439999999999997
2019-02-15,1.049,-0.008507
2019-02-18,1.057,0.007625999999999999
2019-02-19,1.058,0.000946
2019-02-20,1.059,0.000945
2019-02-21,1.057,-0.001889
2019-02-22,1.06,0.002838
2019-02-25,1.076,0.015094000000000002
2019-02-26,1.069,-0.006506
2019-02-27,1.069,0.0
2019-02-28,1.069,0.0
2019-03-01,1.069,0.0
2019-03-04,1.069,0.0
2019-03-05,1.069,0.0
2019-03-06,1.069,0.0
2019-03-07,1.07,0.000935
2019-03-08,1.07,0.0
2019-03-11,1.07,0.0
2019-03-12,1.07,0.0
2019-03-13,1.07,0.0
2019-03-14,1.07,0.0
2019-03-15,1.069,-0.000935
2019-03-18,1.069,0.0
2019-03-19,1.069,0.0
2019-03-20,1.069,0.0
2019-03-21,1.069,0.0
2019-03-22,1.069,0.0
2019-03-25,1.07,0.000935
2019-03-26,1.068,-0.001869
2019-03-27,1.068,0.0
2019-03-28,1.068,0.0
2019-03-29,1.069,0.000936
2019-04-01,1.071,0.0018709999999999998
2019-04-02,1.072,0.0009339999999999999
2019-04-03,1.073,0.0009329999999999999
2019-04-04,1.075,0.0018640000000000002
2019-04-08,1.072,-0.002791
2019-04-09,1.071,-0.0009329999999999999
2019-04-10,1.07,-0.0009339999999999999
2019-04-11,1.065,-0.004673
2019-04-12,1.065,0.0
2019-04-15,1.063,-0.001878
2019-04-16,1.065,0.0018809999999999999
2019-04-17,1.066,0.000939
2019-04-18,1.068,0.0018759999999999998
2019-04-19,1.071,0.002809
2019-04-22,1.067,-0.003735
2019-04-23,1.062,-0.004686
2019-04-24,1.059,-0.002825
2019-04-25,1.046,-0.012276
2019-04-26,1.041,-0.0047799999999999995
2019-04-29,1.039,-0.001921
2019-04-30,1.043,0.00385
2019-05-06,1.027,-0.01534
2019-05-07,1.032,0.004869
2019-05-08,1.033,0.000969
2019-05-09,1.033,0.0
2019-05-10,1.045,0.011616999999999999
2019-05-13,1.041,-0.003828
2019-05-14,1.044,0.002882
2019-05-15,1.056,0.011493999999999999
2019-05-16,1.056,0.0
2019-05-17,1.048,-0.007576
2019-05-20,1.043,-0.004771
2019-05-21,1.045,0.001918
2019-05-22,1.046,0.000957
2019-05-23,1.041,-0.0047799999999999995
2019-05-24,1.041,0.0
2019-05-27,1.044,0.002882
2019-05-28,1.044,0.0
2019-05-29,1.044,0.0
2019-05-30,1.039,-0.004789
2019-05-31,1.039,0.0
2019-06-03,1.032,-0.006737
2019-06-04,1.024,-0.007752
2019-06-05,1.022,-0.001953
2019-06-06,1.015,-0.006848999999999999
2019-06-10,1.019,0.003941
2019-06-11,1.032,0.012758
2019-06-12,1.029,-0.0029070000000000003
2019-06-13,1.027,-0.001944
2019-06-14,1.024,-0.0029210000000000004
2019-06-17,1.023,-0.000977
2019-06-18,1.024,0.000978
2019-06-19,1.028,0.003906
2019-06-20,1.043,0.014591
2019-06-21,1.046,0.002876
2019-06-24,1.046,0.0
2019-06-25,1.041,-0.0047799999999999995
2019-06-26,1.045,0.003842
2019-06-27,1.052,0.006699
2019-06-28,1.049,-0.002852
2019-06-30,1.049,0.0
2019-07-01,1.062,0.012393000000000001
2019-07-02,1.062,0.0
2019-07-03,1.055,-0.0065910000000000005
2019-07-04,1.051,-0.003791
2019-07-05,1.052,0.000951
2019-07-08,1.043,-0.008555
2019-07-09,1.042,-0.000959
2019-07-10,1.039,-0.002879
2019-07-11,1.038,-0.000962
2019-07-12,1.042,0.0038540000000000002
2019-07-15,1.043,0.00096
2019-07-16,1.043,0.0
2019-07-17,1.043,0.0
2019-07-18,1.039,-0.003835
2019-07-19,1.04,0.000962
2019-07-22,1.038,-0.001923
2019-07-23,1.038,0.0
2019-07-24,1.04,0.0019270000000000001
2019-07-25,1.045,0.004808
2019-07-26,1.052,0.006699
2019-07-29,1.054,0.001901
2019-07-30,1.06,0.005693
2019-07-31,1.061,0.0009429999999999999
2019-08-01,1.058,-0.002828
2019-08-02,1.057,-0.000945
2019-08-05,1.05,-0.006623
2019-08-06,1.046,-0.00381
2019-08-07,1.047,0.000956
2019-08-08,1.05,0.002865
2019-08-09,1.05,0.0
2019-08-12,1.054,0.00381
2019-08-13,1.051,-0.002846
2019-08-14,1.051,0.0
2019-08-15,1.054,0.0028539999999999998
2019-08-16,1.055,0.000949
2019-08-19,1.062,0.006634999999999999
2019-08-20,1.062,0.0
2019-08-21,1.066,0.003766
2019-08-22,1.065,-0.0009379999999999999
2019-08-23,1.069,0.003756
2019-08-26,1.063,-0.005613
2019-08-27,1.068,0.004704
2019-08-28,1.069,0.000936
2019-08-29,1.07,0.000935
2019-08-30,1.069,-0.000935
2019-09-02,1.076,0.006548000000000001
2019-09-03,1.077,0.0009289999999999999
2019-09-04,1.079,0.0018570000000000001
2019-09-05,1.087,0.007414
2019-09-06,1.087,0.0
2019-09-09,1.095,0.00736
2019-09-10,1.091,-0.003653
2019-09-11,1.083,-0.007332999999999999
2019-09-12,1.086,0.0027700000000000003
2019-09-16,1.084,-0.001842
2019-09-17,1.073,-0.010147999999999999
2019-09-18,1.077,0.0037280000000000004
2019-09-19,1.079,0.0018570000000000001
2019-09-20,1.083,0.003707
2019-09-23,1.078,-0.004617
2019-09-24,1.081,0.002783
2019-09-25,1.077,-0.0037
2019-09-26,1.073,-0.0037140000000000003
2019-09-27,1.074,0.0009320000000000001
2019-09-30,1.072,-0.001862
2019-10-08,1.072,0.0
2019-10-09,1.073,0.0009329999999999999
2019-10-10,1.08,0.006523999999999999
2019-10-11,1.083,0.002778
2019-10-14,1.086,0.0027700000000000003
2019-10-15,1.081,-0.004604
2019-10-16,1.081,0.0
2019-10-17,1.081,0.0
2019-10-18,1.078,-0.002775
2019-10-21,1.075,-0.002783
2019-10-22,1.078,0.002791
2019-10-23,1.077,-0.0009279999999999999
2019-10-24,1.077,0.0
2019-10-25,1.08,0.0027860000000000003
2019-10-28,1.082,0.0018520000000000001
2019-10-29,1.079,-0.002773
2019-10-30,1.073,-0.005561
2019-10-31,1.069,-0.0037280000000000004
2019-11-01,1.073,0.0037419999999999997
2019-11-04,1.076,0.0027960000000000003
2019-11-05,1.082,0.005576
2019-11-06,1.081,-0.0009239999999999999
2019-11-07,1.08,-0.000925
2019-11-08,1.079,-0.0009260000000000001
2019-11-11,1.074,-0.004634
2019-11-12,1.073,-0.000931
2019-11-13,1.073,0.0
2019-11-14,1.075,0.0018640000000000002
2019-11-15,1.072,-0.002791
2019-11-18,1.074,0.0018659999999999998
2019-11-19,1.079,0.004655
2019-11-20,1.077,-0.0018540000000000002
2019-11-21,1.075,-0.0018570000000000001
2019-11-22,1.074,-0.0009299999999999999
2019-11-25,1.075,0.000931
2019-11-26,1.075,0.0
2019-11-27,1.076,0.0009299999999999999
2019-11-28,1.074,-0.0018590000000000002
2019-11-29,1.073,-0.000931
2019-12-02,1.072,-0.0009320000000000001
2019-12-03,1.073,0.0009329999999999999
2019-12-04,1.073,0.0
2019-12-05,1.077,0.0037280000000000004
2019-12-06,1.08,0.0027860000000000003
2019-12-09,1.082,0.0018520000000000001
2019-12-10,1.089,0.00647
2019-12-11,1.089,0.0
2019-12-12,1.089,0.0
2019-12-13,1.095,0.00551
2019-12-16,1.106,0.010046
2019-12-17,1.112,0.005425
2019-12-18,1.114,0.001799
2019-12-19,1.114,0.0
2019-12-20,1.114,0.0
2019-12-23,1.109,-0.004488
2019-12-24,1.111,0.001803
2019-12-25,1.111,0.0
2019-12-26,1.117,0.005401
2019-12-27,1.116,-0.000895
2019-12-30,1.118,0.001792
2019-12-31,1.122,0.003578
2020-01-02,1.13,0.00713
2020-01-03,1.132,0.0017699999999999999
2020-01-06,1.134,0.001767
2020-01-07,1.138,0.003527
2020-01-08,1.131,-0.006151
2020-01-09,1.134,0.002653
2020-01-10,1.13,-0.003527
2020-01-13,1.133,0.0026550000000000002
2020-01-14,1.137,0.0035299999999999997
2020-01-15,1.135,-0.001759
2020-01-16,1.133,-0.001762
2020-01-17,1.133,0.0
2020-01-20,1.137,0.0035299999999999997
2020-01-21,1.135,-0.001759
2020-01-22,1.135,0.0
2020-01-23,1.127,-0.007048
2020-02-03,1.104,-0.020408
2020-02-04,1.116,0.01087
2020-02-05,1.12,0.003584
2020-02-06,1.131,0.009821
2020-02-07,1.129,-0.001768
2020-02-10,1.129,0.0
2020-02-11,1.133,0.003543
2020-02-12,1.139,0.0052959999999999995
2020-02-13,1.137,-0.001756
2020-02-14,1.137,0.0
2020-02-17,1.146,0.007916
2020-02-18,1.152,0.005235999999999999
2020-02-19,1.153,0.0008680000000000001
2020-02-20,1.161,0.006938
2020-02-21,1.165,0.0034449999999999997
2020-02-24,1.167,0.001717
2020-02-25,1.163,-0.003428
2020-02-26,1.157,-0.005159
2020-02-27,1.155,-0.001729
2020-02-28,1.14,-0.012987
2020-03-02,1.142,0.001754
2020-03-03,1.147,0.004378
2020-03-04,1.145,-0.0017439999999999999
2020-03-05,1.156,0.009607
2020-03-06,1.154,-0.0017299999999999998
2020-03-09,1.137,-0.014731000000000001
2020-03-10,1.144,0.006157
2020-03-11,1.143,-0.0008740000000000001
2020-03-12,1.137,-0.005249
2020-03-13,1.135,-0.001759
2020-03-16,1.116,-0.016739999999999998
2020-03-17,1.113,-0.002688
2020-03-18,1.113,0.0
2020-03-19,1.111,-0.001797
2020-03-20,1.121,0.009001
2020-03-23,1.107,-0.012488999999999998
2020-03-24,1.111,0.003613
2020-03-25,1.125,0.012601
2020-03-26,1.121,-0.003556
2020-03-27,1.119,-0.001784
2020-03-30,1.114,-0.004468
2020-03-31,1.113,-0.000898
2020-04-01,1.114,0.000898
2020-04-02,1.118,0.0035909999999999996
2020-04-03,1.114,-0.003578
2020-04-07,1.124,0.008977
2020-04-08,1.123,-0.00089
2020-04-09,1.126,0.002671
2020-04-10,1.117,-0.007993
2020-04-13,1.106,-0.009848
2020-04-14,1.111,0.004521
2020-04-15,1.11,-0.0009
2020-04-16,1.119,0.008107999999999999
2020-04-17,1.12,0.0008939999999999999
2020-04-20,1.125,0.004464
2020-04-21,1.125,0.0
2020-04-22,1.127,0.001778
2020-04-23,1.121,-0.005324
2020-04-24,1.12,-0.000892
2020-04-27,1.121,0.000893
2020-04-28,1.121,0.0
2020-04-29,1.117,-0.003568
2020-04-30,1.124,0.006267
2020-05-06,1.129,0.004448
2020-05-07,1.129,0.0
2020-05-08,1.129,0.0
2020-05-11,1.127,-0.001771
2020-05-12,1.125,-0.0017749999999999999
2020-05-13,1.122,-0.002667
2020-05-14,1.117,-0.004456
2020-05-15,1.116,-0.000895
2020-05-18,1.11,-0.005376
2020-05-19,1.111,0.000901
2020-05-20,1.104,-0.006301
2020-05-21,1.103,-0.000906
2020-05-22,1.101,-0.001813
2020-05-25,1.095,-0.00545
2020-05-26,1.101,0.005479
2020-05-27,1.1,-0.0009080000000000001
2020-05-28,1.099,-0.000909
2020-05-29,1.133,0.030937000000000003
2020-06-01,1.146,0.011474
2020-06-02,1.132,-0.012216
2020-06-03,1.128,-0.003534
2020-06-04,1.123,-0.004433
2020-06-05,1.117,-0.005343
2020-06-08,1.116,-0.000895
2020-06-09,1.115,-0.000896
2020-06-10,1.116,0.000897
2020-06-11,1.113,-0.002688
2020-06-12,1.113,0.0
2020-06-15,1.113,0.0
2020-06-16,1.118,0.0044919999999999995
2020-06-17,1.116,-0.001789
2020-06-18,1.118,0.001792
2020-06-19,1.123,0.004472
2020-06-22,1.122,-0.00089
2020-06-23,1.118,-0.003565
2020-06-24,1.119,0.0008939999999999999
2020-06-29,1.114,-0.004468
2020-06-30,1.118,0.0035909999999999996
2020-07-01,1.125,0.006261
2020-07-02,1.139,0.012444
2020-07-03,1.154,0.013169
2020-07-06,1.181,0.023397
2020-07-07,1.182,0.000847
2020-07-08,1.186,0.003384
2020-07-09,1.194,0.006745
2020-07-10,1.179,-0.012563
2020-07-13,1.193,0.011874000000000001
2020-07-14,1.186,-0.005868
2020-07-15,1.175,-0.009275
2020-07-16,1.152,-0.019574
2020-07-17,1.151,-0.0008680000000000001
2020-07-20,1.168,0.01477
2020-07-21,1.168,0.0
2020-07-22,1.171,0.0025679999999999995
2020-07-23,1.168,-0.002562
2020-07-24,1.155,-0.01113
2020-07-27,1.157,0.001732
2020-07-28,1.163,0.005186
2020-07-29,1.172,0.007739
2020-07-30,1.176,0.003413
2020-07-31,1.181,0.004252000000000001
2020-08-03,1.19,0.007621
2020-08-04,1.188,-0.001681
2020-08-05,1.19,0.001684
2020-08-06,1.187,-0.002521
2020-08-07,1.181,-0.005055
2020-08-10,1.183,0.001693
2020-08-11,1.177,-0.005072
2020-08-12,1.172,-0.004248
2020-08-13,1.175,0.00256
2020-08-14,1.179,0.003404
2020-08-17,1.186,0.0059370000000000004
2020-08-18,1.19,0.0033729999999999997
2020-08-19,1.186,-0.0033610000000000003
2020-08-20,1.18,-0.005059
2020-08-21,1.181,0.000847
2020-08-24,1.181,0.0
2020-08-25,1.18,-0.0008
2020-08-26,1.17,-0.0085
2020-08-27,1.171,0.0009
2020-08-28,1.175,0.0034000000000000002
2020-08-31,1.177,0.0017000000000000001
2020-09-01,1.179,0.0017000000000000001
2020-09-02,1.18,0.0008
2020-09-03,1.177,-0.0025
2020-09-04,1.177,0.0
2020-09-07,1.171,-0.0051
2020-09-08,1.173,0.0017000000000000001
2020-09-09,1.168,-0.0043
2020-09-10,1.161,-0.006
2020-09-11,1.162,0.0009
2020-09-14,1.164,0.0017000000000000001
2020-09-15,1.161,-0.0026
2020-09-16,1.159,-0.0017000000000000001
2020-09-17,1.156,-0.0026
2020-09-18,1.161,0.0043
2020-09-21,1.158,-0.0026
2020-09-22,1.154,-0.0034999999999999996
2020-09-23,1.153,-0.0009
2020-09-24,1.146,-0.0060999999999999995
2020-09-25,1.143,-0.0026
2020-09-28,1.143,0.0
2020-09-29,1.15,0.0060999999999999995
2020-09-30,1.152,0.0017000000000000001
2020-10-09,1.162,0.0087
2020-10-12,1.174,0.0103
2020-10-13,1.178,0.0034000000000000002
2020-10-14,1.181,0.0025
2020-10-15,1.182,0.0008
2020-10-16,1.183,0.0008
2020-10-19,1.177,-0.0051
2020-10-20,1.179,0.0017000000000000001
2020-10-21,1.176,-0.0025
2020-10-22,1.178,0.0017000000000000001
2020-10-23,1.174,-0.0034000000000000002
2020-10-26,1.171,-0.0026
2020-10-27,1.173,0.0017000000000000001
2020-10-28,1.175,0.0017000000000000001
2020-10-29,1.178,0.0026
2020-10-30,1.169,-0.0076
2020-11-02,1.168,-0.0009
2020-11-03,1.169,0.0009
2020-11-04,1.171,0.0017000000000000001
2020-11-05,1.18,0.0077
2020-11-06,1.179,-0.0008
2020-11-09,1.185,0.0051
2020-11-10,1.179,-0.0051
2020-11-11,1.178,-0.0008
2020-11-12,1.177,-0.0008
2020-11-13,1.167,-0.0085
2020-11-16,1.168,0.0009
2020-11-17,1.163,-0.0043
2020-11-18,1.165,0.0017000000000000001
2020-11-19,1.164,-0.0009
2020-11-20,1.166,0.0017000000000000001
2020-11-23,1.176,0.0086
2020-11-24,1.178,0.0017000000000000001
2020-11-25,1.178,0.0
2020-11-26,1.173,-0.0042
2020-11-27,1.179,0.0051
2020-11-30,1.178,-0.0008
2020-12-01,1.186,0.0068000000000000005
2020-12-02,1.183,-0.0025
2020-12-03,1.178,-0.0042
2020-12-04,1.171,-0.0059
2020-12-07,1.168,-0.0026
2020-12-08,1.168,0.0
2020-12-09,1.168,0.0
2020-12-10,1.166,-0.0017000000000000001
2020-12-11,1.16,-0.0051
2020-12-14,1.156,-0.0034000000000000002
2020-12-15,1.143,-0.011200000000000002
2020-12-16,1.137,-0.0052
2020-12-17,1.144,0.0062
2020-12-18,1.152,0.006999999999999999
2020-12-21,1.162,0.0087
2020-12-22,1.155,-0.006
2020-12-23,1.158,0.0026
2020-12-24,1.148,-0.0086
2020-12-25,1.151,0.0026
2020-12-28,1.152,0.0009
2020-12-29,1.15,-0.0017000000000000001
2020-12-30,1.155,0.0043
2020-12-31,1.163,0.0069
2021-01-04,1.164,0.0009
2021-01-05,1.165,0.0009
2021-01-06,1.166,0.0009
2021-01-07,1.166,0.0
2021-01-08,1.167,0.0009
2021-01-11,1.166,-0.0009
2021-01-12,1.172,0.0051
2021-01-13,1.169,-0.0026
2021-01-14,1.172,0.0026
2021-01-15,1.174,0.0017000000000000001
2021-01-18,1.182,0.0068000000000000005
2021-01-19,1.183,0.0008
2021-01-20,1.182,-0.0008
2021-01-21,1.19,0.0068000000000000005
2021-01-22,1.188,-0.0017000000000000001
2021-01-25,1.186,-0.0017000000000000001
2021-01-26,1.18,-0.0051
2021-01-27,1.177,-0.0025
2021-01-28,1.156,-0.0178
2021-01-29,1.145,-0.0095
2021-02-01,1.152,0.0060999999999999995
2021-02-02,1.143,-0.0078000000000000005
2021-02-03,1.137,-0.0052
2021-02-04,1.124,-0.011399999999999999
2021-02-05,1.111,-0.0116
2021-02-08,1.116,0.0045000000000000005
2021-02-09,1.132,0.0143
2021-02-10,1.137,0.0044
2021-02-18,1.148,0.0097
2021-02-19,1.161,0.0113
2021-02-22,1.174,0.011200000000000002
2021-02-23,1.171,-0.0026
2021-02-24,1.157,-0.012
2021-02-25,1.155,-0.0017000000000000001
2021-02-26,1.14,-0.013000000000000001
2021-03-01,1.155,0.0132
2021-03-02,1.155,0.0
2021-03-03,1.172,0.0147
2021-03-04,1.166,-0.0051
2021-03-05,1.162,-0.0034000000000000002
2021-03-08,1.157,-0.0043
2021-03-09,1.151,-0.0052
2021-03-10,1.156,0.0043
2021-03-11,1.169,0.011200000000000002
2021-03-12,1.173,0.0034000000000000002
2021-03-15,1.173,0.0
2021-03-16,1.171,-0.0017000000000000001
2021-03-17,1.169,-0.0017000000000000001
2021-03-18,1.175,0.0051
2021-03-19,1.169,-0.0051
2021-03-22,1.172,0.0026
2021-03-23,1.161,-0.009399999999999999
2021-03-24,1.146,-0.0129
2021-03-25,1.146,0.0
2021-03-26,1.152,0.0052
2021-03-29,1.156,0.0034999999999999996
2021-03-30,1.158,0.0017000000000000001
2021-03-31,1.156,-0.0017000000000000001
2021-04-01,1.162,0.0052
2021-04-02,1.162,0.0
2021-04-06,1.165,0.0026
2021-04-07,1.169,0.0034000000000000002
2021-04-08,1.169,0.0
2021-04-09,1.168,-0.0009
2021-04-12,1.162,-0.0051
2021-04-13,1.159,-0.0026
2021-04-14,1.159,0.0
2021-04-15,1.158,-0.0009
2021-04-16,1.161,0.0026
2021-04-19,1.164,0.0026
2021-04-20,1.164,0.0
2021-04-21,1.163,-0.0009
2021-04-22,1.167,0.0034000000000000002
2021-04-23,1.17,0.0026
2021-04-26,1.17,0.0
2021-04-27,1.164,-0.0051
2021-04-28,1.164,0.0
2021-04-29,1.164,0.0
2021-04-30,1.164,0.0
2021-05-06,1.164,0.0
2021-05-07,1.163,-0.0009
2021-05-10,1.163,0.0
2021-05-11,1.163,0.0
2021-05-12,1.163,0.0
2021-05-13,1.163,0.0
2021-05-14,1.164,0.0009
2021-05-17,1.163,-0.0009
2021-05-18,1.163,0.0
2021-05-19,1.162,-0.0009
2021-05-20,1.163,0.0009
2021-05-21,1.163,0.0
2021-05-24,1.162,-0.0009
2021-05-25,1.162,0.0
2021-05-26,1.163,0.0009
2021-05-27,1.164,0.0009
2021-05-28,1.164,0.0
2021-05-31,1.164,0.0
2021-06-01,1.164,0.0
2021-06-02,1.163,-0.0009
2021-06-03,1.163,0.0
2021-06-04,1.163,0.0
2021-06-07,1.162,-0.0009
2021-06-08,1.162,0.0
2021-06-09,1.163,0.0009
2021-06-10,1.163,0.0
2021-06-11,1.162,-0.0009
2021-06-15,1.162,0.0
2021-06-16,1.161,-0.0009
2021-06-17,1.162,0.0009
2021-06-18,1.163,0.0009
2021-06-21,1.165,0.0017000000000000001
2021-06-22,1.165,0.0
2021-06-23,1.164,-0.0009
2021-06-24,1.163,-0.0009
2021-06-25,1.164,0.0009
2021-06-28,1.165,0.0009
2021-06-29,1.164,-0.0009
2021-06-30,1.165,0.0009
2021-07-01,1.165,0.0
2021-07-02,1.164,-0.0009
2021-07-05,1.163,-0.0009
2021-07-06,1.163,0.0
2021-07-07,1.164,0.0009
2021-07-08,1.164,0.0
2021-07-09,1.164,0.0
2021-07-12,1.164,0.0
2021-07-13,1.164,0.0
2021-07-14,1.165,0.0009
2021-07-15,1.166,0.0009
2021-07-16,1.166,0.0
2021-07-19,1.165,-0.0009
2021-07-20,1.165,0.0
2021-07-21,1.165,0.0
2021-07-22,1.165,0.0
2021-07-23,1.165,0.0
2021-07-26,1.165,0.0
2021-07-27,1.165,0.0
2021-07-28,1.165,0.0
2021-07-29,1.165,0.0
2021-07-30,1.165,0.0
2021-08-02,1.166,0.0009
2021-08-03,1.166,0.0
2021-08-04,1.166,0.0
2021-08-05,1.166,0.0
2021-08-06,1.166,0.0
2021-08-09,1.166,0.0
2021-08-10,1.166,0.0
2021-08-11,1.166,0.0
2021-08-12,1.166,0.0
2021-08-13,1.166,0.0
2021-08-16,1.166,0.0
2021-08-17,1.166,0.0
2021-08-18,1.166,0.0
2021-08-19,1.166,0.0
2021-08-20,1.166,0.0
2021-08-23,1.166,0.0
2021-08-24,1.166,0.0
2021-08-25,1.166,0.0
2021-08-26,1.166,0.0
2021-08-27,1.165,-0.0009
2021-08-30,1.165,0.0
2021-08-31,1.165,0.0
2021-09-01,1.165,0.0
2021-09-02,1.165,0.0
2021-09-03,1.165,0.0
2021-09-06,1.165,0.0
2021-09-07,1.165,0.0
2021-09-08,1.165,0.0
2021-09-09,1.165,0.0
2021-09-10,1.165,0.0
2021-09-13,1.164,-0.0009
2021-09-14,1.164,0.0
2021-09-15,1.164,0.0
2021-09-16,1.164,0.0
2021-09-17,1.164,0.0
2021-09-22,1.164,0.0
2021-09-23,1.164,0.0
2021-09-24,1.164,0.0
2021-09-27,1.164,0.0
2021-09-28,1.163,-0.0009
2021-09-29,1.162,-0.0009
2021-09-30,1.163,0.0009
2021-10-08,1.163,0.0
2021-10-11,1.163,0.0
2021-10-12,1.161,-0.0017000000000000001
2021-10-13,1.161,0.0
2021-10-14,1.161,0.0
2021-10-15,1.162,0.0009
2021-10-18,1.161,-0.0009
2021-10-19,1.161,0.0
2021-10-20,1.162,0.0009
2021-10-21,1.162,0.0
2021-10-22,1.163,0.0009
2021-10-25,1.163,0.0
2021-10-26,1.164,0.0009
2021-10-27,1.165,0.0009
2021-10-28,1.166,0.0009
2021-10-29,1.167,0.0009
2021-11-01,1.167,0.0
2021-11-02,1.168,0.0009
2021-11-03,1.169,0.0009
2021-11-04,1.17,0.0009
2021-11-05,1.171,0.0009
2021-11-08,1.171,0.0
2021-11-09,1.171,0.0
2021-11-10,1.171,0.0
2021-11-11,1.171,0.0
2021-11-12,1.171,0.0
2021-11-15,1.172,0.0009
2021-11-16,1.172,0.0
2021-11-17,1.172,0.0
2021-11-18,1.173,0.0009
2021-11-19,1.173,0.0
2021-11-22,1.174,0.0009
2021-11-23,1.174,0.0
2021-11-24,1.175,0.0009
2021-11-25,1.175,0.0
2021-11-26,1.176,0.0009
2021-11-29,1.176,0.0
2021-11-30,1.176,0.0
2021-12-01,1.176,0.0
2021-12-02,1.176,0.0
2021-12-03,1.176,0.0
2021-12-06,1.177,0.0009
2021-12-07,1.177,0.0
2021-12-08,1.177,0.0
2021-12-09,1.178,0.0008
2021-12-10,1.178,0.0
2021-12-13,1.178,0.0
2021-12-14,1.178,0.0
2021-12-15,1.179,0.0008
2021-12-16,1.179,0.0
2021-12-17,1.179,0.0
2021-12-20,1.179,0.0
2021-12-21,1.179,0.0
2021-12-22,1.179,0.0
2021-12-23,1.1808,0.0015
2021-12-24,1.1812,0.0003
2021-12-27,1.1814,0.0002
2021-12-28,1.182,0.0005
2021-12-29,1.1825,0.0004
2021-12-30,1.1835,0.0008
2021-12-31,1.1847,0.001
2022-01-04,1.1848,0.0001
2022-01-05,1.1837,-0.0009
2022-01-06,1.1829,-0.0007000000000000001
2022-01-07,1.1823,-0.0005
2022-01-10,1.1824,0.0001
2022-01-11,1.1821,-0.0003
2022-01-12,1.1832,0.0009
2022-01-13,1.1826,-0.0005
2022-01-14,1.1825,-0.0001
2022-01-17,1.1836,0.0009
2022-01-18,1.1846,0.0008
2022-01-19,1.1863,0.0014000000000000002
2022-01-20,1.1872,0.0008
2022-01-21,1.1872,0.0
2022-01-24,1.189,0.0015
2022-01-25,1.1889,-0.0001
2022-01-26,1.1886,-0.0003
2022-01-27,1.188,-0.0005
2022-01-28,1.1883,0.0003
2022-02-07,1.1899,0.0013
2022-02-08,1.1894,-0.0004
2022-02-09,1.1898,0.0003
2022-02-10,1.1903,0.0004
2022-02-11,1.1884,-0.0016
2022-02-14,1.1856,-0.0024
2022-02-15,1.185,-0.0005
2022-02-16,1.1857,0.0006
2022-02-17,1.1864,0.0006
2022-02-18,1.1865,0.0001
2022-02-21,1.1861,-0.0003
2022-02-22,1.185,-0.0009
2022-02-23,1.1857,0.0006
2022-02-24,1.1858,0.0001
2022-02-25,1.1854,-0.0003
2022-02-28,1.1863,0.0008
2022-03-01,1.1861,-0.0002
2022-03-02,1.1856,-0.0004
2022-03-03,1.1842,-0.0012
2022-03-04,1.1837,-0.0004
2022-03-07,1.183,-0.0006
2022-03-08,1.1826,-0.0003
2022-03-09,1.1808,-0.0015
2022-03-10,1.1807,-0.0001
2022-03-11,1.1807,0.0
2022-03-14,1.1828,0.0018
2022-03-15,1.1812,-0.0014000000000000002
2022-03-16,1.181,-0.0002
2022-03-17,1.1813,0.0003
2022-03-18,1.182,0.0006
2022-03-21,1.1823,0.0003
2022-03-22,1.1818,-0.0004
2022-03-23,1.1818,0.0
2022-03-24,1.1819,0.0001
2022-03-25,1.1823,0.0003
2022-03-28,1.183,0.0006
2022-03-29,1.1833,0.0003
2022-03-30,1.1839,0.0005
2022-03-31,1.1844,0.0004
2022-04-01,1.1854,0.0008
2022-04-06,1.1863,0.0008
2022-04-07,1.1872,0.0008
2022-04-08,1.1879,0.0006
2022-04-11,1.1878,-0.0001
2022-04-12,1.1876,-0.0002
2022-04-13,1.1882,0.0005
2022-04-14,1.1891,0.0008
2022-04-15,1.1895,0.0003
2022-04-18,1.189,-0.0004
2022-04-19,1.1891,0.0001
2022-04-20,1.1892,0.0001
2022-04-21,1.1895,0.0003
2022-04-22,1.1899,0.0003
2022-04-25,1.1906,0.0006
2022-04-26,1.1909,0.0003
2022-04-27,1.1914,0.0004
2022-04-28,1.1914,0.0
2022-04-29,1.1918,0.0003
2022-05-05,1.1925,0.0006
2022-05-06,1.1928,0.0003
2022-05-09,1.1936,0.0007000000000000001
2022-05-10,1.1946,0.0008
2022-05-11,1.1951,0.0004
2022-05-12,1.1954,0.0003
2022-05-13,1.1962,0.0007000000000000001
2022-05-16,1.1966,0.0003
2022-05-17,1.1974,0.0007000000000000001
2022-05-18,1.1983,0.0008
2022-05-19,1.1988,0.0004
2022-05-20,1.1988,0.0
2022-05-23,1.1996,0.0007000000000000001
2022-05-24,1.1997,0.0001
2022-05-25,1.1999,0.0002
2022-05-26,1.2006,0.0006
2022-05-27,1.2012,0.0005
2022-05-30,1.2009,-0.0002
2022-05-31,1.1999,-0.0008
2022-06-01,1.1995,-0.0003
2022-06-02,1.1986,-0.0008
2022-06-06,1.1975,-0.0009
2022-06-07,1.1971,-0.0003
2022-06-08,1.1974,0.0003
2022-06-09,1.1983,0.0008
2022-06-10,1.1986,0.0003
2022-06-13,1.1988,0.0002
2022-06-14,1.1987,-0.0001
2022-06-15,1.1991,0.0003
2022-06-16,1.1994,0.0003
2022-06-17,1.2004,0.0008
2022-06-20,1.2003,-0.0001
2022-06-21,1.2002,-0.0001
2022-06-22,1.2003,0.0001
2022-06-23,1.2009,0.0005
2022-06-24,1.2012,0.0002
2022-06-27,1.2006,-0.0005
2022-06-28,1.2006,0.0
2022-06-29,1.2007,0.0001
2022-06-30,1.2012,0.0004
2022-07-01,1.2018,0.0005
2022-07-04,1.2016,-0.0002
2022-07-05,1.2012,-0.0003
2022-07-06,1.2015,0.0002
2022-07-07,1.2021,0.0005
2022-07-08,1.2027,0.0005
2022-07-11,1.2032,0.0004
2022-07-12,1.2041,0.0007000000000000001
2022-07-13,1.2049,0.0007000000000000001
2022-07-14,1.2055,0.0005
2022-07-15,1.206,0.0004
2022-07-18,1.207,0.0008
2022-07-19,1.2073,0.0002
2022-07-20,1.208,0.0006
2022-07-21,1.2085,0.0004
2022-07-22,1.2088,0.0002
2022-07-25,1.2089,0.0001
2022-07-26,1.2097,0.0007000000000000001
2022-07-27,1.21,0.0002
2022-07-28,1.2098,-0.0002
2022-07-29,1.2106,0.0007000000000000001
2022-08-01,1.2117,0.0009
2022-08-02,1.2124,0.0006
2022-08-03,1.2128,0.0003
2022-08-04,1.2137,0.0007000000000000001
2022-08-05,1.2136,-0.0001
2022-08-08,1.2139,0.0002
2022-08-09,1.2132,-0.0006
2022-08-10,1.2131,-0.0001
2022-08-11,1.2127,-0.0003
2022-08-12,1.2126,-0.0001
2022-08-15,1.2142,0.0013
2022-08-16,1.2158,0.0013
2022-08-17,1.2159,0.0001
2022-08-18,1.2164,0.0004
2022-08-19,1.2163,-0.0001
2022-08-22,1.2167,0.0003
2022-08-23,1.2163,-0.0003
2022-08-24,1.2158,-0.0004
2022-08-25,1.2151,-0.0006
2022-08-26,1.2148,-0.0002
2022-08-29,1.215,0.0002
2022-08-30,1.2152,0.0002
2022-08-31,1.2154,0.0002
2022-09-01,1.2159,0.0004
2022-09-02,1.2162,0.0002
2022-09-05,1.2174,0.001
2022-09-06,1.2179,0.0004
2022-09-07,1.2182,0.0002
2022-09-08,1.2182,0.0
2022-09-09,1.2184,0.0002
2022-09-13,1.2187,0.0002
2022-09-14,1.2185,-0.0002
2022-09-15,1.2186,0.0001
2022-09-16,1.218,-0.0005
2022-09-19,1.218,0.0
2022-09-20,1.2182,0.0002
2022-09-21,1.2186,0.0003
2022-09-22,1.2185,-0.0001
2022-09-23,1.2186,0.0001
2022-09-26,1.218,-0.0005
2022-09-27,1.2175,-0.0004
2022-09-28,1.2165,-0.0008
2022-09-29,1.216,-0.0004
2022-09-30,1.2156,-0.0003
2022-10-10,1.2171,0.0012
2022-10-11,1.2175,0.0003
2022-10-12,1.2181,0.0005
2022-10-13,1.2186,0.0004
2022-10-14,1.2197,0.0009
2022-10-17,1.2201,0.0003
2022-10-18,1.2201,0.0
2022-10-19,1.2204,0.0002
2022-10-20,1.2202,-0.0002
2022-10-21,1.2202,0.0
2022-10-24,1.2198,-0.0003
2022-10-25,1.2193,-0.0004
2022-10-26,1.2195,0.0002
2022-10-27,1.2198,0.0002
2022-10-28,1.2198,0.0
2022-10-31,1.2194,-0.0003
2022-11-01,1.2194,0.0
2022-11-02,1.2193,-0.0001
2022-11-03,1.2191,-0.0002
2022-11-04,1.2193,0.0002
2022-11-07,1.2193,0.0
2022-11-08,1.2186,-0.0006
2022-11-09,1.2182,-0.0003
2022-11-10,1.2174,-0.0007000000000000001
2022-11-11,1.2167,-0.0006
2022-11-14,1.2125,-0.0034999999999999996
2022-11-15,1.2107,-0.0015
2022-11-16,1.2074,-0.0027
2022-11-17,1.2061,-0.0011
2022-11-18,1.2059,-0.0002
2022-11-21,1.2065,0.0005
2022-11-22,1.2065,0.0
2022-11-23,1.2073,0.0007000000000000001
2022-11-24,1.2091,0.0015
2022-11-25,1.2088,-0.0002
2022-11-28,1.208,-0.0007000000000000001
2022-11-29,1.206,-0.0017000000000000001
2022-11-30,1.2052,-0.0007000000000000001
2022-12-01,1.2044,-0.0007000000000000001
2022-12-02,1.2044,0.0
2022-12-05,1.2042,-0.0002
2022-12-06,1.2023,-0.0016
2022-12-07,1.2001,-0.0018
2022-12-08,1.1994,-0.0006
2022-12-09,1.1984,-0.0008
2022-12-12,1.196,-0.002
2022-12-13,1.1917,-0.0036
2022-12-14,1.1933,0.0013
2022-12-15,1.1946,0.0011
2022-12-16,1.1948,0.0002
2022-12-19,1.1962,0.0012
2022-12-20,1.1968,0.0005
2022-12-21,1.1972,0.0003
2022-12-22,1.1982,0.0008
2022-12-23,1.1998,0.0013
2022-12-26,1.2007,0.0008
2022-12-27,1.2011,0.0003
2022-12-28,1.2012,0.0001
2022-12-29,1.2019,0.0006
2022-12-30,1.2027,0.0007000000000000001
2022-12-31,1.2028,0.0001
2023-01-03,1.2044,0.0014000000000000002
2023-01-04,1.2063,0.0016
2023-01-05,1.2075,0.001
2023-01-06,1.2069,-0.0005
2023-01-09,1.2064,-0.0004
2023-01-10,1.205,-0.0012
2023-01-11,1.2043,-0.0006
2023-01-12,1.2045,0.0002
2023-01-13,1.2042,-0.0002
2023-01-16,1.2035,-0.0006
2023-01-17,1.2035,0.0
2023-01-18,1.2043,0.0007000000000000001
2023-01-19,1.205,0.0006
2023-01-20,1.2053,0.0002
2023-01-30,1.2062,0.0007000000000000001
2023-01-31,1.2065,0.0002
2023-02-01,1.207,0.0004
2023-02-02,1.208,0.0008
2023-02-03,1.2094,0.0012
2023-02-06,1.2106,0.001
2023-02-07,1.2111,0.0004
2023-02-08,1.2121,0.0008
2023-02-09,1.2127,0.0005
2023-02-10,1.2131,0.0003
2023-02-13,1.2136,0.0004
2023-02-14,1.214,0.0003
2023-02-15,1.2147,0.0006
2023-02-16,1.2159,0.001
2023-02-17,1.2162,0.0002
2023-02-20,1.2153,-0.0007000000000000001
2023-02-21,1.2146,-0.0006
2023-02-22,1.2152,0.0005
2023-02-23,1.2154,0.0002
2023-02-24,1.2156,0.0002
2023-02-27,1.2153,-0.0002
2023-02-28,1.2155,0.0002
2023-03-01,1.2157,0.0002
2023-03-02,1.2157,0.0
2023-03-03,1.2155,-0.0002
2023-03-06,1.2168,0.0011
2023-03-07,1.2179,0.0009
2023-03-08,1.219,0.0009
2023-03-09,1.2196,0.0005
2023-03-10,1.2202,0.0005
2023-03-13,1.2204,0.0002
2023-03-14,1.2209,0.0004
2023-03-15,1.221,0.0001
2023-03-16,1.2213,0.0002
2023-03-17,1.2221,0.0007000000000000001
2023-03-20,1.2234,0.0011
2023-03-21,1.2233,-0.0001
2023-03-22,1.2233,0.0
2023-03-23,1.2237,0.0003
2023-03-24,1.2226,-0.0009
2023-03-27,1.2235,0.0007000000000000001
2023-03-28,1.2237,0.0002
2023-03-29,1.2238,0.0001
2023-03-30,1.2239,0.0001
2023-03-31,1.2249,0.0008
2023-04-03,1.2255,0.0005
2023-04-04,1.2258,0.0002
2023-04-06,1.2261,0.0002
2023-04-07,1.2266,0.0004
2023-04-10,1.2272,0.0005
2023-04-11,1.2281,0.0007000000000000001
2023-04-12,1.229,0.0007000000000000001
2023-04-13,1.2293,0.0002
2023-04-14,1.2296,0.0002
2023-04-17,1.2299,0.0002
2023-04-18,1.2303,0.0003
2023-04-19,1.2309,0.0005
2023-04-20,1.2312,0.0002
2023-04-21,1.2312,0.0
2023-04-24,1.2318,0.0005
2023-04-25,1.2321,0.0002
2023-04-26,1.2322,0.0001
2023-04-27,1.2329,0.0006
2023-04-28,1.2333,0.0003
2023-05-04,1.2345,0.001
2023-05-05,1.2355,0.0008
2023-05-08,1.2358,0.0002
2023-05-09,1.2364,0.0005
2023-05-10,1.2371,0.0006
2023-05-11,1.2379,0.0006
2023-05-12,1.2378,-0.0001
2023-05-15,1.2381,0.0002
2023-05-16,1.2383,0.0002
2023-05-17,1.2383,0.0
2023-05-18,1.2382,-0.0001
2023-05-19,1.2384,0.0002
2023-05-22,1.239,0.0005
2023-05-23,1.2396,0.0005
2023-05-24,1.2396,0.0
2023-05-25,1.2397,0.0001
2023-05-26,1.2398,0.0001
2023-05-29,1.2398,0.0
2023-05-30,1.2402,0.0003
2023-05-31,1.2403,0.0001
2023-06-01,1.2409,0.0005
2023-06-02,1.241,0.0001
2023-06-05,1.2414,0.0003
2023-06-06,1.2418,0.0003
2023-06-07,1.2425,0.0006
2023-06-08,1.2427,0.0002
2023-06-09,1.2432,0.0004
2023-06-12,1.2436,0.0003
2023-06-13,1.2443,0.0006
2023-06-14,1.2448,0.0004
2023-06-15,1.2445,-0.0002
2023-06-16,1.2434,-0.0009
2023-06-19,1.2424,-0.0008
2023-06-20,1.2421,-0.0002
2023-06-21,1.2424,0.0002
2023-06-26,1.2429,0.0004
2023-06-27,1.2426,-0.0002
2023-06-28,1.2426,0.0
2023-06-29,1.2429,0.0002
2023-06-30,1.2434,0.0004
2023-07-03,1.2439,0.0004
2023-07-04,1.2444,0.0004
2023-07-05,1.2448,0.0003
2023-07-06,1.2452,0.0003
2023-07-07,1.2456,0.0003
2023-07-10,1.246,0.0003
2023-07-11,1.2466,0.0005
2023-07-12,1.2472,0.0005
2023-07-13,1.2473,0.0001
2023-07-14,1.2473,0.0
2023-07-17,1.2478,0.0004
2023-07-18,1.2483,0.0004
2023-07-19,1.2486,0.0002
2023-07-20,1.2489,0.0002
2023-07-21,1.2493,0.0003
2023-07-24,1.2496,0.0002
2023-07-25,1.2478,-0.0014000000000000002
2023-07-26,1.2474,-0.0003
2023-07-27,1.2481,0.0006
2023-07-28,1.2476,-0.0004
2023-07-31,1.2468,-0.0006
2023-08-01,1.247,0.0002
2023-08-02,1.2473,0.0002
2023-08-03,1.2477,0.0003
2023-08-04,1.2483,0.0005
2023-08-07,1.249,0.0006
2023-08-08,1.2495,0.0004
2023-08-09,1.25,0.0004
2023-08-10,1.2503,0.0002
2023-08-11,1.2507,0.0003
2023-08-14,1.2517,0.0008
2023-08-15,1.2529,0.001
2023-08-16,1.2535,0.0005
2023-08-17,1.2538,0.0002
2023-08-18,1.2542,0.0003
2023-08-21,1.2551,0.0007000000000000001
2023-08-22,1.2552,0.0001
2023-08-23,1.2551,-0.0001
2023-08-24,1.2553,0.0002
2023-08-25,1.255,-0.0002
2023-08-28,1.2542,-0.0006
2023-08-29,1.2535,-0.0006
2023-08-30,1.2537,0.0002
2023-08-31,1.2542,0.0004
2023-09-01,1.2534,-0.0006
2023-09-04,1.2519,-0.0012
2023-09-05,1.2518,-0.0001
2023-09-06,1.2504,-0.0011
2023-09-07,1.2488,-0.0013
2023-09-08,1.2472,-0.0013
2023-09-11,1.246,-0.001
2023-09-12,1.2465,0.0004
2023-09-13,1.2482,0.0014000000000000002
2023-09-14,1.2495,0.001
2023-09-15,1.2497,0.0002
2023-09-18,1.2491,-0.0005
2023-09-19,1.2491,0.0
2023-09-20,1.2494,0.0002
2023-09-21,1.2504,0.0008
2023-09-22,1.2501,-0.0002
2023-09-25,1.2501,0.0
2023-09-26,1.2497,-0.0003
2023-09-27,1.2496,-0.0001
2023-09-28,1.2507,0.0009
2023-10-09,1.2522,0.0012
2023-10-10,1.2516,-0.0005
2023-10-11,1.2508,-0.0006
2023-10-12,1.2506,-0.0002
2023-10-13,1.2509,0.0002
2023-10-16,1.2512,0.0002
2023-10-17,1.2509,-0.0002
2023-10-18,1.2507,-0.0002
2023-10-19,1.2493,-0.0011
2023-10-20,1.2491,-0.0002
2023-10-23,1.2498,0.0006
2023-10-24,1.2493,-0.0004
2023-10-25,1.2497,0.0003
2023-10-26,1.2503,0.0005
2023-10-27,1.2505,0.0002
2023-10-30,1.251,0.0004
2023-10-31,1.2516,0.0005
2023-11-01,1.2518,0.0002
2023-11-02,1.2527,0.0007000000000000001
2023-11-03,1.2531,0.0003
2023-11-06,1.2542,0.0009
2023-11-07,1.254,-0.0002
2023-11-08,1.2542,0.0002
2023-11-09,1.2546,0.0003
2023-11-10,1.2548,0.0002
2023-11-13,1.2555,0.0006
2023-11-14,1.2555,0.0
2023-11-15,1.256,0.0004
2023-11-16,1.2565,0.0004
2023-11-17,1.257,0.0004
2023-11-20,1.2575,0.0004
2023-11-21,1.2575,0.0
2023-11-22,1.257,-0.0004
2023-11-23,1.2562,-0.0006
2023-11-24,1.2561,-0.0001
2023-11-27,1.256,-0.0001
2023-11-28,1.2559,-0.0001
2023-11-29,1.256,0.0001
2023-11-30,1.2564,0.0003
2023-12-01,1.2566,0.0002
2023-12-04,1.2565,-0.0001
2023-12-05,1.2561,-0.0003
2023-12-06,1.256,-0.0001
2023-12-07,1.2561,0.0001
2023-12-08,1.2561,0.0
2023-12-11,1.2569,0.0006
2023-12-12,1.2567,-0.0002
2023-12-13,1.2575,0.0006
2023-12-14,1.2582,0.0006
2023-12-15,1.2593,0.0009
2023-12-18,1.2603,0.0008
2023-12-19,1.2608,0.0004
2023-12-20,1.2608,0.0
2023-12-21,1.2611,0.0002
2023-12-22,1.2617,0.0005
2023-12-25,1.2624,0.0006
2023-12-26,1.2633,0.0007000000000000001
2023-12-27,1.2644,0.0009
2023-12-28,1.2652,0.0006
2023-12-29,1.2659,0.0006
2023-12-31,1.266,0.0001
2024-01-02,1.2663,0.0002
2024-01-03,1.2661,-0.0002
2024-01-04,1.2665,0.0003
2024-01-05,1.2672,0.0006
2024-01-08,1.2678,0.0005
2024-01-09,1.2685,0.0006
2024-01-10,1.2688,0.0002
2024-01-11,1.2689,0.0001
2024-01-12,1.2689,0.0
2024-01-15,1.2693,0.0003
2024-01-16,1.2694,0.0001
2024-01-17,1.2696,0.0002
2024-01-18,1.2701,0.0004
2024-01-19,1.2709,0.0006
2024-01-22,1.2715,0.0005
2024-01-23,1.2717,0.0002
2024-01-24,1.2718,0.0001
2024-01-25,1.2724,0.0005
2024-01-26,1.2727,0.0002
2024-01-29,1.2731,0.0003
2024-01-30,1.274,0.0007000000000000001
2024-01-31,1.2748,0.0006
2024-02-01,1.2752,0.0003
2024-02-02,1.2753,0.0001
2024-02-05,1.2763,0.0008
2024-02-06,1.2758,-0.0004
2024-02-07,1.2762,0.0003
2024-02-08,1.2763,0.0001
2024-02-19,1.2773,0.0008
2024-02-20,1.2779,0.0005
2024-02-21,1.2783,0.0003
2024-02-22,1.279,0.0005
2024-02-23,1.2797,0.0005
2024-02-26,1.2803,0.0005
2024-02-27,1.2808,0.0004
2024-02-28,1.2811,0.0002
2024-02-29,1.2816,0.0004
2024-03-01,1.2812,-0.0003
2024-03-04,1.2814,0.0002
2024-03-05,1.2814,0.0
2024-03-06,1.2817,0.0002
2024-03-07,1.2818,0.0001
2024-03-08,1.2819,0.0001
2024-03-11,1.2819,0.0
2024-03-12,1.2814,-0.0004
2024-03-13,1.281,-0.0003
2024-03-14,1.2805,-0.0004
2024-03-15,1.2809,0.0003
2024-03-18,1.2814,0.0004
2024-03-19,1.2818,0.0003
2024-03-20,1.2819,0.0001
2024-03-21,1.2821,0.0002
2024-03-22,1.2822,0.0001
2024-03-25,1.282,-0.0002
2024-03-26,1.2819,-0.0001
2024-03-27,1.2823,0.0003
2024-03-28,1.2825,0.0002
2024-03-29,1.2831,0.0005
2024-04-01,1.283,-0.0001
2024-04-02,1.2835,0.0004
2024-04-03,1.2845,0.0008
2024-04-08,1.2854,0.0007000000000000001
2024-04-09,1.2863,0.0007000000000000001
2024-04-10,1.2866,0.0002
2024-04-11,1.2873,0.0005
2024-04-12,1.2881,0.0006
2024-04-15,1.2887,0.0005
2024-04-16,1.2889,0.0002
2024-04-17,1.2896,0.0005
2024-04-18,1.2906,0.0008
2024-04-19,1.2911,0.0004
2024-04-22,1.2917,0.0005
2024-04-23,1.2928,0.0009
2024-04-24,1.2918,-0.0008
2024-04-25,1.2914,-0.0003
2024-04-26,1.2901,-0.001
2024-04-29,1.2877,-0.0019
2024-04-30,1.2889,0.0009
2024-05-06,1.29,0.0009
2024-05-07,1.2913,0.001
2024-05-08,1.2918,0.0004
2024-05-09,1.2914,-0.0003
2024-05-10,1.2912,-0.0002
2024-05-13,1.2919,0.0005
2024-05-14,1.2926,0.0005
2024-05-15,1.2928,0.0002
2024-05-16,1.2927,-0.0001
2024-05-17,1.2925,-0.0002
2024-05-20,1.2931,0.0005
2024-05-21,1.293,-0.0001
2024-05-22,1.2934,0.0003
2024-05-23,1.294,0.0005
2024-05-24,1.2944,0.0003
2024-05-27,1.2946,0.0002
2024-05-28,1.2949,0.0002
2024-05-29,1.2954,0.0004
2024-05-30,1.2956,0.0002
2024-05-31,1.2956,0.0
2024-06-03,1.2962,0.0005
2024-06-04,1.2964,0.0002
2024-06-05,1.2968,0.0003
2024-06-06,1.2972,0.0003
2024-06-07,1.2976,0.0003
2024-06-11,1.298,0.0003
2024-06-12,1.2983,0.0002
2024-06-13,1.2983,0.0
2024-06-14,1.2986,0.0002
2024-06-17,1.2988,0.0002
2024-06-18,1.2991,0.0002
2024-06-19,1.2993,0.0002
2024-06-20,1.2993,0.0
2024-06-21,1.2992,-0.0001
2024-06-24,1.299,-0.0002
2024-06-25,1.2992,0.0002
2024-06-26,1.2996,0.0003
2024-06-27,1.3,0.0003
2024-06-28,1.3004,0.0003
2024-06-30,1.3006,0.0002
2024-07-01,1.3002,-0.0003
2024-07-02,1.3003,0.0001
2024-07-03,1.3008,0.0004
2024-07-04,1.301,0.0002
2024-07-05,1.3007,-0.0002
2024-07-08,1.3,-0.0005
2024-07-09,1.3006,0.0005
2024-07-10,1.3008,0.0002
2024-07-11,1.3012,0.0003
2024-07-12,1.3016,0.0003
2024-07-15,1.3021,0.0004
2024-07-16,1.3022,0.0001
2024-07-17,1.3021,-0.0001
2024-07-18,1.3019,-0.0002
2024-07-19,1.3022,0.0002
2024-07-22,1.3027,0.0004
2024-07-23,1.3029,0.0002
2024-07-24,1.3028,-0.0001
2024-07-25,1.3034,0.0005
2024-07-26,1.3043,0.0007000000000000001
2024-07-29,1.3047,0.0003
2024-07-30,1.3052,0.0004
2024-07-31,1.3061,0.0007000000000000001
2024-08-01,1.3066,0.0004
2024-08-02,1.3071,0.0004
2024-08-05,1.3073,0.0002
2024-08-06,1.3071,-0.0002
2024-08-07,1.3073,0.0002
2024-08-08,1.3069,-0.0003
2024-08-09,1.3059,-0.0008
2024-08-12,1.304,-0.0015
2024-08-13,1.3041,0.0001
2024-08-14,1.3048,0.0005
2024-08-15,1.3045,-0.0002
2024-08-16,1.304,-0.0004
2024-08-19,1.3043,0.0002
2024-08-20,1.304,-0.0002
2024-08-21,1.3034,-0.0005
2024-08-22,1.3033,-0.0001
2024-08-23,1.3032,-0.0001
2024-08-26,1.3031,-0.0001
2024-08-27,1.3018,-0.001
2024-08-28,1.3018,0.0
2024-08-29,1.3024,0.0005
2024-08-30,1.303,0.0005
2024-09-02,1.3037,0.0005
2024-09-03,1.304,0.0002
2024-09-04,1.3046,0.0005
2024-09-05,1.3053,0.0005
2024-09-06,1.3054,0.0001
2024-09-09,1.3055,0.0001
2024-09-10,1.3054,-0.0001
2024-09-11,1.3053,-0.0001
2024-09-12,1.3056,0.0002
2024-09-13,1.3059,0.0002
2024-09-18,1.3069,0.0008
2024-09-19,1.3071,0.0002
2024-09-20,1.3067,-0.0003
2024-09-23,1.3068,0.0001
2024-09-24,1.3074,0.0005
2024-09-25,1.308,0.0005
2024-09-26,1.3085,0.0004
2024-09-27,1.3057,-0.0021
2024-09-30,1.3018,-0.003
2024-10-08,1.3009,-0.0007000000000000001
2024-10-09,1.2963,-0.0034999999999999996
2024-10-10,1.2975,0.0009
2024-10-11,1.2997,0.0017000000000000001
2024-10-14,1.3028,0.0024
2024-10-15,1.3037,0.0007000000000000001
2024-10-16,1.3046,0.0007000000000000001
2024-10-17,1.305,0.0003
2024-10-18,1.3055,0.0004
2024-10-21,1.3056,0.0001
2024-10-22,1.3054,-0.0002
2024-10-23,1.3043,-0.0008
2024-10-24,1.3038,-0.0004
2024-10-25,1.3037,-0.0001
2024-10-28,1.3032,-0.0004
2024-10-29,1.3027,-0.0004
2024-10-30,1.3025,-0.0002
2024-10-31,1.3027,0.0002
2024-11-01,1.3038,0.0008
2024-11-04,1.3045,0.0005
2024-11-05,1.3053,0.0006
2024-11-06,1.3054,0.0001
2024-11-07,1.3069,0.0011
2024-11-08,1.3071,0.0002
2024-11-11,1.3079,0.0006
2024-11-12,1.3082,0.0002
2024-11-13,1.3087,0.0004
2024-11-14,1.308,-0.0005
2024-11-15,1.308,0.0
2024-11-18,1.3076,-0.0003
2024-11-19,1.3083,0.0005
2024-11-20,1.3089,0.0005
2024-11-21,1.3094,0.0004
2024-11-22,1.3091,-0.0002
2024-11-25,1.3099,0.0006
2024-11-26,1.3104,0.0004
2024-11-27,1.3117,0.001
2024-11-28,1.3121,0.0003
2024-11-29,1.3136,0.0011
2024-12-02,1.3155,0.0014000000000000002
2024-12-03,1.3161,0.0005
2024-12-04,1.3163,0.0002
2024-12-05,1.3171,0.0006
2024-12-06,1.3179,0.0006
2024-12-09,1.3182,0.0002
2024-12-10,1.3202,0.0015
2024-12-11,1.3211,0.0007000000000000001
2024-12-12,1.322,0.0007000000000000001
2024-12-13,1.3228,0.0006
2024-12-16,1.3231,0.0002
2024-12-17,1.3224,-0.0005
2024-12-18,1.3222,-0.0002
2024-12-19,1.3216,-0.0005
2024-12-20,1.3225,0.0007000000000000001
2024-12-23,1.3228,0.0002
2024-12-24,1.3231,0.0002
2024-12-25,1.3224,-0.0005
2024-12-26,1.3223,-0.0001
2024-12-27,1.3237,0.0011
2024-12-30,1.324,0.0002
2024-12-31,1.3247,0.0005
2025-01-02,1.3255,0.0006
2025-01-03,1.3265,0.0008
2025-01-06,1.3262,-0.0002
2025-01-07,1.3269,0.0005
2025-01-08,1.3266,-0.0002
2025-01-09,1.3262,-0.0003
2025-01-10,1.3253,-0.0007000000000000001
2025-01-13,1.3245,-0.0006
2025-01-14,1.3254,0.0007000000000000001
2025-01-15,1.3259,0.0004
2025-01-16,1.3251,-0.0006
2025-01-17,1.3248,-0.0002
2025-01-20,1.3248,0.0
2025-01-21,1.3248,0.0
2025-01-22,1.3247,-0.0001
2025-01-23,1.3243,-0.0003
2025-01-24,1.3245,0.0002
2025-01-27,1.3251,0.0005
2025-02-05,1.3259,0.0006
2025-02-06,1.327,0.0008
2025-02-07,1.3286,0.0012
2025-02-10,1.3281,-0.0004
2025-02-11,1.3275,-0.0005
2025-02-12,1.3278,0.0002
2025-02-13,1.3279,0.0001
2025-02-14,1.3273,-0.0005
2025-02-17,1.3267,-0.0005
2025-02-18,1.325,-0.0013
2025-02-19,1.3254,0.0003
2025-02-20,1.3249,-0.0004
2025-02-21,1.3241,-0.0006
2025-02-24,1.3228,-0.001
2025-02-25,1.3217,-0.0008
2025-02-26,1.3224,0.0005
2025-02-27,1.322,-0.0003
2025-02-28,1.3209,-0.0008
2025-03-03,1.3212,0.0002
2025-03-04,1.3219,0.0005
2025-03-05,1.322,0.0001
2025-03-06,1.3219,-0.0001
2025-03-07,1.3201,-0.0014000000000000002
2025-03-10,1.3196,-0.0004
2025-03-11,1.3178,-0.0014000000000000002
2025-03-12,1.3181,0.0002
2025-03-13,1.319,0.0007000000000000001
2025-03-14,1.3199,0.0007000000000000001
2025-03-17,1.3194,-0.0004
2025-03-18,1.3196,0.0002
2025-03-19,1.3203,0.0005
2025-03-20,1.3213,0.0008
2025-03-21,1.3219,0.0005
2025-03-24,1.3227,0.0006
2025-03-25,1.3238,0.0008
2025-03-26,1.3245,0.0005
2025-03-27,1.3249,0.0003
2025-03-28,1.3253,0.0003
2025-03-31,1.3252,-0.0001
2025-04-01,1.3256,0.0003
2025-04-02,1.3262,0.0005
2025-04-03,1.3287,0.0019
2025-04-07,1.3304,0.0013
2025-04-08,1.3302,-0.0002
2025-04-09,1.3299,-0.0002
2025-04-10,1.3299,0.0
2025-04-11,1.3299,0.0
2025-04-14,1.3299,0.0
2025-04-15,1.3297,-0.0002
2025-04-16,1.3298,0.0001
2025-04-17,1.33,0.0002
2025-04-18,1.3299,-0.0001
2025-04-21,1.3297,-0.0002
2025-04-22,1.33,0.0002
2025-04-23,1.3295,-0.0004
2025-04-24,1.3292,-0.0002
2025-04-25,1.3291,-0.0001
2025-04-28,1.329,-0.0001
2025-04-29,1.3299,0.0007000000000000001
2025-04-30,1.3308,0.0007000000000000001
2025-05-06,1.3314,0.0005
2025-05-07,1.3315,0.0001
2025-05-08,1.3332,0.0013
2025-05-09,1.3342,0.0008
2025-05-12,1.3339,-0.0002
2025-05-13,1.3345,0.0004
2025-05-14,1.3348,0.0002
2025-05-15,1.3346,-0.0001
2025-05-16,1.3341,-0.0004
2025-05-19,1.3346,0.0004
2025-05-20,1.3352,0.0004
2025-05-21,1.3357,0.0004
2025-05-22,1.3359,0.0001
2025-05-23,1.3359,0.0
2025-05-26,1.3361,0.0001
2025-05-27,1.3358,-0.0002
2025-05-28,1.3357,-0.0001
2025-05-29,1.3352,-0.0004
2025-05-30,1.336,0.0006
2025-06-03,1.3363,0.0002
2025-06-04,1.3366,0.0002
2025-06-05,1.337,0.0003
2025-06-06,1.3377,0.0005
2025-06-09,1.3386,0.0007000000000000001
2025-06-10,1.3385,-0.0001
2025-06-11,1.3391,0.0004
2025-06-12,1.3391,0.0
2025-06-13,1.3389,-0.0001
2025-06-16,1.3392,0.0002
2025-06-17,1.3397,0.0004
2025-06-18,1.3401,0.0003
2025-06-19,1.34,-0.0001
2025-06-20,1.3401,0.0001
2025-06-23,1.3407,0.0004
2025-06-24,1.3409,0.0001
2025-06-25,1.3418,0.0007000000000000001
2025-06-26,1.3419,0.0001
2025-06-27,1.3424,0.0004
2025-06-30,1.343,0.0004
2025-07-01,1.3437,0.0005
2025-07-02,1.3443,0.0004
2025-07-03,1.3454,0.0008
2025-07-04,1.3462,0.0006
2025-07-07,1.3461,-0.0001
2025-07-08,1.3473,0.0009
2025-07-09,1.3469,-0.0003
2025-07-10,1.347,0.0001
2025-07-11,1.3465,-0.0004
2025-07-14,1.3456,-0.0007000000000000001
2025-07-15,1.3461,0.0004
2025-07-16,1.3466,0.0004
2025-07-17,1.348,0.001
2025-07-18,1.3483,0.0002
2025-07-21,1.3486,0.0002
2025-07-22,1.3487,0.0001
2025-07-23,1.3483,-0.0003
2025-07-24,1.3481,-0.0001
2025-07-25,1.3478,-0.0002
2025-07-28,1.348,0.0001
2025-07-29,1.3472,-0.0006
2025-07-30,1.3474,0.0001
2025-07-31,1.348,0.0004
2025-08-01,1.3485,0.0004
2025-08-04,1.3492,0.0005
2025-08-05,1.3498,0.0004
2025-08-06,1.3506,0.0006
2025-08-07,1.3507,0.0001
2025-08-08,1.3508,0.0001
2025-08-11,1.3504,-0.0003
2025-08-12,1.3496,-0.0006
2025-08-13,1.3499,0.0002
2025-08-14,1.3488,-0.0008
2025-08-15,1.3488,0.0
2025-08-18,1.3469,-0.0014000000000000002
2025-08-19,1.3467,-0.0001
2025-08-20,1.3468,0.0001
2025-08-21,1.3474,0.0004
2025-08-22,1.3481,0.0005
2025-08-25,1.349,0.0007000000000000001
2025-08-26,1.3494,0.0003
2025-08-27,1.3476,-0.0013
2025-08-28,1.3467,-0.0007000000000000001
2025-08-29,1.3468,0.0001
2025-09-01,1.3464,-0.0003
2025-09-02,1.3464,0.0
2025-09-03,1.347,0.0004
2025-09-04,1.3478,0.0006
2025-09-05,1.3479,0.0001
2025-09-08,1.3473,-0.0004
2025-09-09,1.3464,-0.0007000000000000001
2025-09-10,1.3453,-0.0008
2025-09-11,1.3453,0.0
2025-09-12,1.3455,0.0001
2025-09-15,1.3455,0.0
2025-09-16,1.3455,0.0
2025-09-17,1.3461,0.0004
2025-09-18,1.3456,-0.0004
2025-09-19,1.3449,-0.0005
2025-09-22,1.3448,-0.0001
2025-09-23,1.3439,-0.0007000000000000001
2025-09-24,1.3431,-0.0006
2025-09-25,1.3425,-0.0004
2025-09-26,1.3424,-0.0001
2025-09-29,1.3429,0.0004
2025-09-30,1.3438,0.0007000000000000001
2025-10-09,1.3449,0.0008
2025-10-10,1.344,-0.0007000000000000001
2025-10-13,1.3445,0.0004
2025-10-14,1.3438,-0.0005
2025-10-15,1.3444,0.0004
2025-10-16,1.3442,-0.0001
2025-10-17,1.3442,0.0
2025-10-20,1.3445,0.0002
2025-10-21,1.3456,0.0008
2025-10-22,1.3456,0.0
2025-10-23,1.346,0.0003
2025-10-24,1.3468,0.0006
2025-10-27,1.3477,0.0007000000000000001
2025-10-28,1.3489,0.0009
2025-10-29,1.3505,0.0012
2025-10-30,1.3503,-0.0001
2025-10-31,1.3514,0.0008
2025-11-03,1.3519,0.0004
2025-11-04,1.3511,-0.0006
2025-11-05,1.3529,0.0013
2025-11-06,1.3528,-0.0001
2025-11-07,1.3528,0.0
2025-11-10,1.3527,-0.0001
2025-11-11,1.3527,0.0
2025-11-12,1.3525,-0.0001
2025-11-13,1.3533,0.0006
2025-11-14,1.3525,-0.0006
2025-11-17,1.3524,-0.0001
2025-11-18,1.3523,-0.0001
2025-11-19,1.3523,0.0
2025-11-20,1.3521,-0.0001
2025-11-21,1.3512,-0.0007000000000000001
2025-11-24,1.3519,0.0005
2025-11-25,1.3516,-0.0002
2025-11-26,1.3498,-0.0013
2025-11-27,1.3494,-0.0003
2025-11-28,1.3497,0.0002
2025-12-01,1.3498,0.0001
2025-12-02,1.3493,-0.0004
2025-12-03,1.3484,-0.0007000000000000001
2025-12-04,1.3468,-0.0012
2025-12-05,1.3477,0.0007000000000000001
2025-12-08,1.3478,0.0001
2025-12-09,1.3478,0.0
2025-12-10,1.3482,0.0003
2025-12-11,1.3485,0.0002
2025-12-12,1.3487,0.0001
2025-12-15,1.3483,-0.0003
2025-12-16,1.3476,-0.0005
2025-12-17,1.3498,0.0016
2025-12-18,1.3497,-0.0001
2025-12-19,1.3501,0.0003
2025-12-22,1.3512,0.0008
2025-12-23,1.3516,0.0003
2025-12-24,1.3532,0.0012
2025-12-25,1.3541,0.0007000000000000001
2025-12-26,1.3539,-0.0001
2025-12-29,1.3527,-0.0009
2025-12-30,1.3535,0.0006
2025-12-31,1.3538,0.0002
2026-01-05,1.3551,0.001
2026-01-06,1.3554,0.0002
2026-01-07,1.3555,0.0001
2026-01-08,1.3563,0.0006
2026-01-09,1.3581,0.0013
2026-01-12,1.3617,0.0027
2026-01-13,1.3598,-0.0014000000000000002
2026-01-14,1.36,0.0001
2026-01-15,1.3607,0.0005
2026-01-16,1.364,0.0024
2026-01-19,1.3647,0.0005
2026-01-20,1.3635,-0.0009
2026-01-21,1.3659,0.0018
2026-01-22,1.3678,0.0014000000000000002
2026-01-23,1.3696,0.0013
2026-01-26,1.3681,-0.0011
2026-01-27,1.3691,0.0007000000000000001
2026-01-28,1.3689,-0.0001
2026-01-29,1.3691,0.0001
2026-01-30,1.3678,-0.0009
2026-02-02,1.3659,-0.0014000000000000002
2026-02-03,1.3691,0.0023
2026-02-04,1.3689,-0.0001
2026-02-05,1.3678,-0.0008
2026-02-06,1.3697,0.0014000000000000002
2026-02-09,1.3719,0.0016
2026-02-10,1.3723,0.0003
2026-02-11,1.3722,-0.0001
2026-02-12,1.3734,0.0009
2026-02-13,1.3726,-0.0006
2026-02-24,1.375,0.0017000000000000001
2026-02-25,1.3755,0.0004
2026-02-26,1.3733,-0.0016
2026-02-27,1.3736,0.0002
2026-03-02,1.3749,0.0009
2026-03-03,1.371,-0.0028000000000000004
2026-03-04,1.3705,-0.0004
2026-03-05,1.3706,0.0001
2026-03-06,1.3712,0.0004
2026-03-09,1.3696,-0.0012
2026-03-10,1.3705,0.0007000000000000001
2026-03-11,1.3712,0.0005
2026-03-12,1.3705,-0.0005
2026-03-13,1.3696,-0.0007000000000000001
2026-03-16,1.3684,-0.0009
2026-03-17,1.3668,-0.0012
2026-03-18,1.368,0.0009
2026-03-19,1.3662,-0.0013
2026-03-20,1.3663,0.0001
2026-03-23,1.3662,-0.0001
2026-03-24,1.3666,0.0003
2026-03-25,1.3666,0.0
2026-03-26,1.3661,-0.0004
2026-03-27,1.3664,0.0002
2026-03-30,1.3668,0.0003
2026-03-31,1.3667,-0.0001
2026-04-01,1.3679,0.0009
2026-04-02,1.3672,-0.0005
2026-04-03,1.3673,0.0001
2026-04-07,1.368,0.0005
2026-04-08,1.3706,0.0019
2026-04-09,1.3709,0.0002
2026-04-10,1.3717,0.0006
2026-04-13,1.3715,-0.0001
2026-04-14,1.3737,0.0016
2026-04-15,1.3748,0.0008
2026-04-16,1.3773,0.0018
2026-04-17,1.3777,0.0003
2026-04-20,1.378,0.0002
2026-04-21,1.3791,0.0008
2026-04-22,1.38,0.0007000000000000001
2026-04-23,1.3795,-0.0004
2026-04-24,1.3795,0.0
2026-04-27,1.3793,-0.0001
2026-04-28,1.3782,-0.0008
2026-04-29,1.3794,0.0009
2026-04-30,1.3796,0.0001
2026-05-06,1.3812,0.0012
2026-05-07,1.3808,-0.0003
2026-05-08,1.3809,0.0001
2026-05-11,1.3812,0.0002
2026-05-12,1.3798,-0.001
2026-05-13,1.3807,0.0007000000000000001
2026-05-14,1.3784,-0.0017000000000000001
2026-05-15,1.3772,-0.0009
2026-05-18,1.3778,0.0004
2026-05-19,1.38,0.0016
2026-05-20,1.3808,0.0006
2026-05-21,1.3786,-0.0016
2026-05-22,1.3801,0.0011
2026-05-25,1.3803,0.0001
2026-05-26,1.3801,-0.0001
2026-05-27,1.3797,-0.0003
2026-05-28,1.3815,0.0013
2026-05-29,1.3791,-0.0017000000000000001
2026-06-01,1.38,0.0007000000000000001
2026-06-02,1.3818,0.0013
2026-06-03,1.3804,-0.001
2026-06-04,1.3782,-0.0016
2026-06-05,1.3775,-0.0005
2026-06-08,1.3759,-0.0012
2026-06-09,1.3773,0.001
2026-06-10,1.3756,-0.0012
2026-06-11,1.3755,-0.0001
2026-06-12,1.376,0.0004
2026-06-15,1.3787,0.002
2026-06-16,1.3807,0.0015
2026-06-17,1.3806,-0.0001
2026-06-18,1.38,-0.0004
2026-06-22,1.3798,-0.0001
2026-06-23,1.3787,-0.0008
2026-06-24,1.3791,0.0003
2026-06-25,1.3783,-0.0006
2026-06-26,1.3775,-0.0006
2026-06-29,1.3773,-0.0001
2026-06-30,1.3776,0.0002
2026-07-01,1.3778,0.0001
2026-07-02,1.3778,0.0
2026-07-03,1.3779,0.0001
2026-07-06,1.3778,-0.0001
2026-07-07,1.3767,-0.0008
2026-07-08,1.3754,-0.0009
2026-07-09,1.3763,0.0007000000000000001
2026-07-10,1.3746,-0.0012
2026-07-13,1.3724,-0.0016
2026-07-14,1.3737,0.0009
2026-07-15,1.3732,-0.0004
2026-07-16,1.3726,-0.0004
2026-07-17,1.3722,-0.0003
2026-07-20,1.373,0.0006
2026-07-21,1.3748,0.0013
2026-07-22,1.3766,0.0013
2026-07-23,1.377,0.0003
2026-07-24,1.3761,-0.0007000000000000001
2026-07-27,1.3783,0.0016
2026-07-28,1.377,-0.0009
2026-07-29,1.3778,0.0006
2026-07-30,1.377,-0.0006
2026-07-31,1.3779,0.0007000000000000001
2026-08-03,1.3784,0.0004
2026-08-04,1.379,0.0004
