date,nav,ret
2017-09-26,1.0,0.0
2017-09-29,1.0003,0.0
2017-10-13,1.0018,0.0
2017-10-20,1.0021,0.0
2017-10-27,1.0024,0.0
2017-11-02,1.0028,0.0
2017-11-03,1.0028,0.0
2017-11-06,1.0031,0.000299
2017-11-07,1.0031,0.0
2017-11-08,1.0032,0.0001
2017-11-09,1.0032,0.0
2017-11-10,1.0033,0.0001
2017-11-13,1.0034,0.0001
2017-11-14,1.0035,0.0001
2017-11-15,1.0035,0.0
2017-11-16,1.0036,0.0001
2017-11-17,1.0037,0.0001
2017-11-20,1.0038,0.0001
2017-11-21,1.0039,0.0001
2017-11-22,1.0039,0.0
2017-11-23,1.004,0.0001
2017-11-24,1.0041,0.0001
2017-11-27,1.0042,0.0001
2017-11-28,1.0043,0.0001
2017-11-29,1.0044,0.0001
2017-11-30,1.0044,0.0
2017-12-01,1.0045,0.0001
2017-12-04,1.0047,0.000199
2017-12-05,1.0047,0.0
2017-12-06,1.0048,0.0001
2017-12-07,1.0048,0.0
2017-12-08,1.0048,0.0
2017-12-11,1.0049,0.0001
2017-12-12,1.005,0.0001
2017-12-13,1.005,0.0
2017-12-14,1.0051,0.0001
2017-12-15,1.0051,0.0
2017-12-18,1.0053,0.000199
2017-12-19,1.0054,9.900000000000001e-05
2017-12-20,1.0054,0.0
2017-12-21,1.0055,9.900000000000001e-05
2017-12-22,1.0056,9.900000000000001e-05
2017-12-25,1.0057,9.900000000000001e-05
2017-12-26,1.0058,9.900000000000001e-05
2017-12-27,1.0059,9.900000000000001e-05
2017-12-28,1.0061,0.000199
2017-12-29,1.0063,0.000199
2017-12-31,1.0066,0.0
2018-01-02,1.0069,0.000596
2018-01-03,1.0071,0.000199
2018-01-04,1.0071,0.0
2018-01-05,1.0072,9.900000000000001e-05
2018-01-08,1.0074,0.000199
2018-01-09,1.0074,0.0
2018-01-10,1.0075,9.900000000000001e-05
2018-01-11,1.0075,0.0
2018-01-12,1.0076,9.900000000000001e-05
2018-01-15,1.0077,9.900000000000001e-05
2018-01-16,1.0078,9.900000000000001e-05
2018-01-17,1.0078,0.0
2018-01-18,1.0078,0.0
2018-01-19,1.0078,0.0
2018-01-22,1.0078,0.0
2018-01-23,1.0079,9.900000000000001e-05
2018-01-24,1.008,9.900000000000001e-05
2018-01-25,1.008,0.0
2018-01-26,1.0082,0.00019800000000000002
2018-01-29,1.0079,-0.000298
2018-01-30,1.0076,-0.000298
2018-01-31,1.0072,-0.000397
2018-02-01,1.0064,-0.000794
2018-02-02,1.0074,0.000994
2018-02-05,1.0081,0.0006950000000000001
2018-02-06,1.0044,-0.00367
2018-02-07,1.0038,-0.000597
2018-02-08,1.0036,-0.000199
2018-02-09,0.9995,-0.004085
2018-02-12,1.0013,0.001801
2018-02-13,1.002,0.0006990000000000001
2018-02-14,1.0026,0.000599
2018-02-22,1.0049,0.002294
2018-02-23,1.0055,0.000597
2018-02-26,1.0073,0.00179
2018-02-27,1.0065,-0.000794
2018-02-28,1.0065,0.0
2018-03-01,1.0074,0.0008939999999999999
2018-03-02,1.0067,-0.0006950000000000001
2018-03-05,1.0069,0.000199
2018-03-06,1.0081,0.001192
2018-03-07,1.0071,-0.000992
2018-03-08,1.0079,0.000794
2018-03-09,1.0088,0.000893
2018-03-12,1.0097,0.000892
2018-03-13,1.0087,-0.00099
2018-03-14,1.0078,-0.000892
2018-03-15,1.0076,-0.00019800000000000002
2018-03-16,1.0067,-0.000893
2018-03-19,1.0066,-9.900000000000001e-05
2018-03-20,1.0068,0.000199
2018-03-21,1.0055,-0.0012909999999999998
2018-03-22,1.0046,-0.000895
2018-03-23,0.9965,-0.008063
2018-03-26,1.0001,0.003613
2018-03-27,1.0055,0.005399
2018-03-28,1.003,-0.002486
2018-03-29,1.0062,0.00319
2018-03-30,1.0093,0.003081
2018-04-02,1.0096,0.000297
2018-04-03,1.0072,-0.0023769999999999998
2018-04-04,1.0053,-0.0018859999999999999
2018-04-09,1.0054,9.900000000000001e-05
2018-04-10,1.0096,0.004177
2018-04-11,1.0112,0.001585
2018-04-12,1.0086,-0.002571
2018-04-13,1.0084,-0.00019800000000000002
2018-04-16,1.0052,-0.0031730000000000005
2018-04-17,0.9975,-0.00766
2018-04-18,1.0018,0.004311
2018-04-19,1.0044,0.002595
2018-04-20,0.9956,-0.008761
2018-04-23,0.994,-0.0016070000000000001
2018-04-24,1.0057,0.011771
2018-04-25,1.0071,0.001392
2018-04-26,0.9997,-0.007348
2018-04-27,1.0023,0.002601
2018-05-02,1.0061,0.003791
2018-05-03,1.0105,0.004373
2018-05-04,1.0106,9.900000000000001e-05
2018-05-07,1.0214,0.010687
2018-05-08,1.0245,0.003035
2018-05-09,1.025,0.00048800000000000004
2018-05-10,1.0269,0.0018540000000000002
2018-05-11,1.0224,-0.004382
2018-05-14,1.0215,-0.0008799999999999999
2018-05-15,1.029,0.007342
2018-05-16,1.0264,-0.0025269999999999997
2018-05-17,1.025,-0.001364
2018-05-18,1.0297,0.0045850000000000005
2018-05-21,1.038,0.008061
2018-05-22,1.0383,0.000289
2018-05-23,1.0267,-0.011172
2018-05-24,1.024,-0.00263
2018-05-25,1.0175,-0.006348
2018-05-28,1.0201,0.002555
2018-05-29,1.015,-0.005
2018-05-30,0.9943,-0.020394000000000002
2018-05-31,1.0092,0.014985
2018-06-01,1.0017,-0.007431999999999999
2018-06-04,1.0063,0.004592
2018-06-05,1.0174,0.011031
2018-06-06,1.0187,0.001278
2018-06-07,1.0153,-0.003338
2018-06-08,1.0042,-0.010933
2018-06-11,1.0014,-0.002788
2018-06-12,1.0175,0.016076999999999998
2018-06-13,1.0081,-0.009238
2018-06-14,1.0058,-0.0022819999999999997
2018-06-15,0.9942,-0.011533
2018-06-19,0.9473,-0.047173999999999994
2018-06-20,0.9578,0.011084
2018-06-21,0.9491,-0.009083
2018-06-22,0.9608,0.012327
2018-06-25,0.9541,-0.006973
2018-06-26,0.9516,-0.00262
2018-06-27,0.9404,-0.011770000000000001
2018-06-28,0.9284,-0.012761
2018-06-29,0.9527,0.026174
2018-06-30,0.9526,0.0
2018-07-02,0.9355,-0.018054
2018-07-03,0.9388,0.003528
2018-07-04,0.9272,-0.012356
2018-07-05,0.9117,-0.016717
2018-07-06,0.9128,0.001207
2018-07-09,0.9361,0.025526
2018-07-10,0.9418,0.006089
2018-07-11,0.9248,-0.018050999999999998
2018-07-12,0.9468,0.023788999999999998
2018-07-13,0.9543,0.007921000000000001
2018-07-16,0.9503,-0.004192
2018-07-17,0.9467,-0.003788
2018-07-18,0.9422,-0.004753
2018-07-19,0.9369,-0.005625
2018-07-20,0.9497,0.013662
2018-07-23,0.9613,0.012214000000000001
2018-07-24,0.9789,0.018309
2018-07-25,0.9785,-0.00040899999999999997
2018-07-26,0.9703,-0.00838
2018-07-27,0.9668,-0.0036070000000000004
2018-07-30,0.9656,-0.001241
2018-07-31,0.9667,0.001139
2018-08-01,0.9505,-0.016758
2018-08-02,0.9355,-0.015781
2018-08-03,0.9208,-0.015714
2018-08-06,0.9077,-0.014227
2018-08-07,0.9367,0.031949
2018-08-08,0.922,-0.015693
2018-08-09,0.9393,0.018764
2018-08-10,0.9398,0.0005319999999999999
2018-08-13,0.9412,0.00149
2018-08-14,0.9396,-0.0017000000000000001
2018-08-15,0.9206,-0.020221
2018-08-16,0.9128,-0.008473000000000001
2018-08-17,0.9002,-0.013804
2018-08-20,0.9078,0.008443
2018-08-21,0.922,0.015642
2018-08-22,0.9125,-0.010304
2018-08-23,0.9143,0.001973
2018-08-24,0.912,-0.002516
2018-08-27,0.9312,0.021053000000000002
2018-08-28,0.9315,0.000322
2018-08-29,0.9258,-0.006119
2018-08-30,0.915,-0.011666000000000001
2018-08-31,0.9089,-0.006666999999999999
2018-09-03,0.907,-0.00209
2018-09-04,0.9133,0.006946
2018-09-05,0.8971,-0.017738
2018-09-06,0.8913,-0.006464999999999999
2018-09-07,0.8943,0.003366
2018-09-10,0.8808,-0.015096
2018-09-11,0.877,-0.004314
2018-09-12,0.8749,-0.002395
2018-09-13,0.8823,0.008458
2018-09-14,0.8796,-0.00306
2018-09-17,0.8682,-0.012960000000000001
2018-09-18,0.8867,0.021307999999999997
2018-09-19,0.8944,0.008683999999999999
2018-09-20,0.8936,-0.0008939999999999999
2018-09-21,0.9116,0.020143
2018-09-25,0.9058,-0.006362
2018-09-26,0.9112,0.005961999999999999
2018-09-27,0.9059,-0.005817
2018-09-28,0.9149,0.009935000000000001
2018-10-08,0.8841,-0.033665
2018-10-09,0.8839,-0.000226
2018-10-10,0.8854,0.001697
2018-10-11,0.8368,-0.05489
2018-10-12,0.8419,0.006095000000000001
2018-10-15,0.8292,-0.015085
2018-10-16,0.8168,-0.014954
2018-10-17,0.8225,0.006978
2018-10-18,0.7986,-0.029058
2018-10-19,0.8177,0.023917
2018-10-22,0.8527,0.04280300000000001
2018-10-23,0.8364,-0.019116
2018-10-24,0.835,-0.001674
2018-10-25,0.8331,-0.002275
2018-10-26,0.8322,-0.00108
2018-10-29,0.8173,-0.017904
2018-10-30,0.823,0.006974
2018-10-31,0.8348,0.014338
2018-11-01,0.8369,0.002516
2018-11-02,0.8579,0.025093
2018-11-05,0.8549,-0.003497
2018-11-06,0.8511,-0.004445
2018-11-07,0.8466,-0.005286999999999999
2018-11-08,0.8418,-0.00567
2018-11-09,0.8349,-0.008197
2018-11-12,0.8494,0.017367
2018-11-13,0.857,0.008947
2018-11-14,0.8534,-0.004201
2018-11-15,0.8628,0.011014999999999999
2018-11-16,0.8642,0.001623
2018-11-19,0.8685,0.0049759999999999995
2018-11-20,0.8493,-0.022107
2018-11-21,0.8511,0.0021190000000000002
2018-11-22,0.8487,-0.0028199999999999996
2018-11-23,0.8248,-0.028161000000000002
2018-11-26,0.8203,-0.005456
2018-11-27,0.8208,0.00061
2018-11-28,0.8301,0.01133
2018-11-29,0.8181,-0.014456
2018-11-30,0.8243,0.007579
2018-12-03,0.8455,0.025719
2018-12-04,0.8492,0.004376
2018-12-05,0.8436,-0.006594
2018-12-06,0.829,-0.017307
2018-12-07,0.8301,0.001327
2018-12-10,0.8206,-0.011444000000000001
2018-12-11,0.8243,0.004509
2018-12-12,0.8274,0.003761
2018-12-13,0.8383,0.013173999999999998
2018-12-14,0.8252,-0.015627
2018-12-17,0.8251,-0.000121
2018-12-18,0.8192,-0.007150999999999999
2018-12-19,0.8104,-0.010742
2018-12-20,0.8079,-0.003085
2018-12-21,0.8011,-0.008417000000000001
2018-12-24,0.8077,0.008239
2018-12-25,0.7984,-0.011514
2018-12-26,0.7961,-0.0028810000000000003
2018-12-27,0.7927,-0.004271
2018-12-28,0.795,0.0029010000000000004
2018-12-31,0.7949,0.0
2019-01-02,0.7837,-0.014214
2019-01-03,0.7816,-0.00268
2019-01-04,0.7961,0.018552
2019-01-07,0.8051,0.011305
2019-01-08,0.8028,-0.002857
2019-01-09,0.8075,0.005855
2019-01-10,0.8052,-0.002848
2019-01-11,0.8089,0.004595
2019-01-14,0.8059,-0.003709
2019-01-15,0.8142,0.010299
2019-01-16,0.814,-0.000246
2019-01-17,0.8093,-0.0057740000000000005
2019-01-18,0.8206,0.013963000000000001
2019-01-21,0.8259,0.006459
2019-01-22,0.8168,-0.011017999999999998
2019-01-23,0.8183,0.0018360000000000002
2019-01-24,0.8214,0.003788
2019-01-25,0.824,0.003165
2019-01-28,0.8224,-0.0019420000000000001
2019-01-29,0.8213,-0.001338
2019-01-30,0.8171,-0.005114
2019-01-31,0.8172,0.00012200000000000001
2019-02-01,0.8315,0.017499
2019-02-11,0.8463,0.017799
2019-02-12,0.8542,0.009335
2019-02-13,0.8663,0.014165
2019-02-14,0.8681,0.002078
2019-02-15,0.8598,-0.009561
2019-02-18,0.8871,0.031751999999999996
2019-02-19,0.8828,-0.004847000000000001
2019-02-20,0.8844,0.001812
2019-02-21,0.8831,-0.00147
2019-02-22,0.9015,0.020836
2019-02-25,0.9469,0.050361
2019-02-26,0.9435,-0.0035909999999999996
2019-02-27,0.9407,-0.002968
2019-02-28,0.9399,-0.0008500000000000001
2019-03-01,0.9512,0.012022999999999999
2019-03-04,0.9656,0.015139
2019-03-05,0.9762,0.010978000000000002
2019-03-06,0.9855,0.009527
2019-03-07,0.9838,-0.001725
2019-03-08,0.9433,-0.041166999999999995
2019-03-11,0.9725,0.030955
2019-03-12,0.9852,0.013059000000000001
2019-03-13,0.9768,-0.008526
2019-03-14,0.9644,-0.012695000000000001
2019-03-15,0.9804,0.016591
2019-03-18,1.0082,0.028356
2019-03-19,1.0043,-0.003868
2019-03-20,1.0031,-0.0011949999999999999
2019-03-21,1.0053,0.002193
2019-03-22,1.0073,0.001989
2019-03-25,0.9912,-0.015983
2019-03-26,0.9705,-0.020884
2019-03-27,0.9799,0.009686
2019-03-28,0.9716,-0.00847
2019-03-29,1.0053,0.034685
2019-04-01,1.0346,0.029146000000000002
2019-04-02,1.0368,0.0021260000000000003
2019-04-03,1.0576,0.020062000000000003
2019-04-04,1.0636,0.005673
2019-04-08,1.0719,0.007804
2019-04-09,1.0687,-0.002985
2019-04-10,1.0696,0.000842
2019-04-11,1.0401,-0.02758
2019-04-12,1.04,-9.599999999999999e-05
2019-04-15,1.0323,-0.007403999999999999
2019-04-16,1.049,0.016177
2019-04-17,1.0471,-0.0018110000000000001
2019-04-18,1.0403,-0.006494
2019-04-19,1.0453,0.004806
2019-04-22,1.0222,-0.022099
2019-04-23,1.0159,-0.006162999999999999
2019-04-24,1.0207,0.004725
2019-04-25,0.9956,-0.024591
2019-04-26,0.9861,-0.009542
2019-04-29,0.9847,-0.0014199999999999998
2019-04-30,0.9872,0.002539
2019-05-06,0.9271,-0.060879
2019-05-07,0.9396,0.013483
2019-05-08,0.9315,-0.008621
2019-05-09,0.919,-0.013419
2019-05-10,0.9481,0.031665
2019-05-13,0.9387,-0.009915
2019-05-14,0.9337,-0.005326999999999999
2019-05-15,0.9526,0.020242
2019-05-16,0.9642,0.012177
2019-05-17,0.9364,-0.028832
2019-05-20,0.9281,-0.008864
2019-05-21,0.9405,0.013361000000000001
2019-05-22,0.9336,-0.007337
2019-05-23,0.9192,-0.015424
2019-05-24,0.9184,-0.0008699999999999999
2019-05-27,0.9348,0.017857
2019-05-28,0.9362,0.001498
2019-05-29,0.9384,0.0023499999999999997
2019-05-30,0.9324,-0.0063939999999999995
2019-05-31,0.9305,-0.002038
2019-06-03,0.9227,-0.008383
2019-06-04,0.9112,-0.012463
2019-06-05,0.9086,-0.002853
2019-06-06,0.8986,-0.011006
2019-06-10,0.9065,0.008791
2019-06-11,0.9375,0.034197000000000005
2019-06-12,0.9315,-0.0064
2019-06-13,0.9335,0.002147
2019-06-14,0.9236,-0.010605
2019-06-17,0.924,0.000433
2019-06-18,0.9243,0.000325
2019-06-19,0.9362,0.012875000000000001
2019-06-20,0.9598,0.025207999999999998
2019-06-21,0.968,0.008543
2019-06-24,0.9688,0.000826
2019-06-25,0.9611,-0.007948
2019-06-26,0.963,0.001977
2019-06-27,0.9721,0.00945
2019-06-28,0.9685,-0.003703
2019-06-30,0.9684,0.0
2019-07-01,0.9899,0.022096
2019-07-02,0.9896,-0.000303
2019-07-03,0.9802,-0.009499
2019-07-04,0.9786,-0.0016320000000000002
2019-07-05,0.9837,0.005212
2019-07-08,0.9582,-0.025922999999999998
2019-07-09,0.96,0.001879
2019-07-10,0.9529,-0.007396000000000001
2019-07-11,0.9545,0.001679
2019-07-12,0.9611,0.006915
2019-07-15,0.9723,0.011653
2019-07-16,0.9716,-0.0007199999999999999
2019-07-17,0.9692,-0.00247
2019-07-18,0.959,-0.010524
2019-07-19,0.9654,0.006674
2019-07-22,0.9553,-0.010462
2019-07-23,0.9617,0.006699
2019-07-24,0.9731,0.011854
2019-07-25,0.9773,0.0043159999999999995
2019-07-26,0.9809,0.003684
2019-07-29,0.9811,0.00020400000000000003
2019-07-30,0.9873,0.006319
2019-07-31,0.981,-0.006381
2019-08-01,0.9737,-0.007441
2019-08-02,0.9582,-0.015919000000000003
2019-08-05,0.9407,-0.018263
2019-08-06,0.9272,-0.014351000000000001
2019-08-07,0.9233,-0.004206
2019-08-08,0.9296,0.006823
2019-08-09,0.9215,-0.008713
2019-08-12,0.9376,0.017472
2019-08-13,0.9293,-0.008852
2019-08-14,0.9327,0.003659
2019-08-15,0.937,0.00461
2019-08-16,0.9395,0.002668
2019-08-19,0.9674,0.029697
2019-08-20,0.9671,-0.00031
2019-08-21,0.9676,0.000517
2019-08-22,0.9682,0.00062
2019-08-23,0.97,0.0018590000000000002
2019-08-26,0.9609,-0.009381
2019-08-27,0.9713,0.010823000000000001
2019-08-28,0.9667,-0.004736000000000001
2019-08-29,0.9661,-0.000621
2019-08-30,0.9571,-0.009316
2019-09-02,0.9795,0.023403999999999998
2019-09-03,0.9829,0.003471
2019-09-04,0.992,0.009257999999999999
2019-09-05,1.0001,0.008165
2019-09-06,1.002,0.0019
2019-09-09,1.0165,0.014471000000000001
2019-09-10,1.016,-0.000492
2019-09-11,1.0101,-0.005807
2019-09-12,1.0163,0.006138
2019-09-16,1.0135,-0.002755
2019-09-17,0.9948,-0.018451
2019-09-18,0.9969,0.002111
2019-09-19,1.0003,0.003411
2019-09-20,1.0052,0.004899
2019-09-23,0.9917,-0.01343
2019-09-24,0.9935,0.001815
2019-09-25,0.9831,-0.010468
2019-09-26,0.969,-0.014341999999999999
2019-09-27,0.9725,0.003612
2019-09-30,0.964,-0.00874
2019-10-08,0.9743,0.010685
2019-10-09,0.9825,0.008416
2019-10-10,0.9908,0.008448
2019-10-11,0.9988,0.008074
2019-10-14,1.0096,0.010813
2019-10-15,0.9994,-0.010103
2019-10-16,0.9977,-0.001701
2019-10-17,0.9961,-0.001604
2019-10-18,0.9829,-0.013252
2019-10-21,0.9796,-0.003357
2019-10-22,0.9879,0.008473000000000001
2019-10-23,0.9826,-0.005365
2019-10-24,0.9794,-0.003257
2019-10-25,0.9837,0.00439
2019-10-28,0.9906,0.007014
2019-10-29,0.9802,-0.010499000000000001
2019-10-30,0.9751,-0.005203
2019-10-31,0.9646,-0.010768
2019-11-01,0.9739,0.009641
2019-11-04,0.9838,0.010165
2019-11-05,0.9907,0.007014
2019-11-06,0.9842,-0.006561
2019-11-07,0.9877,0.003556
2019-11-08,0.9812,-0.006581
2019-11-11,0.9633,-0.018243
2019-11-12,0.9643,0.001038
2019-11-13,0.9621,-0.002281
2019-11-14,0.9656,0.003638
2019-11-15,0.9531,-0.012945
2019-11-18,0.963,0.010387
2019-11-19,0.976,0.013499
2019-11-20,0.9651,-0.011168
2019-11-21,0.962,-0.003212
2019-11-22,0.9526,-0.009771
2019-11-25,0.9583,0.005984000000000001
2019-11-26,0.962,0.003861
2019-11-27,0.9587,-0.0034300000000000003
2019-11-28,0.9543,-0.00459
2019-11-29,0.9541,-0.00021
2019-12-02,0.9577,0.0037730000000000003
2019-12-03,0.9624,0.004908
2019-12-04,0.9598,-0.002702
2019-12-05,0.9694,0.010002
2019-12-06,0.9731,0.0038169999999999996
2019-12-09,0.979,0.006063
2019-12-10,0.9786,-0.00040899999999999997
2019-12-11,0.9792,0.000613
2019-12-12,0.9772,-0.002042
2019-12-13,0.991,0.014122
2019-12-16,1.0013,0.010394
2019-12-17,1.0123,0.010986000000000001
2019-12-18,1.0097,-0.0025679999999999995
2019-12-19,1.0116,0.001882
2019-12-20,1.0072,-0.00435
2019-12-23,0.9912,-0.015886
2019-12-24,1.0007,0.009584
2019-12-25,1.0033,0.0025979999999999996
2019-12-26,1.0102,0.006876999999999999
2019-12-27,1.0027,-0.007423999999999999
2019-12-30,1.0168,0.014061999999999998
2019-12-31,1.0205,0.003639
2020-01-02,1.0413,0.020381999999999997
2020-01-03,1.0409,-0.00038399999999999996
2020-01-06,1.0423,0.001345
2020-01-07,1.055,0.012185
2020-01-08,1.0422,-0.012133
2020-01-09,1.0551,0.012378
2020-01-10,1.058,0.0027489999999999997
2020-01-13,1.0696,0.010964
2020-01-14,1.0675,-0.001963
2020-01-15,1.0668,-0.000656
2020-01-16,1.0592,-0.007124
2020-01-17,1.0604,0.001133
2020-01-20,1.069,0.008110000000000001
2020-01-21,1.0573,-0.010945
2020-01-22,1.0594,0.001986
2020-01-23,1.0274,-0.030206
2020-02-03,0.9501,-0.075238
2020-02-04,0.968,0.01884
2020-02-05,0.982,0.014462999999999998
2020-02-06,1.0009,0.019246
2020-02-07,1.0064,0.005495
2020-02-10,1.0144,0.007949000000000001
2020-02-11,1.0142,-0.000197
2020-02-12,1.0243,0.009959
2020-02-13,1.0181,-0.006052999999999999
2020-02-14,1.0211,0.002947
2020-02-17,1.0467,0.025071
2020-02-18,1.0496,0.002771
2020-02-19,1.0514,0.0017150000000000002
2020-02-20,1.0703,0.017976000000000002
2020-02-21,1.0779,0.007101
2020-02-24,1.0834,0.005103
2020-02-25,1.0772,-0.005723000000000001
2020-02-26,1.0669,-0.009562000000000001
2020-02-27,1.0793,0.011621999999999999
2020-02-28,1.0404,-0.036042
2020-03-02,1.0829,0.04085
2020-03-03,1.0887,0.005356
2020-03-04,1.0971,0.007716
2020-03-05,1.1108,0.012487
2020-03-06,1.0955,-0.013774
2020-03-09,1.0514,-0.040256
2020-03-10,1.0749,0.022351
2020-03-11,1.0596,-0.014234
2020-03-12,1.0392,-0.019253
2020-03-13,1.0285,-0.010296000000000001
2020-03-16,0.9886,-0.038794
2020-03-17,0.9915,0.002933
2020-03-18,0.9799,-0.011699
2020-03-19,0.9805,0.000612
2020-03-20,0.9957,0.015502
2020-03-23,0.966,-0.029828
2020-03-24,0.985,0.019669000000000002
2020-03-25,1.0057,0.021015000000000002
2020-03-26,0.9981,-0.007557
2020-03-27,1.0024,0.004308
2020-03-30,0.9922,-0.010176000000000001
2020-03-31,0.9971,0.004939
2020-04-01,0.9943,-0.0028079999999999997
2020-04-02,1.0115,0.017299
2020-04-03,1.008,-0.0034599999999999995
2020-04-07,1.0351,0.026885
2020-04-08,1.0341,-0.0009660000000000001
2020-04-09,1.0382,0.003965
2020-04-10,1.0235,-0.014159
2020-04-13,1.0194,-0.004006
2020-04-14,1.0349,0.015205
2020-04-15,1.0276,-0.007054
2020-04-16,1.0323,0.004574
2020-04-17,1.0401,0.007556
2020-04-20,1.05,0.009518
2020-04-21,1.0446,-0.005143
2020-04-22,1.0538,0.008807
2020-04-23,1.0475,-0.005978
2020-04-24,1.0362,-0.010787999999999999
2020-04-27,1.039,0.002702
2020-04-28,1.0432,0.0040420000000000005
2020-04-29,1.0446,0.001342
2020-04-30,1.0557,0.010626
2020-05-06,1.0653,0.009093
2020-05-07,1.0686,0.003098
2020-05-08,1.0763,0.007206000000000001
2020-05-11,1.0751,-0.001115
2020-05-12,1.0764,0.001209
2020-05-13,1.0826,0.0057599999999999995
2020-05-14,1.068,-0.013486
2020-05-15,1.0661,-0.001779
2020-05-18,1.0679,0.001688
2020-05-19,1.0759,0.007491
2020-05-20,1.063,-0.01199
2020-05-21,1.0536,-0.008843
2020-05-22,1.035,-0.017654
2020-05-25,1.0375,0.002415
2020-05-26,1.0516,0.01359
2020-05-27,1.0407,-0.010365
2020-05-28,1.043,0.00221
2020-05-29,1.0469,0.003739
2020-06-01,1.0724,0.024358
2020-06-02,1.0706,-0.001678
2020-06-03,1.0675,-0.002896
2020-06-04,1.0632,-0.004028
2020-06-05,1.0627,-0.00047
2020-06-08,1.0606,-0.001976
2020-06-09,1.0682,0.0071660000000000005
2020-06-10,1.0708,0.002434
2020-06-11,1.0682,-0.002428
2020-06-12,1.0694,0.0011229999999999999
2020-06-15,1.0694,0.0
2020-06-16,1.0925,0.021601
2020-06-17,1.0971,0.0042109999999999995
2020-06-18,1.0964,-0.000638
2020-06-19,1.1115,0.013772
2020-06-22,1.1145,0.0026989999999999996
2020-06-23,1.1152,0.000628
2020-06-24,1.121,0.005201
2020-06-29,1.1202,-0.000714
2020-06-30,1.1413,0.018836
2020-07-01,1.1509,0.008411
2020-07-02,1.1738,0.019897
2020-07-03,1.1934,0.016698
2020-07-06,1.249,0.04659
2020-07-07,1.265,0.012809999999999998
2020-07-08,1.2902,0.019921
2020-07-09,1.318,0.021547
2020-07-10,1.2999,-0.013733
2020-07-13,1.326,0.020078
2020-07-14,1.3134,-0.009502
2020-07-15,1.2953,-0.013781000000000002
2020-07-16,1.2612,-0.026326000000000002
2020-07-17,1.2713,0.008008
2020-07-20,1.3094,0.029969000000000003
2020-07-21,1.3111,0.001298
2020-07-22,1.322,0.008314
2020-07-23,1.3241,0.0015890000000000001
2020-07-24,1.2638,-0.045540000000000004
2020-07-27,1.2708,0.005539
2020-07-28,1.283,0.0096
2020-07-29,1.3154,0.025253
2020-07-30,1.3038,-0.008819
2020-07-31,1.3152,0.008744
2020-08-03,1.3437,0.02167
2020-08-04,1.3407,-0.002233
2020-08-05,1.3464,0.004252000000000001
2020-08-06,1.3462,-0.000149
2020-08-07,1.3314,-0.010993999999999999
2020-08-10,1.3445,0.009839
2020-08-11,1.3226,-0.016289
2020-08-12,1.3061,-0.012475
2020-08-13,1.3072,0.000842
2020-08-14,1.3281,0.015988
2020-08-17,1.365,0.027784
2020-08-18,1.3744,0.006886
2020-08-19,1.3574,-0.012369000000000002
2020-08-20,1.3454,-0.00884
2020-08-21,1.3618,0.012190000000000001
2020-08-24,1.3689,0.0052
2020-08-25,1.3653,-0.0026
2020-08-26,1.342,-0.0171
2020-08-27,1.3528,0.008
2020-08-28,1.3831,0.022400000000000003
2020-08-31,1.3786,-0.0033
2020-09-01,1.3883,0.006999999999999999
2020-09-02,1.3846,-0.0027
2020-09-03,1.3751,-0.0069
2020-09-04,1.3623,-0.009300000000000001
2020-09-07,1.3286,-0.024700000000000003
2020-09-08,1.341,0.009300000000000001
2020-09-09,1.3077,-0.0248
2020-09-10,1.2974,-0.0079
2020-09-11,1.3149,0.013500000000000002
2020-09-14,1.326,0.0084
2020-09-15,1.3331,0.0054
2020-09-16,1.3294,-0.0028000000000000004
2020-09-17,1.3245,-0.0037
2020-09-18,1.3535,0.0219
2020-09-21,1.3458,-0.005699999999999999
2020-09-22,1.3358,-0.0074
2020-09-23,1.3437,0.0059
2020-09-24,1.317,-0.0199
2020-09-25,1.3174,0.0003
2020-09-28,1.316,-0.0011
2020-09-29,1.3235,0.005699999999999999
2020-09-30,1.323,-0.0004
2020-10-09,1.3498,0.0203
2020-10-12,1.384,0.0253
2020-10-13,1.3876,0.0026
2020-10-14,1.3851,-0.0018
2020-10-15,1.3813,-0.0027
2020-10-16,1.3877,0.0046
2020-10-19,1.375,-0.0092
2020-10-20,1.3816,0.0048
2020-10-21,1.3783,-0.0024
2020-10-22,1.3685,-0.0070999999999999995
2020-10-23,1.3496,-0.0138
2020-10-26,1.3474,-0.0016
2020-10-27,1.3497,0.0017000000000000001
2020-10-28,1.3541,0.0033
2020-10-29,1.364,0.0073
2020-10-30,1.3374,-0.0195
2020-11-02,1.3436,0.0046
2020-11-03,1.3603,0.0124
2020-11-04,1.3594,-0.0007000000000000001
2020-11-05,1.3831,0.0174
2020-11-06,1.3762,-0.005
2020-11-09,1.4028,0.019299999999999998
2020-11-10,1.3866,-0.0115
2020-11-11,1.3752,-0.008199999999999999
2020-11-12,1.3761,0.0007000000000000001
2020-11-13,1.3611,-0.0109
2020-11-16,1.3752,0.0104
2020-11-17,1.3707,-0.0033
2020-11-18,1.3736,0.0021
2020-11-19,1.3787,0.0037
2020-11-20,1.3887,0.0073
2020-11-23,1.4063,0.0127
2020-11-24,1.4023,-0.0028000000000000004
2020-11-25,1.3833,-0.013500000000000002
2020-11-26,1.3855,0.0016
2020-11-27,1.3963,0.0078000000000000005
2020-11-30,1.386,-0.0074
2020-12-01,1.4088,0.0165
2020-12-02,1.4102,0.001
2020-12-03,1.4068,-0.0024
2020-12-04,1.4095,0.0019
2020-12-07,1.3966,-0.0092
2020-12-08,1.3949,-0.0012
2020-12-09,1.3785,-0.0118
2020-12-10,1.382,0.0025
2020-12-11,1.3671,-0.0108
2020-12-14,1.3751,0.0059
2020-12-15,1.378,0.0021
2020-12-16,1.3792,0.0009
2020-12-17,1.3965,0.0125
2020-12-18,1.3957,-0.0006
2020-12-21,1.407,0.008100000000000001
2020-12-22,1.3798,-0.019299999999999998
2020-12-23,1.3912,0.0083
2020-12-24,1.3803,-0.0078000000000000005
2020-12-25,1.3937,0.0097
2020-12-28,1.399,0.0038
2020-12-29,1.3882,-0.0077
2020-12-30,1.404,0.011399999999999999
2020-12-31,1.4272,0.0165
2021-01-04,1.4379,0.0075
2021-01-05,1.4477,0.0068000000000000005
2021-01-06,1.459,0.0078000000000000005
2021-01-07,1.4765,0.012
2021-01-08,1.4727,-0.0026
2021-01-11,1.4547,-0.012199999999999999
2021-01-12,1.4915,0.0253
2021-01-13,1.4936,0.0014000000000000002
2021-01-14,1.4739,-0.0132
2021-01-15,1.4778,0.0026
2021-01-18,1.4947,0.011399999999999999
2021-01-19,1.4807,-0.009399999999999999
2021-01-20,1.4953,0.009899999999999999
2021-01-21,1.5124,0.011399999999999999
2021-01-22,1.5111,-0.0009
2021-01-25,1.5161,0.0033
2021-01-26,1.4831,-0.0218
2021-01-27,1.4859,0.0019
2021-01-28,1.4493,-0.0246
2021-01-29,1.4422,-0.0049
2021-02-01,1.4604,0.0126
2021-02-02,1.4775,0.011699999999999999
2021-02-03,1.4782,0.0005
2021-02-04,1.4713,-0.004699999999999999
2021-02-05,1.4661,-0.0034999999999999996
2021-02-08,1.4844,0.0125
2021-02-09,1.5161,0.021400000000000002
2021-02-10,1.5339,0.011699999999999999
2021-02-18,1.5404,0.0042
2021-02-19,1.542,0.001
2021-02-22,1.5101,-0.0207
2021-02-23,1.5108,0.0005
2021-02-24,1.4805,-0.020099999999999996
2021-02-25,1.4986,0.012199999999999999
2021-02-26,1.4641,-0.023
2021-03-01,1.4866,0.0154
2021-03-02,1.4694,-0.0116
2021-03-03,1.4972,0.0189
2021-03-04,1.4598,-0.025
2021-03-05,1.4523,-0.0051
2021-03-08,1.4202,-0.022099999999999998
2021-03-09,1.3955,-0.0174
2021-03-10,1.3991,0.0026
2021-03-11,1.4364,0.026699999999999998
2021-03-12,1.4461,0.0068000000000000005
2021-03-15,1.4287,-0.012
2021-03-16,1.4353,0.0046
2021-03-17,1.44,0.0033
2021-03-18,1.4548,0.0103
2021-03-19,1.4289,-0.0178
2021-03-22,1.4427,0.0097
2021-03-23,1.4277,-0.0104
2021-03-24,1.4045,-0.016200000000000003
2021-03-25,1.4046,0.0001
2021-03-26,1.4258,0.0151
2021-03-29,1.4364,0.0074
2021-03-30,1.4479,0.008
2021-03-31,1.4451,-0.0019
2021-04-01,1.461,0.011000000000000001
2021-04-02,1.4617,0.0005
2021-04-06,1.4641,0.0016
2021-04-07,1.4653,0.0008
2021-04-08,1.4659,0.0004
2021-04-09,1.4588,-0.0048
2021-04-12,1.4337,-0.0172
2021-04-13,1.4267,-0.0049
2021-04-14,1.4378,0.0078000000000000005
2021-04-15,1.4327,-0.0034999999999999996
2021-04-16,1.4423,0.0067
2021-04-19,1.4596,0.012
2021-04-20,1.4586,-0.0007000000000000001
2021-04-21,1.4591,0.0003
2021-04-22,1.4623,0.0022
2021-04-23,1.4693,0.0048
2021-04-26,1.4586,-0.0073
2021-04-27,1.46,0.001
2021-04-28,1.4665,0.0045000000000000005
2021-04-29,1.4754,0.0060999999999999995
2021-04-30,1.4692,-0.0042
2021-05-06,1.4657,-0.0024
2021-05-07,1.4554,-0.006999999999999999
2021-05-10,1.4618,0.0044
2021-05-11,1.4564,-0.0037
2021-05-12,1.4644,0.0055000000000000005
2021-05-13,1.4471,-0.0118
2021-05-14,1.4679,0.0144
2021-05-17,1.4812,0.0091
2021-05-18,1.4853,0.0028000000000000004
2021-05-19,1.4778,-0.005
2021-05-20,1.4717,-0.0040999999999999995
2021-05-21,1.4643,-0.005
2021-05-24,1.4692,0.0033
2021-05-25,1.4991,0.0204
2021-05-26,1.5022,0.0021
2021-05-27,1.5086,0.0043
2021-05-28,1.5094,0.0005
2021-05-31,1.5182,0.0058
2021-06-01,1.5243,0.004
2021-06-02,1.5086,-0.0103
2021-06-03,1.5008,-0.0052
2021-06-04,1.5067,0.0039000000000000003
2021-06-07,1.511,0.0029
2021-06-08,1.5052,-0.0038
2021-06-09,1.5093,0.0027
2021-06-10,1.5212,0.0079
2021-06-11,1.5113,-0.006500000000000001
2021-06-15,1.4985,-0.0085
2021-06-16,1.4733,-0.0168
2021-06-17,1.4809,0.0052
2021-06-18,1.4864,0.0037
2021-06-21,1.4919,0.0037
2021-06-22,1.5015,0.0064
2021-06-23,1.5129,0.0076
2021-06-24,1.5093,-0.0024
2021-06-25,1.5321,0.0151
2021-06-28,1.5341,0.0013
2021-06-29,1.5201,-0.0091
2021-06-30,1.532,0.0078000000000000005
2021-07-01,1.5272,-0.0031
2021-07-02,1.4998,-0.0179
2021-07-05,1.5066,0.0045000000000000005
2021-07-06,1.5094,0.0019
2021-07-07,1.5283,0.0125
2021-07-08,1.5217,-0.0043
2021-07-09,1.5311,0.0062
2021-07-12,1.5493,0.011899999999999999
2021-07-13,1.5556,0.0040999999999999995
2021-07-14,1.5401,-0.01
2021-07-15,1.55,0.0064
2021-07-16,1.5492,-0.0005
2021-07-19,1.5414,-0.005
2021-07-20,1.5383,-0.002
2021-07-21,1.5521,0.009000000000000001
2021-07-22,1.5646,0.008100000000000001
2021-07-23,1.5522,-0.0079
2021-07-26,1.5254,-0.0173
2021-07-27,1.4809,-0.0292
2021-07-28,1.4668,-0.0095
2021-07-29,1.4995,0.0223
2021-07-30,1.5015,0.0013
2021-08-02,1.5296,0.0187
2021-08-03,1.5144,-0.009899999999999999
2021-08-04,1.5465,0.0212
2021-08-05,1.541,-0.0036
2021-08-06,1.5466,0.0036
2021-08-09,1.5548,0.0053
2021-08-10,1.5612,0.0040999999999999995
2021-08-11,1.5702,0.0058
2021-08-12,1.5788,0.0055000000000000005
2021-08-13,1.5728,-0.0038
2021-08-16,1.5631,-0.0062
2021-08-17,1.5319,-0.02
2021-08-18,1.5509,0.0124
2021-08-19,1.5479,-0.0019
2021-08-20,1.5396,-0.0054
2021-08-23,1.5632,0.015300000000000001
2021-08-24,1.5813,0.0116
2021-08-25,1.5876,0.004
2021-08-26,1.573,-0.0092
2021-08-27,1.5825,0.006
2021-08-30,1.5873,0.003
2021-08-31,1.5924,0.0032
2021-09-01,1.5837,-0.0055000000000000005
2021-09-02,1.5994,0.009899999999999999
2021-09-03,1.5827,-0.0104
2021-09-06,1.6073,0.0155
2021-09-07,1.6442,0.023
2021-09-08,1.65,0.0034999999999999996
2021-09-09,1.6665,0.01
2021-09-10,1.6682,0.001
2021-09-13,1.6787,0.0063
2021-09-14,1.6549,-0.014199999999999999
2021-09-15,1.653,-0.0011
2021-09-16,1.6237,-0.0177
2021-09-17,1.6162,-0.0046
2021-09-22,1.6176,0.0009
2021-09-23,1.6198,0.0014000000000000002
2021-09-24,1.5991,-0.0128
2021-09-27,1.5677,-0.0196
2021-09-28,1.5711,0.0022
2021-09-29,1.5307,-0.025699999999999997
2021-09-30,1.5542,0.0154
2021-10-08,1.5572,0.0019
2021-10-11,1.5628,0.0036
2021-10-12,1.5391,-0.0152
2021-10-13,1.5488,0.0063
2021-10-14,1.5516,0.0018
2021-10-15,1.5572,0.0036
2021-10-18,1.5529,-0.0028000000000000004
2021-10-19,1.564,0.0070999999999999995
2021-10-20,1.557,-0.0045000000000000005
2021-10-21,1.5617,0.003
2021-10-22,1.558,-0.0024
2021-10-25,1.57,0.0077
2021-10-26,1.563,-0.0045000000000000005
2021-10-27,1.5478,-0.0097
2021-10-28,1.5251,-0.0147
2021-10-29,1.5397,0.0096
2021-11-01,1.5465,0.0044
2021-11-02,1.5283,-0.0118
2021-11-03,1.5282,-0.0001
2021-11-04,1.5419,0.009000000000000001
2021-11-05,1.5284,-0.0088
2021-11-08,1.5341,0.0037
2021-11-09,1.5414,0.0048
2021-11-10,1.5356,-0.0038
2021-11-11,1.5549,0.0126
2021-11-12,1.5584,0.0023
2021-11-15,1.5492,-0.0059
2021-11-16,1.5409,-0.0054
2021-11-17,1.5512,0.0067
2021-11-18,1.5435,-0.005
2021-11-19,1.563,0.0126
2021-11-22,1.5788,0.0101
2021-11-23,1.5796,0.0005
2021-11-24,1.5841,0.0028000000000000004
2021-11-25,1.5799,-0.0027
2021-11-26,1.5778,-0.0013
2021-11-29,1.5799,0.0013
2021-11-30,1.5828,0.0018
2021-12-01,1.5875,0.003
2021-12-02,1.5888,0.0008
2021-12-03,1.5969,0.0051
2021-12-06,1.5836,-0.0083
2021-12-07,1.5769,-0.0042
2021-12-08,1.5984,0.013600000000000001
2021-12-09,1.6127,0.0089
2021-12-10,1.6109,-0.0011
2021-12-13,1.6152,0.0027
2021-12-14,1.6046,-0.0066
2021-12-15,1.5995,-0.0032
2021-12-16,1.6114,0.0074
2021-12-17,1.5913,-0.0125
2021-12-20,1.5671,-0.0152
2021-12-21,1.5771,0.0064
2021-12-22,1.5842,0.0045000000000000005
2021-12-23,1.5875,0.0021
2021-12-24,1.5704,-0.0108
2021-12-27,1.5712,0.0005
2021-12-28,1.5825,0.0072
2021-12-29,1.5725,-0.0063
2021-12-30,1.5884,0.0101
2021-12-31,1.5995,0.006999999999999999
2022-01-04,1.5944,-0.0032
2022-01-05,1.5696,-0.015600000000000001
2022-01-06,1.5716,0.0013
2022-01-07,1.5643,-0.0046
2022-01-10,1.5741,0.0063
2022-01-11,1.5674,-0.0043
2022-01-12,1.5815,0.009000000000000001
2022-01-13,1.5615,-0.0126
2022-01-14,1.5563,-0.0033
2022-01-17,1.57,0.0088
2022-01-18,1.5771,0.0045000000000000005
2022-01-19,1.5689,-0.0052
2022-01-20,1.5586,-0.0066
2022-01-21,1.5417,-0.0108
2022-01-24,1.5486,0.0045000000000000005
2022-01-25,1.5083,-0.026000000000000002
2022-01-26,1.5196,0.0075
2022-01-27,1.4911,-0.018799999999999997
2022-01-28,1.4812,-0.0066
2022-02-07,1.5063,0.0169
2022-02-08,1.5098,0.0023
2022-02-09,1.5252,0.0102
2022-02-10,1.5227,-0.0016
2022-02-11,1.503,-0.0129
2022-02-14,1.4884,-0.0097
2022-02-15,1.5019,0.0091
2022-02-16,1.5121,0.0068000000000000005
2022-02-17,1.5215,0.0062
2022-02-18,1.528,0.0043
2022-02-21,1.5287,0.0005
2022-02-22,1.5164,-0.008
2022-02-23,1.5384,0.014499999999999999
2022-02-24,1.5132,-0.016399999999999998
2022-02-25,1.5245,0.0075
2022-02-28,1.5346,0.0066
2022-03-01,1.5424,0.0051
2022-03-02,1.5376,-0.0031
2022-03-03,1.5374,-0.0001
2022-03-04,1.5251,-0.008
2022-03-07,1.4938,-0.020499999999999997
2022-03-08,1.4513,-0.0285
2022-03-09,1.4383,-0.009000000000000001
2022-03-10,1.4625,0.0168
2022-03-11,1.473,0.0072
2022-03-14,1.4333,-0.027000000000000003
2022-03-15,1.3731,-0.042
2022-03-16,1.419,0.0334
2022-03-17,1.439,0.0141
2022-03-18,1.4541,0.0105
2022-03-21,1.4613,0.005
2022-03-22,1.4671,0.004
2022-03-23,1.4737,0.0045000000000000005
2022-03-24,1.4675,-0.0042
2022-03-25,1.4515,-0.0109
2022-03-28,1.4458,-0.0039000000000000003
2022-03-29,1.4473,0.001
2022-03-30,1.473,0.0178
2022-03-31,1.4605,-0.0085
2022-04-01,1.4704,0.0068000000000000005
2022-04-06,1.4643,-0.0040999999999999995
2022-04-07,1.445,-0.0132
2022-04-08,1.4517,0.0046
2022-04-11,1.414,-0.026000000000000002
2022-04-12,1.4264,0.0088
2022-04-13,1.4193,-0.005
2022-04-14,1.4379,0.0131
2022-04-15,1.4273,-0.0074
2022-04-18,1.4213,-0.0042
2022-04-19,1.4207,-0.0004
2022-04-20,1.3861,-0.024399999999999998
2022-04-21,1.3535,-0.0235
2022-04-22,1.3577,0.0031
2022-04-25,1.2805,-0.056900000000000006
2022-04-26,1.2578,-0.0177
2022-04-27,1.3022,0.0353
2022-04-28,1.3103,0.0062
2022-04-29,1.3403,0.0229
2022-05-05,1.3455,0.0039000000000000003
2022-05-06,1.3171,-0.021099999999999997
2022-05-09,1.3146,-0.0019
2022-05-10,1.3253,0.008100000000000001
2022-05-11,1.3378,0.009399999999999999
2022-05-12,1.3333,-0.0034000000000000002
2022-05-13,1.3463,0.0098
2022-05-16,1.3485,0.0016
2022-05-17,1.36,0.0085
2022-05-18,1.3529,-0.0052
2022-05-19,1.3614,0.0063
2022-05-20,1.3846,0.017
2022-05-23,1.3927,0.0059
2022-05-24,1.3546,-0.0274
2022-05-25,1.3678,0.0097
2022-05-26,1.3789,0.008100000000000001
2022-05-27,1.3818,0.0021
2022-05-30,1.3901,0.006
2022-05-31,1.4025,0.0089
2022-06-01,1.4067,0.003
2022-06-02,1.4124,0.0040999999999999995
2022-06-06,1.4436,0.022099999999999998
2022-06-07,1.4456,0.0014000000000000002
2022-06-08,1.4591,0.009300000000000001
2022-06-09,1.4475,-0.008
2022-06-10,1.4767,0.0202
2022-06-13,1.4712,-0.0037
2022-06-14,1.4807,0.006500000000000001
2022-06-15,1.4865,0.0039000000000000003
2022-06-16,1.477,-0.0064
2022-06-17,1.4919,0.0101
2022-06-20,1.4929,0.0007000000000000001
2022-06-21,1.4837,-0.0062
2022-06-22,1.4651,-0.0125
2022-06-23,1.4955,0.0207
2022-06-24,1.5087,0.0088
2022-06-27,1.5209,0.008100000000000001
2022-06-28,1.5402,0.0127
2022-06-29,1.5144,-0.0168
2022-06-30,1.5345,0.013300000000000001
2022-07-01,1.5343,-0.0001
2022-07-04,1.5468,0.008100000000000001
2022-07-05,1.5514,0.003
2022-07-06,1.528,-0.0151
2022-07-07,1.5406,0.008199999999999999
2022-07-08,1.5322,-0.0055000000000000005
2022-07-11,1.5065,-0.0168
2022-07-12,1.4924,-0.009399999999999999
2022-07-13,1.494,0.0011
2022-07-14,1.497,0.002
2022-07-15,1.4762,-0.0139
2022-07-18,1.4964,0.0137
2022-07-19,1.4935,-0.0019
2022-07-20,1.5056,0.008100000000000001
2022-07-21,1.4854,-0.0134
2022-07-22,1.4826,-0.0019
2022-07-25,1.4719,-0.0072
2022-07-26,1.4884,0.011200000000000002
2022-07-27,1.488,-0.0003
2022-07-28,1.4904,0.0016
2022-07-29,1.48,-0.006999999999999999
2022-08-01,1.4867,0.0045000000000000005
2022-08-02,1.4491,-0.0253
2022-08-03,1.4368,-0.0085
2022-08-04,1.4474,0.0074
2022-08-05,1.4706,0.016
2022-08-08,1.4808,0.0069
2022-08-09,1.4885,0.0052
2022-08-10,1.4796,-0.006
2022-08-11,1.503,0.0158
2022-08-12,1.5001,-0.0019
2022-08-15,1.5062,0.0040999999999999995
2022-08-16,1.5113,0.0034000000000000002
2022-08-17,1.5173,0.004
2022-08-18,1.5125,-0.0032
2022-08-19,1.5045,-0.0053
2022-08-22,1.5213,0.011200000000000002
2022-08-23,1.5213,0.0
2022-08-24,1.4876,-0.0222
2022-08-25,1.4942,0.0044
2022-08-26,1.4885,-0.0038
2022-08-29,1.49,0.001
2022-08-30,1.4789,-0.0074
2022-08-31,1.4589,-0.013500000000000002
2022-09-01,1.4472,-0.008
2022-09-02,1.4469,-0.0002
2022-09-05,1.4507,0.0026
2022-09-06,1.4713,0.014199999999999999
2022-09-07,1.4742,0.002
2022-09-08,1.4668,-0.005
2022-09-09,1.4784,0.0079
2022-09-13,1.4828,0.003
2022-09-14,1.4698,-0.0088
2022-09-15,1.4481,-0.0148
2022-09-16,1.4167,-0.0217
2022-09-19,1.4148,-0.0013
2022-09-20,1.4204,0.004
2022-09-21,1.4195,-0.0006
2022-09-22,1.4178,-0.0012
2022-09-23,1.4085,-0.0066
2022-09-26,1.3913,-0.012199999999999999
2022-09-27,1.4046,0.0096
2022-09-28,1.3756,-0.0206
2022-09-29,1.3792,0.0026
2022-09-30,1.3687,-0.0076
2022-10-10,1.3485,-0.0148
2022-10-11,1.3569,0.0062
2022-10-12,1.3804,0.0173
2022-10-13,1.3725,-0.005699999999999999
2022-10-14,1.3992,0.0195
2022-10-17,1.3967,-0.0018
2022-10-18,1.397,0.0002
2022-10-19,1.3839,-0.009399999999999999
2022-10-20,1.3721,-0.0085
2022-10-21,1.3704,-0.0012
2022-10-24,1.3505,-0.014499999999999999
2022-10-25,1.3466,-0.0029
2022-10-26,1.3552,0.0064
2022-10-27,1.3502,-0.0037
2022-10-28,1.3143,-0.026600000000000002
2022-10-31,1.3099,-0.0033
2022-11-01,1.3398,0.022799999999999997
2022-11-02,1.3521,0.0092
2022-11-03,1.3512,-0.0007000000000000001
2022-11-04,1.3842,0.024399999999999998
2022-11-07,1.3881,0.0028000000000000004
2022-11-08,1.3809,-0.0052
2022-11-09,1.3729,-0.0058
2022-11-10,1.3588,-0.0103
2022-11-11,1.3804,0.0159
2022-11-14,1.3732,-0.0052
2022-11-15,1.3979,0.018000000000000002
2022-11-16,1.3838,-0.0101
2022-11-17,1.3797,-0.003
2022-11-18,1.3719,-0.005699999999999999
2022-11-21,1.3726,0.0005
2022-11-22,1.37,-0.0019
2022-11-23,1.374,0.0029
2022-11-24,1.3739,-0.0001
2022-11-25,1.3744,0.0004
2022-11-28,1.3622,-0.0089
2022-11-29,1.3845,0.016399999999999998
2022-11-30,1.3863,0.0013
2022-12-01,1.3968,0.0076
2022-12-02,1.3918,-0.0036
2022-12-05,1.4088,0.012199999999999999
2022-12-06,1.4082,-0.0004
2022-12-07,1.4041,-0.0029
2022-12-08,1.4025,-0.0011
2022-12-09,1.4101,0.0054
2022-12-12,1.393,-0.0121
2022-12-13,1.3871,-0.0042
2022-12-14,1.3844,-0.0019
2022-12-15,1.3868,0.0017000000000000001
2022-12-16,1.3801,-0.0048
2022-12-19,1.357,-0.0167
2022-12-20,1.3443,-0.009399999999999999
2022-12-21,1.3383,-0.0045000000000000005
2022-12-22,1.3271,-0.0084
2022-12-23,1.3214,-0.0043
2022-12-26,1.3347,0.0101
2022-12-27,1.3508,0.0121
2022-12-28,1.3452,-0.0040999999999999995
2022-12-29,1.3406,-0.0034000000000000002
2022-12-30,1.3451,0.0034000000000000002
2022-12-31,1.345,-0.0001
2023-01-03,1.3631,0.0134
2023-01-04,1.3654,0.0017000000000000001
2023-01-05,1.382,0.012199999999999999
2023-01-06,1.3885,0.004699999999999999
2023-01-09,1.3955,0.005
2023-01-10,1.3947,-0.0006
2023-01-11,1.3934,-0.0009
2023-01-12,1.3943,0.0006
2023-01-13,1.404,0.006999999999999999
2023-01-16,1.4182,0.0101
2023-01-17,1.4202,0.0014000000000000002
2023-01-18,1.4212,0.0007000000000000001
2023-01-19,1.4296,0.0059
2023-01-20,1.4411,0.008
2023-01-30,1.4484,0.0051
2023-01-31,1.4434,-0.0034999999999999996
2023-02-01,1.4575,0.0098
2023-02-02,1.4537,-0.0026
2023-02-03,1.4416,-0.0083
2023-02-06,1.4292,-0.0086
2023-02-07,1.4351,0.0040999999999999995
2023-02-08,1.4259,-0.0064
2023-02-09,1.4459,0.013999999999999999
2023-02-10,1.4384,-0.0052
2023-02-13,1.4488,0.0072
2023-02-14,1.451,0.0015
2023-02-15,1.4453,-0.0039000000000000003
2023-02-16,1.4252,-0.0139
2023-02-17,1.4104,-0.0104
2023-02-20,1.4386,0.02
2023-02-21,1.4477,0.0063
2023-02-22,1.4414,-0.0044
2023-02-23,1.4419,0.0003
2023-02-24,1.4284,-0.009399999999999999
2023-02-27,1.4226,-0.0040999999999999995
2023-02-28,1.4314,0.0062
2023-03-01,1.4459,0.0101
2023-03-02,1.4411,-0.0033
2023-03-03,1.4467,0.0039000000000000003
2023-03-06,1.446,-0.0005
2023-03-07,1.4262,-0.0137
2023-03-08,1.4241,-0.0015
2023-03-09,1.4205,-0.0025
2023-03-10,1.4003,-0.014199999999999999
2023-03-13,1.4082,0.005600000000000001
2023-03-14,1.3973,-0.0077
2023-03-15,1.4045,0.0052
2023-03-16,1.3822,-0.0159
2023-03-17,1.3829,0.0005
2023-03-20,1.3755,-0.0054
2023-03-21,1.3913,0.0115
2023-03-22,1.3932,0.0014000000000000002
2023-03-23,1.4015,0.006
2023-03-24,1.395,-0.0046
2023-03-27,1.39,-0.0036
2023-03-28,1.3841,-0.0042
2023-03-29,1.3817,-0.0017000000000000001
2023-03-30,1.395,0.0096
2023-03-31,1.399,0.0029
2023-04-03,1.4084,0.0067
2023-04-04,1.4051,-0.0023
2023-04-06,1.4064,0.0009
2023-04-07,1.4118,0.0038
2023-04-10,1.4154,0.0025
2023-04-11,1.4143,-0.0008
2023-04-12,1.4094,-0.0034999999999999996
2023-04-13,1.4053,-0.0029
2023-04-14,1.4126,0.0052
2023-04-17,1.4298,0.012199999999999999
2023-04-18,1.4333,0.0024
2023-04-19,1.4239,-0.0066
2023-04-20,1.4151,-0.0062
2023-04-21,1.3892,-0.0183
2023-04-24,1.3737,-0.011200000000000002
2023-04-25,1.3602,-0.0098
2023-04-26,1.3746,0.0106
2023-04-27,1.3872,0.0092
2023-04-28,1.3901,0.0021
2023-05-04,1.3931,0.0022
2023-05-05,1.3859,-0.0052
2023-05-08,1.4003,0.0104
2023-05-09,1.3834,-0.0121
2023-05-10,1.379,-0.0032
2023-05-11,1.3772,-0.0013
2023-05-12,1.3606,-0.0121
2023-05-15,1.3787,0.013300000000000001
2023-05-16,1.3718,-0.005
2023-05-17,1.3689,-0.0021
2023-05-18,1.3659,-0.0022
2023-05-19,1.3652,-0.0005
2023-05-22,1.3738,0.0063
2023-05-23,1.3575,-0.011899999999999999
2023-05-24,1.3468,-0.0079
2023-05-25,1.3455,-0.001
2023-05-26,1.3466,0.0008
2023-05-29,1.3423,-0.0032
2023-05-30,1.3423,0.0
2023-05-31,1.3336,-0.006500000000000001
2023-06-01,1.3317,-0.0014000000000000002
2023-06-02,1.3491,0.0131
2023-06-05,1.3431,-0.0044
2023-06-06,1.3272,-0.0118
2023-06-07,1.3244,-0.0021
2023-06-08,1.3284,0.003
2023-06-09,1.3381,0.0073
2023-06-12,1.3439,0.0043
2023-06-13,1.3438,-0.0001
2023-06-14,1.3453,0.0011
2023-06-15,1.3617,0.012199999999999999
2023-06-16,1.3701,0.0062
2023-06-19,1.3609,-0.0067
2023-06-20,1.3557,-0.0038
2023-06-21,1.3412,-0.010700000000000001
2023-06-26,1.3266,-0.0109
2023-06-27,1.3477,0.0159
2023-06-28,1.3516,0.0029
2023-06-29,1.3543,0.002
2023-06-30,1.3679,0.01
2023-07-03,1.3876,0.0144
2023-07-04,1.3885,0.0006
2023-07-05,1.3779,-0.0076
2023-07-06,1.3723,-0.0040999999999999995
2023-07-07,1.3689,-0.0025
2023-07-10,1.3735,0.0034000000000000002
2023-07-11,1.3818,0.006
2023-07-12,1.3767,-0.0037
2023-07-13,1.3944,0.0129
2023-07-14,1.3902,-0.003
2023-07-17,1.3836,-0.004699999999999999
2023-07-18,1.3813,-0.0017000000000000001
2023-07-19,1.3793,-0.0014000000000000002
2023-07-20,1.368,-0.008199999999999999
2023-07-21,1.364,-0.0029
2023-07-24,1.3586,-0.004
2023-07-25,1.3871,0.021
2023-07-26,1.3828,-0.0031
2023-07-27,1.3773,-0.004
2023-07-28,1.3979,0.015
2023-07-31,1.407,0.006500000000000001
2023-08-01,1.402,-0.0036
2023-08-02,1.3966,-0.0039000000000000003
2023-08-03,1.4048,0.0059
2023-08-04,1.407,0.0016
2023-08-07,1.3948,-0.0087
2023-08-08,1.3906,-0.003
2023-08-09,1.3888,-0.0013
2023-08-10,1.3908,0.0014000000000000002
2023-08-11,1.3647,-0.018799999999999997
2023-08-14,1.3614,-0.0024
2023-08-15,1.3582,-0.0024
2023-08-16,1.3505,-0.005699999999999999
2023-08-17,1.3576,0.0053
2023-08-18,1.3436,-0.0103
2023-08-21,1.3268,-0.0125
2023-08-22,1.3359,0.0069
2023-08-23,1.3156,-0.0152
2023-08-24,1.3204,0.0036
2023-08-25,1.3128,-0.0058
2023-08-28,1.3245,0.0089
2023-08-29,1.3444,0.015
2023-08-30,1.3431,-0.001
2023-08-31,1.3362,-0.0051
2023-09-01,1.3448,0.0064
2023-09-04,1.3627,0.013300000000000001
2023-09-05,1.3547,-0.0059
2023-09-06,1.3537,-0.0007000000000000001
2023-09-07,1.3363,-0.0129
2023-09-08,1.3346,-0.0013
2023-09-11,1.3452,0.0079
2023-09-12,1.3419,-0.0025
2023-09-13,1.3334,-0.0063
2023-09-14,1.3321,-0.001
2023-09-15,1.3266,-0.0040999999999999995
2023-09-18,1.3298,0.0024
2023-09-19,1.3245,-0.004
2023-09-20,1.3185,-0.0045000000000000005
2023-09-21,1.3088,-0.0074
2023-09-22,1.3266,0.013600000000000001
2023-09-25,1.32,-0.005
2023-09-26,1.3154,-0.0034999999999999996
2023-09-27,1.3199,0.0034000000000000002
2023-09-28,1.3227,0.0021
2023-10-09,1.3171,-0.0042
2023-10-10,1.3044,-0.0096
2023-10-11,1.3015,-0.0022
2023-10-12,1.3135,0.0092
2023-10-13,1.3007,-0.0097
2023-10-16,1.2894,-0.0087
2023-10-17,1.2941,0.0036
2023-10-18,1.2797,-0.0111
2023-10-19,1.2601,-0.015300000000000001
2023-10-20,1.2538,-0.005
2023-10-23,1.2352,-0.0148
2023-10-24,1.2438,0.006999999999999999
2023-10-25,1.2481,0.0034999999999999996
2023-10-26,1.2544,0.005
2023-10-27,1.272,0.013999999999999999
2023-10-30,1.2732,0.0009
2023-10-31,1.2703,-0.0023
2023-11-01,1.2678,-0.002
2023-11-02,1.2581,-0.0077
2023-11-03,1.2683,0.008100000000000001
2023-11-06,1.2823,0.011000000000000001
2023-11-07,1.2765,-0.0045000000000000005
2023-11-08,1.2729,-0.0028000000000000004
2023-11-09,1.2735,0.0005
2023-11-10,1.2674,-0.0048
2023-11-13,1.2699,0.002
2023-11-14,1.2723,0.0019
2023-11-15,1.2821,0.0077
2023-11-16,1.2691,-0.0101
2023-11-17,1.2704,0.001
2023-11-20,1.2731,0.0021
2023-11-21,1.2732,0.0001
2023-11-22,1.2609,-0.0097
2023-11-23,1.2699,0.0070999999999999995
2023-11-24,1.2628,-0.005600000000000001
2023-11-27,1.2576,-0.0040999999999999995
2023-11-28,1.2602,0.0021
2023-11-29,1.2527,-0.006
2023-11-30,1.2528,0.0001
2023-12-01,1.2502,-0.0021
2023-12-04,1.2446,-0.0045000000000000005
2023-12-05,1.2238,-0.0167
2023-12-06,1.2269,0.0025
2023-12-07,1.2264,-0.0004
2023-12-08,1.2274,0.0008
2023-12-11,1.2344,0.005699999999999999
2023-12-12,1.238,0.0029
2023-12-13,1.2213,-0.013500000000000002
2023-12-14,1.2164,-0.004
2023-12-15,1.2139,-0.0021
2023-12-18,1.205,-0.0073
2023-12-19,1.2047,-0.0002
2023-12-20,1.1939,-0.009000000000000001
2023-12-21,1.2024,0.0070999999999999995
2023-12-22,1.2026,0.0002
2023-12-25,1.2056,0.0025
2023-12-26,1.1959,-0.008
2023-12-27,1.2037,0.006500000000000001
2023-12-28,1.2284,0.020499999999999997
2023-12-29,1.2365,0.0066
2023-12-31,1.2364,-0.0001
2024-01-02,1.23,-0.0052
2024-01-03,1.231,0.0008
2024-01-04,1.2225,-0.0069
2024-01-05,1.212,-0.0086
2024-01-08,1.1964,-0.0129
2024-01-09,1.2,0.003
2024-01-10,1.197,-0.0025
2024-01-11,1.2053,0.0069
2024-01-12,1.2029,-0.002
2024-01-15,1.2033,0.0003
2024-01-16,1.2072,0.0032
2024-01-17,1.1822,-0.0207
2024-01-18,1.1873,0.0043
2024-01-19,1.1806,-0.005600000000000001
2024-01-22,1.1403,-0.0341
2024-01-23,1.1514,0.0097
2024-01-24,1.169,0.015300000000000001
2024-01-25,1.2019,0.0281
2024-01-26,1.1982,-0.0031
2024-01-29,1.1839,-0.011899999999999999
2024-01-30,1.1616,-0.018799999999999997
2024-01-31,1.1431,-0.0159
2024-02-01,1.1389,-0.0037
2024-02-02,1.1212,-0.0155
2024-02-05,1.1163,-0.0044
2024-02-06,1.1605,0.039599999999999996
2024-02-07,1.1848,0.0209
2024-02-08,1.1888,0.0034000000000000002
2024-02-19,1.2006,0.009899999999999999
2024-02-20,1.2048,0.0034999999999999996
2024-02-21,1.2177,0.010700000000000001
2024-02-22,1.2295,0.0097
2024-02-23,1.2299,0.0003
2024-02-26,1.2213,-0.006999999999999999
2024-02-27,1.2343,0.0106
2024-02-28,1.2165,-0.0144
2024-02-29,1.2423,0.0212
2024-03-01,1.2487,0.0052
2024-03-04,1.2508,0.0017000000000000001
2024-03-05,1.2567,0.004699999999999999
2024-03-06,1.2536,-0.0025
2024-03-07,1.248,-0.0045000000000000005
2024-03-08,1.2555,0.006
2024-03-11,1.2636,0.006500000000000001
2024-03-12,1.2601,-0.0028000000000000004
2024-03-13,1.2521,-0.0063
2024-03-14,1.2491,-0.0024
2024-03-15,1.255,0.004699999999999999
2024-03-18,1.2668,0.009399999999999999
2024-03-19,1.2611,-0.0045000000000000005
2024-03-20,1.2632,0.0017000000000000001
2024-03-21,1.2609,-0.0018
2024-03-22,1.2499,-0.0087
2024-03-25,1.2438,-0.0049
2024-03-26,1.2478,0.0032
2024-03-27,1.2323,-0.0124
2024-03-28,1.2391,0.0055000000000000005
2024-03-29,1.2515,0.01
2024-04-01,1.2693,0.014199999999999999
2024-04-02,1.2687,-0.0005
2024-04-03,1.2664,-0.0018
2024-04-08,1.2531,-0.0105
2024-04-09,1.2516,-0.0012
2024-04-10,1.2432,-0.0067
2024-04-11,1.2486,0.0043
2024-04-12,1.2448,-0.003
2024-04-15,1.272,0.0219
2024-04-16,1.2565,-0.012199999999999999
2024-04-17,1.2787,0.0177
2024-04-18,1.2826,0.003
2024-04-19,1.2778,-0.0037
2024-04-22,1.2701,-0.006
2024-04-23,1.2536,-0.013000000000000001
2024-04-24,1.2619,0.0066
2024-04-25,1.2625,0.0005
2024-04-26,1.2735,0.0087
2024-04-29,1.2878,0.011200000000000002
2024-04-30,1.2807,-0.0055000000000000005
2024-05-06,1.3056,0.0194
2024-05-07,1.3088,0.0025
2024-05-08,1.2989,-0.0076
2024-05-09,1.3163,0.0134
2024-05-10,1.3187,0.0018
2024-05-13,1.3195,0.0006
2024-05-14,1.3196,0.0001
2024-05-15,1.3086,-0.0083
2024-05-16,1.3084,-0.0002
2024-05-17,1.3218,0.0102
2024-05-20,1.3305,0.0066
2024-05-21,1.3252,-0.004
2024-05-22,1.3228,-0.0018
2024-05-23,1.3051,-0.0134
2024-05-24,1.2945,-0.008100000000000001
2024-05-27,1.3102,0.0121
2024-05-28,1.2992,-0.0084
2024-05-29,1.298,-0.0009
2024-05-30,1.2904,-0.0059
2024-05-31,1.2903,-0.0001
2024-06-03,1.2856,-0.0036
2024-06-04,1.2961,0.008199999999999999
2024-06-05,1.2813,-0.011399999999999999
2024-06-06,1.2744,-0.0054
2024-06-07,1.2754,0.0008
2024-06-11,1.2664,-0.0070999999999999995
2024-06-12,1.272,0.0044
2024-06-13,1.2656,-0.005
2024-06-14,1.2716,0.004699999999999999
2024-06-17,1.2667,-0.0039000000000000003
2024-06-18,1.2735,0.0054
2024-06-19,1.2661,-0.0058
2024-06-20,1.2565,-0.0076
2024-06-21,1.2566,0.0001
2024-06-24,1.2368,-0.0158
2024-06-25,1.2324,-0.0036
2024-06-26,1.2462,0.011200000000000002
2024-06-27,1.2323,-0.011200000000000002
2024-06-28,1.2448,0.0101
2024-06-30,1.2447,-0.0001
2024-07-01,1.2581,0.0108
2024-07-02,1.2485,-0.0076
2024-07-03,1.2404,-0.006500000000000001
2024-07-04,1.2268,-0.011000000000000001
2024-07-05,1.227,0.0002
2024-07-08,1.2141,-0.0105
2024-07-09,1.2349,0.0171
2024-07-10,1.2277,-0.0058
2024-07-11,1.2437,0.013000000000000001
2024-07-12,1.2412,-0.002
2024-07-15,1.2387,-0.002
2024-07-16,1.2408,0.0017000000000000001
2024-07-17,1.2335,-0.0059
2024-07-18,1.2384,0.004
2024-07-19,1.2383,-0.0001
2024-07-22,1.2286,-0.0078000000000000005
2024-07-23,1.1986,-0.024399999999999998
2024-07-24,1.1886,-0.0083
2024-07-25,1.1824,-0.0052
2024-07-26,1.1912,0.0074
2024-07-29,1.1869,-0.0036
2024-07-30,1.1801,-0.005699999999999999
2024-07-31,1.2145,0.0292
2024-08-01,1.2084,-0.005
2024-08-02,1.1938,-0.0121
2024-08-05,1.1737,-0.0168
2024-08-06,1.1804,0.005699999999999999
2024-08-07,1.18,-0.0003
2024-08-08,1.1806,0.0005
2024-08-09,1.1766,-0.0034000000000000002
2024-08-12,1.1765,-0.0001
2024-08-13,1.1796,0.0026
2024-08-14,1.1679,-0.009899999999999999
2024-08-15,1.1772,0.008
2024-08-16,1.1778,0.0005
2024-08-19,1.1856,0.0066
2024-08-20,1.1714,-0.012
2024-08-21,1.1671,-0.0037
2024-08-22,1.1605,-0.005699999999999999
2024-08-23,1.1645,0.0034000000000000002
2024-08-26,1.1619,-0.0022
2024-08-27,1.1558,-0.0053
2024-08-28,1.1509,-0.0042
2024-08-29,1.1528,0.0017000000000000001
2024-08-30,1.167,0.0123
2024-09-02,1.1492,-0.015300000000000001
2024-09-03,1.1527,0.003
2024-09-04,1.1464,-0.0055000000000000005
2024-09-05,1.1499,0.0031
2024-09-06,1.1376,-0.010700000000000001
2024-09-09,1.1245,-0.0115
2024-09-10,1.1244,-0.0001
2024-09-11,1.1201,-0.0038
2024-09-12,1.1179,-0.002
2024-09-13,1.1108,-0.0064
2024-09-18,1.1173,0.0059
2024-09-19,1.1296,0.011000000000000001
2024-09-20,1.1279,-0.0015
2024-09-23,1.1319,0.0034999999999999996
2024-09-24,1.176,0.039
2024-09-25,1.1897,0.0116
2024-09-26,1.2384,0.0409
2024-09-27,1.2856,0.0381
2024-09-30,1.3957,0.08560000000000001
2024-10-08,1.4747,0.056600000000000004
2024-10-09,1.373,-0.069
2024-10-10,1.3895,0.012
2024-10-11,1.3508,-0.0279
2024-10-14,1.3828,0.023700000000000002
2024-10-15,1.3485,-0.0248
2024-10-16,1.3462,-0.0017000000000000001
2024-10-17,1.3336,-0.009399999999999999
2024-10-18,1.3727,0.029300000000000003
2024-10-21,1.3793,0.0048
2024-10-22,1.3868,0.0054
2024-10-23,1.3906,0.0027
2024-10-24,1.3783,-0.0088
2024-10-25,1.3853,0.0051
2024-10-28,1.3925,0.0052
2024-10-29,1.3777,-0.0106
2024-10-30,1.3708,-0.005
2024-10-31,1.3701,-0.0005
2024-11-01,1.365,-0.0037
2024-11-04,1.3845,0.0143
2024-11-05,1.4144,0.0216
2024-11-06,1.4096,-0.0034000000000000002
2024-11-07,1.4428,0.0236
2024-11-08,1.433,-0.0068000000000000005
2024-11-11,1.4413,0.0058
2024-11-12,1.4257,-0.0108
2024-11-13,1.4281,0.0017000000000000001
2024-11-14,1.4022,-0.0181
2024-11-15,1.3808,-0.015300000000000001
2024-11-18,1.3765,-0.0031
2024-11-19,1.39,0.0098
2024-11-20,1.397,0.005
2024-11-21,1.3981,0.0008
2024-11-22,1.3528,-0.032400000000000005
2024-11-25,1.3522,-0.0004
2024-11-26,1.3472,-0.0037
2024-11-27,1.3708,0.0175
2024-11-28,1.3614,-0.0069
2024-11-29,1.3796,0.0134
2024-12-02,1.3924,0.009300000000000001
2024-12-03,1.3974,0.0036
2024-12-04,1.3879,-0.0068000000000000005
2024-12-05,1.3864,-0.0011
2024-12-06,1.4039,0.0126
2024-12-09,1.4022,-0.0012
2024-12-10,1.4097,0.0053
2024-12-11,1.417,0.0052
2024-12-12,1.4349,0.0126
2024-12-13,1.4089,-0.0181
2024-12-16,1.3995,-0.0067
2024-12-17,1.3943,-0.0037
2024-12-18,1.3995,0.0037
2024-12-19,1.3978,-0.0012
2024-12-20,1.3949,-0.0021
2024-12-23,1.3892,-0.0040999999999999995
2024-12-24,1.4115,0.0161
2024-12-25,1.409,-0.0018
2024-12-26,1.4107,0.0012
2024-12-27,1.4123,0.0011
2024-12-30,1.4192,0.0049
2024-12-31,1.3938,-0.0179
2025-01-02,1.3576,-0.026000000000000002
2025-01-03,1.3452,-0.0091
2025-01-06,1.3498,0.0034000000000000002
2025-01-07,1.3577,0.0059
2025-01-08,1.3613,0.0027
2025-01-09,1.3532,-0.006
2025-01-10,1.3378,-0.011399999999999999
2025-01-13,1.3337,-0.0031
2025-01-14,1.3688,0.0263
2025-01-15,1.3613,-0.0055000000000000005
2025-01-16,1.3674,0.0045000000000000005
2025-01-17,1.3797,0.009000000000000001
2025-01-20,1.3837,0.0029
2025-01-21,1.385,0.0009
2025-01-22,1.3765,-0.0060999999999999995
2025-01-23,1.3772,0.0005
2025-01-24,1.3885,0.008199999999999999
2025-01-27,1.3881,-0.0003
2025-02-05,1.3734,-0.0106
2025-02-06,1.3896,0.0118
2025-02-07,1.4044,0.010700000000000001
2025-02-10,1.4054,0.0007000000000000001
2025-02-11,1.402,-0.0024
2025-02-12,1.4099,0.005600000000000001
2025-02-13,1.4004,-0.0067
2025-02-14,1.4102,0.006999999999999999
2025-02-17,1.4095,-0.0005
2025-02-18,1.3984,-0.0079
2025-02-19,1.4119,0.0097
2025-02-20,1.4108,-0.0008
2025-02-21,1.4227,0.0084
2025-02-24,1.4202,-0.0018
2025-02-25,1.41,-0.0072
2025-02-26,1.4258,0.011200000000000002
2025-02-27,1.4261,0.0002
2025-02-28,1.3983,-0.0195
2025-03-03,1.4064,0.0058
2025-03-04,1.4086,0.0016
2025-03-05,1.4138,0.0037
2025-03-06,1.4287,0.0105
2025-03-07,1.4259,-0.002
2025-03-10,1.4249,-0.0007000000000000001
2025-03-11,1.4275,0.0018
2025-03-12,1.4261,-0.001
2025-03-13,1.418,-0.005699999999999999
2025-03-14,1.4426,0.0173
2025-03-17,1.4456,0.0021
2025-03-18,1.4531,0.0052
2025-03-19,1.4535,0.0003
2025-03-20,1.4487,-0.0033
2025-03-21,1.4263,-0.0155
2025-03-24,1.4332,0.0048
2025-03-25,1.4336,0.0003
2025-03-26,1.4299,-0.0026
2025-03-27,1.4339,0.0028000000000000004
2025-03-28,1.4281,-0.004
2025-03-31,1.4175,-0.0074
2025-04-01,1.4201,0.0018
2025-04-02,1.4232,0.0022
2025-04-03,1.4082,-0.0105
2025-04-07,1.2964,-0.0794
2025-04-08,1.3139,0.013500000000000002
2025-04-09,1.3259,0.0091
2025-04-10,1.3505,0.018600000000000002
2025-04-11,1.36,0.006999999999999999
2025-04-14,1.3677,0.005699999999999999
2025-04-15,1.3702,0.0018
2025-04-16,1.3674,-0.002
2025-04-17,1.3681,0.0005
2025-04-18,1.369,0.0007000000000000001
2025-04-21,1.3788,0.0072
2025-04-22,1.3782,-0.0004
2025-04-23,1.3792,0.0007000000000000001
2025-04-24,1.3784,-0.0006
2025-04-25,1.3799,0.0011
2025-04-28,1.3766,-0.0024
2025-04-29,1.3737,-0.0021
2025-04-30,1.3719,-0.0013
2025-05-06,1.3833,0.0083
2025-05-07,1.391,0.005600000000000001
2025-05-08,1.3974,0.0046
2025-05-09,1.394,-0.0024
2025-05-12,1.4073,0.0095
2025-05-13,1.4095,0.0016
2025-05-14,1.4258,0.0116
2025-05-15,1.412,-0.0097
2025-05-16,1.4092,-0.002
2025-05-19,1.4078,-0.001
2025-05-20,1.414,0.0044
2025-05-21,1.4217,0.0054
2025-05-22,1.4193,-0.0017000000000000001
2025-05-23,1.4074,-0.0084
2025-05-26,1.4041,-0.0023
2025-05-27,1.3999,-0.003
2025-05-28,1.4012,0.0009
2025-05-29,1.4111,0.0070999999999999995
2025-05-30,1.4087,-0.0017000000000000001
2025-06-03,1.4175,0.0062
2025-06-04,1.4274,0.006999999999999999
2025-06-05,1.4281,0.0005
2025-06-06,1.4282,0.0001
2025-06-09,1.4354,0.005
2025-06-10,1.4302,-0.0036
2025-06-11,1.4421,0.0083
2025-06-12,1.445,0.002
2025-06-13,1.4388,-0.0043
2025-06-16,1.4437,0.0034000000000000002
2025-06-17,1.4437,0.0
2025-06-18,1.4429,-0.0006
2025-06-19,1.4279,-0.0104
2025-06-20,1.4306,0.0019
2025-06-23,1.4343,0.0026
2025-06-24,1.4487,0.01
2025-06-25,1.4655,0.0116
2025-06-26,1.4619,-0.0025
2025-06-27,1.4588,-0.0021
2025-06-30,1.4646,0.004
2025-07-01,1.4733,0.0059
2025-07-02,1.476,0.0018
2025-07-03,1.4828,0.0046
2025-07-04,1.4849,0.0014000000000000002
2025-07-07,1.4836,-0.0009
2025-07-08,1.4944,0.0073
2025-07-09,1.4893,-0.0034000000000000002
2025-07-10,1.4958,0.0044
2025-07-11,1.4975,0.0011
2025-07-14,1.5032,0.0038
2025-07-15,1.4985,-0.0031
2025-07-16,1.4949,-0.0024
2025-07-17,1.5005,0.0037
2025-07-18,1.508,0.005
2025-07-21,1.5241,0.010700000000000001
2025-07-22,1.5393,0.01
2025-07-23,1.5396,0.0002
2025-07-24,1.5497,0.0066
2025-07-25,1.5456,-0.0026
2025-07-28,1.5491,0.0023
2025-07-29,1.55,0.0006
2025-07-30,1.5542,0.0027
2025-07-31,1.5301,-0.0155
2025-08-01,1.5262,-0.0025
2025-08-04,1.5327,0.0043
2025-08-05,1.5473,0.0095
2025-08-06,1.5549,0.0049
2025-08-07,1.5543,-0.0004
2025-08-08,1.558,0.0024
2025-08-11,1.5602,0.0014000000000000002
2025-08-12,1.5712,0.0070999999999999995
2025-08-13,1.5851,0.0088
2025-08-14,1.5782,-0.0044
2025-08-15,1.5936,0.0098
2025-08-18,1.5971,0.0022
2025-08-19,1.5923,-0.003
2025-08-20,1.612,0.0124
2025-08-21,1.6137,0.0011
2025-08-22,1.6407,0.0167
2025-08-25,1.6753,0.021099999999999997
2025-08-26,1.6721,-0.0019
2025-08-27,1.65,-0.0132
2025-08-28,1.6668,0.0102
2025-08-29,1.6672,0.0002
2025-09-01,1.6792,0.0072
2025-09-02,1.663,-0.0096
2025-09-03,1.6278,-0.0212
2025-09-04,1.6323,0.0028000000000000004
2025-09-05,1.66,0.017
2025-09-08,1.6865,0.016
2025-09-09,1.6763,-0.006
2025-09-10,1.6848,0.0051
2025-09-11,1.7032,0.0109
2025-09-12,1.6965,-0.0039000000000000003
2025-09-15,1.6923,-0.0025
2025-09-16,1.7132,0.0124
2025-09-17,1.711,-0.0013
2025-09-18,1.6777,-0.0195
2025-09-19,1.6715,-0.0037
2025-09-22,1.6626,-0.0053
2025-09-23,1.6418,-0.0125
2025-09-24,1.6732,0.0191
2025-09-25,1.6601,-0.0078000000000000005
2025-09-26,1.6626,0.0015
2025-09-29,1.6815,0.011399999999999999
2025-09-30,1.6822,0.0004
2025-10-09,1.6801,-0.0012
2025-10-10,1.6905,0.0062
2025-10-13,1.688,-0.0015
2025-10-14,1.6845,-0.0021
2025-10-15,1.6982,0.008100000000000001
2025-10-16,1.6782,-0.0118
2025-10-17,1.6588,-0.0116
2025-10-20,1.6907,0.0192
2025-10-21,1.7253,0.020499999999999997
2025-10-22,1.7349,0.005600000000000001
2025-10-23,1.7472,0.0070999999999999995
2025-10-24,1.7576,0.006
2025-10-27,1.7573,-0.0002
2025-10-28,1.7648,0.0043
2025-10-29,1.7459,-0.010700000000000001
2025-10-30,1.735,-0.0062
2025-10-31,1.7588,0.0137
2025-11-03,1.7771,0.0104
2025-11-04,1.7778,0.0004
2025-11-05,1.7928,0.0084
2025-11-06,1.7959,0.0017000000000000001
2025-11-07,1.7995,0.002
2025-11-10,1.8061,0.0037
2025-11-11,1.8162,0.005600000000000001
2025-11-12,1.8148,-0.0008
2025-11-13,1.8327,0.009899999999999999
2025-11-14,1.8476,0.008100000000000001
2025-11-17,1.8565,0.0048
2025-11-18,1.8438,-0.0068000000000000005
2025-11-19,1.8003,-0.0236
2025-11-20,1.7879,-0.0069
2025-11-21,1.7095,-0.043899999999999995
2025-11-24,1.7461,0.021400000000000002
2025-11-25,1.7699,0.013600000000000001
2025-11-26,1.7543,-0.0088
2025-11-27,1.773,0.010700000000000001
2025-11-28,1.7984,0.0143
2025-12-01,1.797,-0.0008
2025-12-02,1.7906,-0.0036
2025-12-03,1.7744,-0.009000000000000001
2025-12-04,1.7496,-0.013999999999999999
2025-12-05,1.7807,0.0178
2025-12-08,1.7968,0.009000000000000001
2025-12-09,1.7829,-0.0077
2025-12-10,1.7665,-0.0092
2025-12-11,1.7255,-0.0232
2025-12-12,1.7047,-0.0121
2025-12-15,1.7118,0.0042
2025-12-16,1.6817,-0.0176
2025-12-17,1.6864,0.0028000000000000004
2025-12-18,1.716,0.0176
2025-12-19,1.7563,0.0235
2025-12-22,1.7521,-0.0024
2025-12-23,1.7433,-0.005
2025-12-24,1.7591,0.0091
2025-12-25,1.7773,0.0103
2025-12-26,1.7639,-0.0075
2025-12-29,1.7728,0.005
2025-12-30,1.7607,-0.0068000000000000005
2025-12-31,1.7685,0.0044
2026-01-05,1.7918,0.0132
2026-01-06,1.7944,0.0015
2026-01-07,1.7844,-0.005600000000000001
2026-01-08,1.8204,0.0202
2026-01-09,1.8429,0.0124
2026-01-12,1.8728,0.016200000000000003
2026-01-13,1.876,0.0017000000000000001
2026-01-14,1.8821,0.0033
2026-01-15,1.883,0.0005
2026-01-16,1.8803,-0.0014000000000000002
2026-01-19,1.9144,0.0181
2026-01-20,1.9184,0.0021
2026-01-21,1.9397,0.0111
2026-01-22,1.9574,0.0091
2026-01-23,1.9739,0.0084
2026-01-26,1.9597,-0.0072
2026-01-27,1.9555,-0.0021
2026-01-28,1.9356,-0.0102
2026-01-29,1.9258,-0.0051
2026-01-30,1.951,0.0131
2026-02-02,1.9251,-0.013300000000000001
2026-02-03,1.9569,0.0165
2026-02-04,1.9697,0.006500000000000001
2026-02-05,1.971,0.0007000000000000001
2026-02-06,1.9853,0.0073
2026-02-09,2.0137,0.0143
2026-02-10,2.0183,0.0023
2026-02-11,2.0156,-0.0013
2026-02-12,2.0009,-0.0073
2026-02-13,2.0026,0.0008
2026-02-24,2.0398,0.018600000000000002
2026-02-25,2.0452,0.0026
2026-02-26,2.0422,-0.0015
2026-02-27,2.0546,0.0060999999999999995
2026-03-02,1.9949,-0.0291
2026-03-03,1.947,-0.024
2026-03-04,1.9328,-0.0073
2026-03-05,1.9534,0.010700000000000001
2026-03-06,2.0157,0.0319
2026-03-09,1.9996,-0.008
2026-03-10,2.0526,0.0265
2026-03-11,2.0394,-0.0064
2026-03-12,2.0129,-0.013000000000000001
2026-03-13,2.0118,-0.0005
2026-03-16,2.0109,-0.0004
2026-03-17,1.9678,-0.021400000000000002
2026-03-18,2.0001,0.016399999999999998
2026-03-19,1.9453,-0.0274
2026-03-20,1.8836,-0.0317
2026-03-23,1.7759,-0.0572
2026-03-24,1.8576,0.046
2026-03-25,1.9004,0.023
2026-03-26,1.8739,-0.0139
2026-03-27,1.9033,0.015700000000000002
2026-03-30,1.9223,0.01
2026-03-31,1.8982,-0.0125
2026-04-01,1.9175,0.0102
2026-04-02,1.8831,-0.0179
2026-04-03,1.8306,-0.0279
2026-04-07,1.8728,0.0231
2026-04-08,1.9398,0.0358
2026-04-09,1.9072,-0.0168
2026-04-10,1.9271,0.0104
2026-04-13,1.9232,-0.002
2026-04-14,1.9277,0.0023
2026-04-15,1.9145,-0.0068000000000000005
2026-04-16,1.9558,0.0216
2026-04-17,1.9502,-0.0029
2026-04-20,1.9657,0.0079
2026-04-21,1.967,0.0007000000000000001
2026-04-22,1.9692,0.0011
2026-04-23,1.9508,-0.009300000000000001
2026-04-24,1.9675,0.0086
2026-04-27,1.9977,0.015300000000000001
2026-04-28,1.9913,-0.0032
2026-04-29,2.0243,0.0166
2026-04-30,2.0511,0.0132
2026-05-06,2.0614,0.005
2026-05-07,2.0664,0.0024
2026-05-08,2.0921,0.0124
2026-05-11,2.1074,0.0073
2026-05-12,2.0734,-0.0161
2026-05-13,2.0775,0.002
2026-05-14,2.0669,-0.0051
2026-05-15,2.0538,-0.0063
2026-05-18,2.0724,0.0091
2026-05-19,2.0754,0.0014000000000000002
2026-05-20,2.0574,-0.0087
2026-05-21,1.9838,-0.0358
2026-05-22,2.0288,0.0227
2026-05-25,1.997,-0.015700000000000002
2026-05-26,1.9527,-0.0222
2026-05-27,1.9027,-0.0256
2026-05-28,1.9103,0.004
2026-05-29,1.8588,-0.027000000000000003
2026-06-01,1.9147,0.0301
2026-06-02,1.8637,-0.026600000000000002
2026-06-03,1.839,-0.013300000000000001
2026-06-04,1.8084,-0.0166
2026-06-05,1.8389,0.0169
2026-06-08,1.7896,-0.0268
2026-06-09,1.8021,0.006999999999999999
2026-06-10,1.7828,-0.010700000000000001
2026-06-11,1.7602,-0.0127
2026-06-12,1.7789,0.0106
2026-06-15,1.7678,-0.0062
2026-06-16,1.7736,0.0033
2026-06-17,1.7405,-0.0187
2026-06-18,1.7351,-0.0031
2026-06-22,1.7496,0.0084
2026-06-23,1.7737,0.0138
2026-06-24,1.7164,-0.0323
2026-06-25,1.6752,-0.024
2026-06-26,1.6408,-0.020499999999999997
2026-06-29,1.6388,-0.0012
2026-06-30,1.6367,-0.0013
2026-07-01,1.6817,0.0275
2026-07-02,1.6808,-0.0005
2026-07-03,1.714,0.019799999999999998
2026-07-06,1.6935,-0.012
2026-07-07,1.6454,-0.028399999999999998
2026-07-08,1.6255,-0.0121
2026-07-09,1.6222,-0.002
2026-07-10,1.6578,0.0219
2026-07-13,1.5997,-0.035
2026-07-14,1.6372,0.023399999999999997
2026-07-15,1.6546,0.0106
2026-07-16,1.6695,0.009000000000000001
2026-07-17,1.6017,-0.0406
2026-07-20,1.546,-0.0348
2026-07-21,1.5266,-0.0125
2026-07-22,1.4966,-0.0197
2026-07-23,1.5467,0.0335
2026-07-24,1.513,-0.0218
2026-07-27,1.5702,0.0378
2026-07-28,1.5806,0.0066
2026-07-29,1.616,0.022400000000000003
2026-07-30,1.6021,-0.0086
2026-07-31,1.6412,0.024399999999999998
2026-08-03,1.6927,0.031400000000000004
2026-08-04,1.7133,0.012199999999999999
2026-08-05,1.7169,0.0021
2026-08-06,1.736,0.0111
2026-08-07,1.7413,0.0031
