date,nav,ret
2019-08-30,1.0001,0.0
2019-09-06,1.0003,0.0
2019-09-12,1.0006,0.0
2019-09-16,1.0008,0.0002
2019-09-17,1.0008,0.0
2019-09-18,1.0008,0.0
2019-09-19,1.0009,0.0001
2019-09-20,1.0009,0.0
2019-09-23,1.0011,0.0002
2019-09-24,1.0011,0.0
2019-09-25,1.0012,0.0001
2019-09-26,1.001,-0.0002
2019-09-27,1.001,0.0
2019-09-30,1.0012,0.0002
2019-10-08,1.0016,0.0004
2019-10-09,1.0017,0.0001
2019-10-10,1.002,0.000299
2019-10-11,1.002,0.0
2019-10-14,1.002,0.0
2019-10-15,1.0019,-0.0001
2019-10-16,1.0018,-0.0001
2019-10-17,1.0021,0.000299
2019-10-18,1.002,-0.0001
2019-10-21,1.0012,-0.000798
2019-10-22,1.0013,0.0001
2019-10-23,1.0011,-0.0002
2019-10-24,1.0011,0.0
2019-10-25,1.001,-0.0001
2019-10-28,1.0012,0.0002
2019-10-29,1.0011,-0.0001
2019-10-30,1.0008,-0.0003
2019-10-31,1.0004,-0.0004
2019-11-01,1.0005,0.0001
2019-11-04,1.0011,0.0006
2019-11-05,1.0013,0.0002
2019-11-06,1.0014,0.0001
2019-11-07,1.0018,0.000399
2019-11-08,1.002,0.0002
2019-11-11,1.002,0.0
2019-11-12,1.0021,0.0001
2019-11-13,1.0021,0.0
2019-11-14,1.0024,0.000299
2019-11-15,1.0024,0.0
2019-11-18,1.0028,0.000399
2019-11-19,1.0035,0.000698
2019-11-20,1.0037,0.000199
2019-11-21,1.004,0.000299
2019-11-22,1.0031,-0.000896
2019-11-25,1.0032,0.0001
2019-11-26,1.0037,0.000498
2019-11-27,1.0037,0.0
2019-11-28,1.004,0.000299
2019-11-29,1.0045,0.000498
2019-12-02,1.0046,0.0001
2019-12-03,1.0045,-0.0001
2019-12-04,1.0046,0.0001
2019-12-05,1.0047,0.0001
2019-12-06,1.0052,0.000498
2019-12-09,1.0053,9.900000000000001e-05
2019-12-10,1.0053,0.0
2019-12-11,1.0054,9.900000000000001e-05
2019-12-12,1.0055,9.900000000000001e-05
2019-12-13,1.0056,9.900000000000001e-05
2019-12-16,1.0057,9.900000000000001e-05
2019-12-17,1.0058,9.900000000000001e-05
2019-12-18,1.0058,0.0
2019-12-19,1.0057,-9.900000000000001e-05
2019-12-20,1.0058,9.900000000000001e-05
2019-12-23,1.006,0.000199
2019-12-24,1.007,0.000994
2019-12-25,1.0072,0.000199
2019-12-26,1.0077,0.000496
2019-12-27,1.0079,0.00019800000000000002
2019-12-30,1.008,9.900000000000001e-05
2019-12-31,1.0083,0.000298
2020-01-02,1.0091,0.000793
2020-01-03,1.0097,0.0005949999999999999
2020-01-06,1.0104,0.000693
2020-01-07,1.0117,0.0012870000000000002
2020-01-08,1.0113,-0.000395
2020-01-09,1.0118,0.000494
2020-01-10,1.0123,0.000494
2020-01-13,1.0134,0.001087
2020-01-14,1.014,0.0005920000000000001
2020-01-15,1.0137,-0.00029600000000000004
2020-01-16,1.0132,-0.000493
2020-01-17,1.0138,0.0005920000000000001
2020-01-20,1.016,0.00217
2020-01-21,1.0176,0.001575
2020-01-22,1.018,0.000393
2020-01-23,1.0175,-0.000491
2020-02-03,1.0165,-0.000983
2020-02-04,1.0182,0.0016719999999999999
2020-02-05,1.0194,0.0011790000000000001
2020-02-06,1.0222,0.002747
2020-02-07,1.0226,0.000391
2020-02-10,1.0259,0.003227
2020-02-11,1.0249,-0.0009750000000000001
2020-02-12,1.0261,0.001171
2020-02-13,1.0261,0.0
2020-02-14,1.026,-9.7e-05
2020-02-17,1.0262,0.000195
2020-02-18,1.0261,-9.7e-05
2020-02-19,1.0261,0.0
2020-02-20,1.0257,-0.00039
2020-02-21,1.0261,0.00039
2020-02-24,1.0264,0.000292
2020-02-25,1.0265,9.7e-05
2020-02-26,1.0267,0.000195
2020-02-27,1.0273,0.000584
2020-02-28,1.0276,0.000292
2020-03-02,1.0278,0.000195
2020-03-03,1.0278,0.0
2020-03-04,1.029,0.001168
2020-03-05,1.0291,9.7e-05
2020-03-06,1.0301,0.000972
2020-03-09,1.0319,0.0017469999999999999
2020-03-10,1.0306,-0.00126
2020-03-11,1.0305,-9.7e-05
2020-03-12,1.0302,-0.000291
2020-03-13,1.0297,-0.000485
2020-03-16,1.0297,0.0
2020-03-17,1.0291,-0.000583
2020-03-18,1.0292,9.7e-05
2020-03-19,1.0293,9.7e-05
2020-03-20,1.03,0.00068
2020-03-23,1.031,0.0009710000000000001
2020-03-24,1.0322,0.001164
2020-03-25,1.0326,0.000388
2020-03-26,1.0338,0.001162
2020-03-27,1.0335,-0.00029
2020-03-30,1.0337,0.000194
2020-03-31,1.0347,0.000967
2020-04-01,1.0354,0.000677
2020-04-02,1.0357,0.00029
2020-04-03,1.0359,0.000193
2020-04-07,1.0414,0.005309
2020-04-08,1.0444,0.0028810000000000003
2020-04-09,1.0445,9.599999999999999e-05
2020-04-10,1.0439,-0.000574
2020-04-13,1.0434,-0.000479
2020-04-14,1.0439,0.000479
2020-04-15,1.0446,0.000671
2020-04-16,1.0451,0.000479
2020-04-17,1.0449,-0.00019099999999999998
2020-04-20,1.045,9.599999999999999e-05
2020-04-21,1.0456,0.000574
2020-04-22,1.0465,0.000861
2020-04-23,1.0476,0.001051
2020-04-24,1.048,0.00038199999999999996
2020-04-27,1.0474,-0.0005729999999999999
2020-04-28,1.0477,0.000286
2020-04-29,1.0479,0.00019099999999999998
2020-04-30,1.0477,-0.00019099999999999998
2020-05-06,1.0471,-0.0005729999999999999
2020-05-07,1.0454,-0.0016239999999999998
2020-05-08,1.0447,-0.00067
2020-05-11,1.0436,-0.0010530000000000001
2020-05-12,1.0425,-0.001054
2020-05-13,1.0429,0.00038399999999999996
2020-05-14,1.0428,-9.599999999999999e-05
2020-05-15,1.043,0.00019199999999999998
2020-05-18,1.0435,0.000479
2020-05-19,1.0428,-0.000671
2020-05-20,1.0423,-0.000479
2020-05-21,1.0423,0.0
2020-05-22,1.0428,0.00048
2020-05-25,1.0423,-0.000479
2020-05-26,1.041,-0.001247
2020-05-27,1.0397,-0.001249
2020-05-28,1.0393,-0.000385
2020-05-29,1.0393,0.0
2020-06-01,1.0397,0.000385
2020-06-02,1.0375,-0.0021160000000000003
2020-06-03,1.0339,-0.0034699999999999996
2020-06-04,1.033,-0.0008699999999999999
2020-06-05,1.0312,-0.0017419999999999998
2020-06-08,1.0309,-0.000291
2020-06-09,1.0314,0.000485
2020-06-10,1.0315,9.7e-05
2020-06-11,1.0314,-9.7e-05
2020-06-12,1.0327,0.00126
2020-06-15,1.0331,0.000387
2020-06-16,1.0336,0.000484
2020-06-17,1.0332,-0.000387
2020-06-18,1.0337,0.000484
2020-06-19,1.0343,0.00058
2020-06-22,1.0328,-0.00145
2020-06-23,1.0315,-0.0012590000000000001
2020-06-24,1.0324,0.0008730000000000001
2020-06-29,1.0328,0.000387
2020-06-30,1.0334,0.000581
2020-07-01,1.0341,0.000677
2020-07-02,1.0349,0.000774
2020-07-03,1.0354,0.00048300000000000003
2020-07-06,1.0366,0.001159
2020-07-07,1.0363,-0.000289
2020-07-08,1.0356,-0.000675
2020-07-09,1.0365,0.0008690000000000001
2020-07-10,1.0357,-0.000772
2020-07-13,1.0373,0.001545
2020-07-14,1.035,-0.0022170000000000002
2020-07-15,1.0347,-0.00029
2020-07-16,1.0335,-0.00116
2020-07-17,1.034,0.000484
2020-07-20,1.0352,0.001161
2020-07-21,1.0376,0.002318
2020-07-22,1.0387,0.00106
2020-07-23,1.0385,-0.000193
2020-07-24,1.0375,-0.000963
2020-07-27,1.0375,0.0
2020-07-28,1.0402,0.0026019999999999997
2020-07-29,1.0418,0.0015379999999999999
2020-07-30,1.0414,-0.00038399999999999996
2020-07-31,1.0419,0.00048
2020-08-03,1.0433,0.001344
2020-08-04,1.0443,0.000958
2020-08-05,1.0459,0.001532
2020-08-06,1.0457,-0.00019099999999999998
2020-08-07,1.0445,-0.001148
2020-08-10,1.0444,-9.599999999999999e-05
2020-08-11,1.0434,-0.000957
2020-08-12,1.042,-0.001342
2020-08-13,1.0424,0.00038399999999999996
2020-08-14,1.0431,0.000672
2020-08-17,1.0442,0.001055
2020-08-18,1.0447,0.000479
2020-08-19,1.0426,-0.00201
2020-08-20,1.0414,-0.001151
2020-08-21,1.0422,0.0007679999999999999
2020-08-24,1.0434,0.0012
2020-08-25,1.0431,-0.0003
2020-08-26,1.0414,-0.0016
2020-08-27,1.0416,0.0002
2020-08-28,1.0423,0.0007000000000000001
2020-08-31,1.0431,0.0008
2020-09-01,1.0438,0.0007000000000000001
2020-09-02,1.0448,0.001
2020-09-03,1.0439,-0.0009
2020-09-04,1.0431,-0.0008
2020-09-07,1.0386,-0.0043
2020-09-08,1.0374,-0.0012
2020-09-09,1.0349,-0.0024
2020-09-10,1.0345,-0.0004
2020-09-11,1.0377,0.0031
2020-09-14,1.0386,0.0009
2020-09-15,1.0391,0.0005
2020-09-16,1.0392,0.0001
2020-09-17,1.0389,-0.0003
2020-09-18,1.0389,0.0
2020-09-21,1.0383,-0.0006
2020-09-22,1.038,-0.0003
2020-09-23,1.0386,0.0006
2020-09-24,1.0373,-0.0013
2020-09-25,1.0373,0.0
2020-09-28,1.0383,0.001
2020-09-29,1.0402,0.0018
2020-09-30,1.0413,0.0011
2020-10-09,1.047,0.0055000000000000005
2020-10-12,1.0472,0.0002
2020-10-13,1.0484,0.0011
2020-10-14,1.048,-0.0004
2020-10-15,1.0469,-0.001
2020-10-16,1.047,0.0001
2020-10-19,1.0455,-0.0014000000000000002
2020-10-20,1.0472,0.0016
2020-10-21,1.0463,-0.0009
2020-10-22,1.046,-0.0003
2020-10-23,1.0436,-0.0023
2020-10-26,1.0444,0.0008
2020-10-27,1.0472,0.0027
2020-10-28,1.0485,0.0012
2020-10-29,1.0516,0.003
2020-10-30,1.0501,-0.0014000000000000002
2020-11-02,1.0522,0.002
2020-11-03,1.0517,-0.0005
2020-11-04,1.0509,-0.0008
2020-11-05,1.0521,0.0011
2020-11-06,1.0511,-0.001
2020-11-09,1.0511,0.0
2020-11-10,1.0496,-0.0014000000000000002
2020-11-11,1.0492,-0.0004
2020-11-12,1.0495,0.0003
2020-11-13,1.0488,-0.0007000000000000001
2020-11-16,1.0477,-0.001
2020-11-17,1.0457,-0.0019
2020-11-18,1.0444,-0.0012
2020-11-19,1.0452,0.0008
2020-11-20,1.0462,0.001
2020-11-23,1.0467,0.0005
2020-11-24,1.0459,-0.0008
2020-11-25,1.0444,-0.0014000000000000002
2020-11-26,1.045,0.0006
2020-11-27,1.0457,0.0007000000000000001
2020-11-30,1.0453,-0.0004
2020-12-01,1.0465,0.0011
2020-12-02,1.0468,0.0003
2020-12-03,1.0468,0.0
2020-12-04,1.0466,-0.0002
2020-12-07,1.0471,0.0005
2020-12-08,1.0477,0.0006
2020-12-09,1.0473,-0.0004
2020-12-10,1.0481,0.0008
2020-12-11,1.0479,-0.0002
2020-12-14,1.0491,0.0011
2020-12-15,1.0521,0.0029
2020-12-16,1.052,-0.0001
2020-12-17,1.0524,0.0004
2020-12-18,1.0524,0.0
2020-12-21,1.0554,0.0029
2020-12-22,1.0548,-0.0006
2020-12-23,1.0568,0.0019
2020-12-24,1.0567,-0.0001
2020-12-25,1.0581,0.0013
2020-12-28,1.0592,0.001
2020-12-29,1.0577,-0.0014000000000000002
2020-12-30,1.0589,0.0011
2020-12-31,1.0609,0.0019
2021-01-04,1.0614,0.0005
2021-01-05,1.0626,0.0011
2021-01-06,1.0641,0.0014000000000000002
2021-01-07,1.0655,0.0013
2021-01-08,1.0641,-0.0013
2021-01-11,1.0638,-0.0003
2021-01-12,1.0664,0.0024
2021-01-13,1.0661,-0.0003
2021-01-14,1.0636,-0.0023
2021-01-15,1.0633,-0.0003
2021-01-18,1.0639,0.0006
2021-01-19,1.0621,-0.0017000000000000001
2021-01-20,1.0628,0.0007000000000000001
2021-01-21,1.0643,0.0014000000000000002
2021-01-22,1.0672,0.0027
2021-01-25,1.0687,0.0014000000000000002
2021-01-26,1.0695,0.0007000000000000001
2021-01-27,1.0694,-0.0001
2021-01-28,1.0658,-0.0034000000000000002
2021-01-29,1.0651,-0.0007000000000000001
2021-02-01,1.0676,0.0023
2021-02-02,1.0708,0.003
2021-02-03,1.0707,-0.0001
2021-02-04,1.0687,-0.0019
2021-02-05,1.0686,-0.0001
2021-02-08,1.072,0.0032
2021-02-09,1.0753,0.0031
2021-02-10,1.0748,-0.0005
2021-02-18,1.0781,0.0031
2021-02-19,1.0763,-0.0017000000000000001
2021-02-22,1.0744,-0.0018
2021-02-23,1.0739,-0.0005
2021-02-24,1.0729,-0.0009
2021-02-25,1.0727,-0.0002
2021-02-26,1.0712,-0.0014000000000000002
2021-03-01,1.0721,0.0008
2021-03-02,1.0718,-0.0003
2021-03-03,1.0731,0.0012
2021-03-04,1.0709,-0.0021
2021-03-05,1.0695,-0.0013
2021-03-08,1.0669,-0.0024
2021-03-09,1.066,-0.0008
2021-03-10,1.0661,0.0001
2021-03-11,1.0688,0.0025
2021-03-12,1.069,0.0002
2021-03-15,1.0662,-0.0026
2021-03-16,1.0665,0.0003
2021-03-17,1.0676,0.001
2021-03-18,1.0711,0.0033
2021-03-19,1.0697,-0.0013
2021-03-22,1.0693,-0.0004
2021-03-23,1.0675,-0.0017000000000000001
2021-03-24,1.0629,-0.0043
2021-03-25,1.0639,0.0009
2021-03-26,1.0657,0.0017000000000000001
2021-03-29,1.0673,0.0015
2021-03-30,1.068,0.0007000000000000001
2021-03-31,1.0665,-0.0014000000000000002
2021-04-01,1.0669,0.0004
2021-04-02,1.0686,0.0016
2021-04-06,1.0692,0.0006
2021-04-07,1.0684,-0.0007000000000000001
2021-04-08,1.0701,0.0016
2021-04-09,1.07,-0.0001
2021-04-12,1.0662,-0.0036
2021-04-13,1.0659,-0.0003
2021-04-14,1.0666,0.0007000000000000001
2021-04-15,1.0657,-0.0008
2021-04-16,1.0662,0.0005
2021-04-19,1.0673,0.001
2021-04-20,1.0677,0.0004
2021-04-21,1.0678,0.0001
2021-04-22,1.0682,0.0004
2021-04-23,1.0681,-0.0001
2021-04-26,1.069,0.0008
2021-04-27,1.0689,-0.0001
2021-04-28,1.0692,0.0003
2021-04-29,1.0695,0.0003
2021-04-30,1.0704,0.0008
2021-05-06,1.0708,0.0004
2021-05-07,1.0695,-0.0012
2021-05-10,1.07,0.0005
2021-05-11,1.0695,-0.0005
2021-05-12,1.0697,0.0002
2021-05-13,1.0683,-0.0013
2021-05-14,1.0689,0.0006
2021-05-17,1.0709,0.0019
2021-05-18,1.071,0.0001
2021-05-19,1.0712,0.0002
2021-05-20,1.071,-0.0002
2021-05-21,1.0711,0.0001
2021-05-24,1.0715,0.0004
2021-05-25,1.0732,0.0016
2021-05-26,1.0733,0.0001
2021-05-27,1.0738,0.0005
2021-05-28,1.0738,0.0
2021-05-31,1.0749,0.001
2021-06-01,1.0751,0.0002
2021-06-02,1.0745,-0.0006
2021-06-03,1.0741,-0.0004
2021-06-04,1.0742,0.0001
2021-06-07,1.0742,0.0
2021-06-08,1.0727,-0.0014000000000000002
2021-06-09,1.0722,-0.0005
2021-06-10,1.0736,0.0013
2021-06-11,1.0741,0.0005
2021-06-15,1.0733,-0.0007000000000000001
2021-06-16,1.0718,-0.0014000000000000002
2021-06-17,1.0729,0.001
2021-06-18,1.0735,0.0006
2021-06-21,1.0743,0.0007000000000000001
2021-06-22,1.0748,0.0005
2021-06-23,1.0765,0.0016
2021-06-24,1.0762,-0.0003
2021-06-25,1.0777,0.0014000000000000002
2021-06-28,1.0784,0.0006
2021-06-29,1.0782,-0.0002
2021-06-30,1.0789,0.0006
2021-07-01,1.0796,0.0006
2021-07-02,1.0778,-0.0017000000000000001
2021-07-05,1.0778,0.0
2021-07-06,1.0776,-0.0002
2021-07-07,1.0801,0.0023
2021-07-08,1.0813,0.0011
2021-07-09,1.0811,-0.0002
2021-07-12,1.0848,0.0034000000000000002
2021-07-13,1.0856,0.0007000000000000001
2021-07-14,1.0848,-0.0007000000000000001
2021-07-15,1.0854,0.0006
2021-07-16,1.0847,-0.0006
2021-07-19,1.0842,-0.0005
2021-07-20,1.0857,0.0014000000000000002
2021-07-21,1.0891,0.0031
2021-07-22,1.09,0.0008
2021-07-23,1.0905,0.0005
2021-07-26,1.0897,-0.0007000000000000001
2021-07-27,1.0863,-0.0031
2021-07-28,1.0847,-0.0015
2021-07-29,1.09,0.0049
2021-07-30,1.0905,0.0005
2021-08-02,1.0934,0.0027
2021-08-03,1.0913,-0.0019
2021-08-04,1.0942,0.0027
2021-08-05,1.0953,0.001
2021-08-06,1.0963,0.0009
2021-08-09,1.0945,-0.0016
2021-08-10,1.0971,0.0024
2021-08-11,1.1015,0.004
2021-08-12,1.1013,-0.0002
2021-08-13,1.1031,0.0016
2021-08-16,1.1004,-0.0024
2021-08-17,1.0977,-0.0025
2021-08-18,1.0988,0.001
2021-08-19,1.0995,0.0006
2021-08-20,1.1001,0.0005
2021-08-23,1.1007,0.0005
2021-08-24,1.1013,0.0005
2021-08-25,1.1016,0.0003
2021-08-26,1.1017,0.0001
2021-08-27,1.1027,0.0009
2021-08-30,1.1035,0.0007000000000000001
2021-08-31,1.1042,0.0006
2021-09-01,1.1046,0.0004
2021-09-02,1.1074,0.0025
2021-09-03,1.1066,-0.0007000000000000001
2021-09-06,1.1072,0.0005
2021-09-07,1.1092,0.0018
2021-09-08,1.109,-0.0002
2021-09-09,1.1083,-0.0006
2021-09-10,1.1076,-0.0006
2021-09-13,1.1066,-0.0009
2021-09-14,1.1063,-0.0003
2021-09-15,1.1072,0.0008
2021-09-16,1.1034,-0.0034000000000000002
2021-09-17,1.1038,0.0004
2021-09-22,1.1054,0.0014000000000000002
2021-09-23,1.1058,0.0004
2021-09-24,1.105,-0.0007000000000000001
2021-09-27,1.1017,-0.003
2021-09-28,1.1017,0.0
2021-09-29,1.0992,-0.0023
2021-09-30,1.1017,0.0023
2021-10-08,1.1011,-0.0005
2021-10-11,1.099,-0.0019
2021-10-12,1.096,-0.0027
2021-10-13,1.0964,0.0004
2021-10-14,1.098,0.0015
2021-10-15,1.0989,0.0008
2021-10-18,1.0995,0.0005
2021-10-19,1.1012,0.0015
2021-10-20,1.1013,0.0001
2021-10-21,1.1021,0.0007000000000000001
2021-10-22,1.1013,-0.0007000000000000001
2021-10-25,1.1037,0.0022
2021-10-26,1.1048,0.001
2021-10-27,1.107,0.002
2021-10-28,1.1064,-0.0005
2021-10-29,1.1102,0.0034000000000000002
2021-11-01,1.1108,0.0005
2021-11-02,1.111,0.0002
2021-11-03,1.1114,0.0004
2021-11-04,1.1125,0.001
2021-11-05,1.1116,-0.0008
2021-11-08,1.1128,0.0011
2021-11-09,1.1144,0.0014000000000000002
2021-11-10,1.1146,0.0002
2021-11-11,1.1164,0.0016
2021-11-12,1.1178,0.0013
2021-11-15,1.1178,0.0
2021-11-16,1.1156,-0.002
2021-11-17,1.1159,0.0003
2021-11-18,1.117,0.001
2021-11-19,1.1202,0.0029
2021-11-22,1.1231,0.0026
2021-11-23,1.1219,-0.0011
2021-11-24,1.123,0.001
2021-11-25,1.1228,-0.0002
2021-11-26,1.1244,0.0014000000000000002
2021-11-29,1.1261,0.0015
2021-11-30,1.1258,-0.0003
2021-12-01,1.127,0.0011
2021-12-02,1.1266,-0.0004
2021-12-03,1.1279,0.0012
2021-12-06,1.1272,-0.0006
2021-12-07,1.1247,-0.0022
2021-12-08,1.1255,0.0007000000000000001
2021-12-09,1.1263,0.0007000000000000001
2021-12-10,1.1273,0.0009
2021-12-13,1.1278,0.0004
2021-12-14,1.1277,-0.0001
2021-12-15,1.1278,0.0001
2021-12-16,1.1282,0.0004
2021-12-17,1.1281,-0.0001
2021-12-20,1.1266,-0.0013
2021-12-21,1.1271,0.0004
2021-12-22,1.1283,0.0011
2021-12-23,1.1293,0.0009
2021-12-24,1.1284,-0.0008
2021-12-27,1.128,-0.0004
2021-12-28,1.1286,0.0005
2021-12-29,1.1282,-0.0004
2021-12-30,1.1294,0.0011
2021-12-31,1.1299,0.0004
2022-01-04,1.1295,-0.0004
2022-01-05,1.1281,-0.0012
2022-01-06,1.1277,-0.0004
2022-01-07,1.1266,-0.001
2022-01-10,1.1267,0.0001
2022-01-11,1.1247,-0.0018
2022-01-12,1.1271,0.0021
2022-01-13,1.1251,-0.0018
2022-01-14,1.1247,-0.0004
2022-01-17,1.1271,0.0021
2022-01-18,1.1289,0.0016
2022-01-19,1.129,0.0001
2022-01-20,1.1278,-0.0011
2022-01-21,1.1288,0.0009
2022-01-24,1.1317,0.0026
2022-01-25,1.1287,-0.0027
2022-01-26,1.1292,0.0004
2022-01-27,1.1267,-0.0022
2022-01-28,1.1265,-0.0002
2022-02-07,1.1293,0.0025
2022-02-08,1.1283,-0.0009
2022-02-09,1.1309,0.0023
2022-02-10,1.131,0.0001
2022-02-11,1.1277,-0.0029
2022-02-14,1.1215,-0.0055000000000000005
2022-02-15,1.1195,-0.0018
2022-02-16,1.12,0.0004
2022-02-17,1.1214,0.0012
2022-02-18,1.1219,0.0004
2022-02-21,1.1213,-0.0005
2022-02-22,1.12,-0.0012
2022-02-23,1.1221,0.0019
2022-02-24,1.1224,0.0003
2022-02-25,1.124,0.0014000000000000002
2022-02-28,1.1248,0.0007000000000000001
2022-03-01,1.1249,0.0001
2022-03-02,1.124,-0.0008
2022-03-03,1.1215,-0.0022
2022-03-04,1.12,-0.0013
2022-03-07,1.1167,-0.0029
2022-03-08,1.1138,-0.0026
2022-03-09,1.1126,-0.0011
2022-03-10,1.1148,0.002
2022-03-11,1.1148,0.0
2022-03-14,1.1152,0.0004
2022-03-15,1.1107,-0.004
2022-03-16,1.1144,0.0033
2022-03-17,1.1167,0.0021
2022-03-18,1.118,0.0012
2022-03-21,1.1176,-0.0004
2022-03-22,1.1157,-0.0017000000000000001
2022-03-23,1.1161,0.0004
2022-03-24,1.1144,-0.0015
2022-03-25,1.1132,-0.0011
2022-03-28,1.1117,-0.0013
2022-03-29,1.1124,0.0006
2022-03-30,1.1157,0.003
2022-03-31,1.1152,-0.0004
2022-04-01,1.1177,0.0022
2022-04-06,1.1181,0.0004
2022-04-07,1.1167,-0.0013
2022-04-08,1.1166,-0.0001
2022-04-11,1.113,-0.0032
2022-04-12,1.1135,0.0004
2022-04-13,1.1131,-0.0004
2022-04-14,1.1147,0.0014000000000000002
2022-04-15,1.1156,0.0008
2022-04-18,1.1157,0.0001
2022-04-19,1.1157,0.0
2022-04-20,1.1142,-0.0013
2022-04-21,1.1129,-0.0012
2022-04-22,1.113,0.0001
2022-04-25,1.1105,-0.0022
2022-04-26,1.1099,-0.0005
2022-04-27,1.1127,0.0025
2022-04-28,1.113,0.0003
2022-04-29,1.1159,0.0026
2022-05-05,1.1179,0.0018
2022-05-06,1.1166,-0.0012
2022-05-09,1.1172,0.0005
2022-05-10,1.1192,0.0018
2022-05-11,1.1212,0.0018
2022-05-12,1.1221,0.0008
2022-05-13,1.1228,0.0006
2022-05-16,1.1229,0.0001
2022-05-17,1.1245,0.0014000000000000002
2022-05-18,1.1256,0.001
2022-05-19,1.1266,0.0009
2022-05-20,1.127,0.0004
2022-05-23,1.1281,0.001
2022-05-24,1.1259,-0.002
2022-05-25,1.1264,0.0004
2022-05-26,1.1281,0.0015
2022-05-27,1.1283,0.0002
2022-05-30,1.1276,-0.0006
2022-05-31,1.1268,-0.0007000000000000001
2022-06-01,1.1259,-0.0008
2022-06-02,1.1259,0.0
2022-06-06,1.1266,0.0006
2022-06-07,1.1268,0.0002
2022-06-08,1.1273,0.0004
2022-06-09,1.1272,-0.0001
2022-06-10,1.1291,0.0017000000000000001
2022-06-13,1.1288,-0.0003
2022-06-14,1.1285,-0.0003
2022-06-15,1.1293,0.0007000000000000001
2022-06-16,1.1302,0.0008
2022-06-17,1.1318,0.0014000000000000002
2022-06-20,1.1318,0.0
2022-06-21,1.1311,-0.0006
2022-06-22,1.1305,-0.0005
2022-06-23,1.1323,0.0016
2022-06-24,1.1333,0.0009
2022-06-27,1.134,0.0006
2022-06-28,1.1351,0.001
2022-06-29,1.1343,-0.0007000000000000001
2022-06-30,1.1358,0.0013
2022-07-01,1.137,0.0011
2022-07-04,1.137,0.0
2022-07-05,1.1371,0.0001
2022-07-06,1.1354,-0.0015
2022-07-07,1.1363,0.0008
2022-07-08,1.1361,-0.0002
2022-07-11,1.135,-0.001
2022-07-12,1.1353,0.0003
2022-07-13,1.1359,0.0005
2022-07-14,1.1373,0.0012
2022-07-15,1.1375,0.0002
2022-07-18,1.1398,0.002
2022-07-19,1.1405,0.0006
2022-07-20,1.1423,0.0016
2022-07-21,1.1417,-0.0005
2022-07-22,1.1409,-0.0007000000000000001
2022-07-25,1.1407,-0.0002
2022-07-26,1.1428,0.0018
2022-07-27,1.1434,0.0005
2022-07-28,1.1443,0.0008
2022-07-29,1.1447,0.0003
2022-08-01,1.1464,0.0015
2022-08-02,1.1453,-0.001
2022-08-03,1.1454,0.0001
2022-08-04,1.1465,0.001
2022-08-05,1.1474,0.0008
2022-08-08,1.1485,0.001
2022-08-09,1.1486,0.0001
2022-08-10,1.1482,-0.0003
2022-08-11,1.1494,0.001
2022-08-12,1.1498,0.0003
2022-08-15,1.1527,0.0025
2022-08-16,1.1538,0.001
2022-08-17,1.1539,0.0001
2022-08-18,1.153,-0.0008
2022-08-19,1.1527,-0.0003
2022-08-22,1.1541,0.0012
2022-08-23,1.1535,-0.0005
2022-08-24,1.1504,-0.0027
2022-08-25,1.1492,-0.001
2022-08-26,1.1482,-0.0009
2022-08-29,1.148,-0.0002
2022-08-30,1.1474,-0.0005
2022-08-31,1.1456,-0.0016
2022-09-01,1.1461,0.0004
2022-09-02,1.1469,0.0007000000000000001
2022-09-05,1.1481,0.001
2022-09-06,1.1503,0.0019
2022-09-07,1.1507,0.0003
2022-09-08,1.1495,-0.001
2022-09-09,1.1494,-0.0001
2022-09-13,1.1495,0.0001
2022-09-14,1.1488,-0.0006
2022-09-15,1.1472,-0.0014000000000000002
2022-09-16,1.1456,-0.0014000000000000002
2022-09-19,1.1453,-0.0003
2022-09-20,1.1462,0.0008
2022-09-21,1.1473,0.001
2022-09-22,1.1471,-0.0002
2022-09-23,1.1462,-0.0008
2022-09-26,1.1445,-0.0015
2022-09-27,1.1452,0.0006
2022-09-28,1.143,-0.0019
2022-09-29,1.1419,-0.001
2022-09-30,1.1413,-0.0005
2022-10-10,1.1412,-0.0001
2022-10-11,1.1428,0.0014000000000000002
2022-10-12,1.1454,0.0023
2022-10-13,1.1458,0.0003
2022-10-14,1.1478,0.0017000000000000001
2022-10-17,1.1478,0.0
2022-10-18,1.1475,-0.0003
2022-10-19,1.1471,-0.0003
2022-10-20,1.146,-0.001
2022-10-21,1.1455,-0.0004
2022-10-24,1.1442,-0.0011
2022-10-25,1.1434,-0.0007000000000000001
2022-10-26,1.1443,0.0008
2022-10-27,1.1447,0.0003
2022-10-28,1.1429,-0.0016
2022-10-31,1.1419,-0.0009
2022-11-01,1.144,0.0018
2022-11-02,1.1452,0.001
2022-11-03,1.1453,0.0001
2022-11-04,1.1481,0.0024
2022-11-07,1.1472,-0.0008
2022-11-08,1.1465,-0.0006
2022-11-09,1.1455,-0.0009
2022-11-10,1.1433,-0.0019
2022-11-11,1.1445,0.001
2022-11-14,1.1405,-0.0034999999999999996
2022-11-15,1.1404,-0.0001
2022-11-16,1.1363,-0.0036
2022-11-17,1.1341,-0.0019
2022-11-18,1.1334,-0.0006
2022-11-21,1.1337,0.0003
2022-11-22,1.1339,0.0002
2022-11-23,1.1348,0.0008
2022-11-24,1.1362,0.0012
2022-11-25,1.1367,0.0004
2022-11-28,1.1356,-0.001
2022-11-29,1.1359,0.0003
2022-11-30,1.1356,-0.0003
2022-12-01,1.1363,0.0006
2022-12-02,1.1364,0.0001
2022-12-05,1.1375,0.001
2022-12-06,1.1364,-0.001
2022-12-07,1.1341,-0.002
2022-12-08,1.1335,-0.0005
2022-12-09,1.1333,-0.0002
2022-12-12,1.1313,-0.0018
2022-12-13,1.1278,-0.0031
2022-12-14,1.1277,-0.0001
2022-12-15,1.1279,0.0002
2022-12-16,1.1269,-0.0009
2022-12-19,1.1259,-0.0009
2022-12-20,1.1254,-0.0004
2022-12-21,1.1257,0.0003
2022-12-22,1.1248,-0.0008
2022-12-23,1.1253,0.0004
2022-12-26,1.1268,0.0013
2022-12-27,1.1284,0.0014000000000000002
2022-12-28,1.1285,0.0001
2022-12-29,1.1282,-0.0003
2022-12-30,1.1293,0.001
2022-12-31,1.1294,0.0001
2023-01-03,1.1308,0.0013
2023-01-04,1.1325,0.0015
2023-01-05,1.1343,0.0016
2023-01-06,1.1347,0.0004
2023-01-09,1.1347,0.0
2023-01-10,1.1331,-0.0014000000000000002
2023-01-11,1.1331,0.0
2023-01-12,1.1337,0.0005
2023-01-13,1.134,0.0003
2023-01-16,1.1349,0.0008
2023-01-17,1.1356,0.0006
2023-01-18,1.1362,0.0005
2023-01-19,1.1368,0.0005
2023-01-20,1.1382,0.0012
2023-01-30,1.1391,0.0008
2023-01-31,1.1387,-0.0004
2023-02-01,1.1396,0.0008
2023-02-02,1.1404,0.0007000000000000001
2023-02-03,1.14,-0.0004
2023-02-06,1.1386,-0.0012
2023-02-07,1.1393,0.0006
2023-02-08,1.1391,-0.0002
2023-02-09,1.1405,0.0012
2023-02-10,1.1407,0.0002
2023-02-13,1.1412,0.0004
2023-02-14,1.1412,0.0
2023-02-15,1.1406,-0.0005
2023-02-16,1.14,-0.0005
2023-02-17,1.1391,-0.0008
2023-02-20,1.1403,0.0011
2023-02-21,1.1402,-0.0001
2023-02-22,1.1402,0.0
2023-02-23,1.1402,0.0
2023-02-24,1.1398,-0.0004
2023-02-27,1.1394,-0.0004
2023-02-28,1.1396,0.0002
2023-03-01,1.1408,0.0011
2023-03-02,1.1411,0.0003
2023-03-03,1.1418,0.0006
2023-03-06,1.1421,0.0003
2023-03-07,1.142,-0.0001
2023-03-08,1.1419,-0.0001
2023-03-09,1.142,0.0001
2023-03-10,1.1416,-0.0004
2023-03-13,1.1423,0.0006
2023-03-14,1.1421,-0.0002
2023-03-15,1.1428,0.0006
2023-03-16,1.1425,-0.0003
2023-03-17,1.1432,0.0006
2023-03-20,1.1443,0.001
2023-03-21,1.1447,0.0003
2023-03-22,1.1454,0.0006
2023-03-23,1.1457,0.0003
2023-03-24,1.1453,-0.0003
2023-03-27,1.1455,0.0002
2023-03-28,1.1449,-0.0005
2023-03-29,1.145,0.0001
2023-03-30,1.1456,0.0005
2023-03-31,1.1467,0.001
2023-04-03,1.148,0.0011
2023-04-04,1.148,0.0
2023-04-06,1.1483,0.0003
2023-04-07,1.1491,0.0007000000000000001
2023-04-10,1.1495,0.0003
2023-04-11,1.1491,-0.0003
2023-04-12,1.1498,0.0006
2023-04-13,1.1493,-0.0004
2023-04-14,1.1504,0.001
2023-04-17,1.152,0.0014000000000000002
2023-04-18,1.1526,0.0005
2023-04-19,1.1522,-0.0003
2023-04-20,1.1512,-0.0009
2023-04-21,1.1497,-0.0013
2023-04-24,1.1487,-0.0009
2023-04-25,1.1493,0.0005
2023-04-26,1.1507,0.0012
2023-04-27,1.1523,0.0014000000000000002
2023-04-28,1.1537,0.0012
2023-05-04,1.1551,0.0012
2023-05-05,1.1546,-0.0004
2023-05-08,1.1568,0.0019
2023-05-09,1.1559,-0.0008
2023-05-10,1.1558,-0.0001
2023-05-11,1.1564,0.0005
2023-05-12,1.1544,-0.0017000000000000001
2023-05-15,1.1557,0.0011
2023-05-16,1.1558,0.0001
2023-05-17,1.156,0.0002
2023-05-18,1.1564,0.0003
2023-05-19,1.1561,-0.0003
2023-05-22,1.1568,0.0006
2023-05-23,1.1563,-0.0004
2023-05-24,1.1553,-0.0009
2023-05-25,1.1552,-0.0001
2023-05-26,1.1556,0.0003
2023-05-29,1.1556,0.0
2023-05-30,1.1554,-0.0002
2023-05-31,1.1553,-0.0001
2023-06-01,1.1558,0.0004
2023-06-02,1.1579,0.0018
2023-06-05,1.1578,-0.0001
2023-06-06,1.1574,-0.0003
2023-06-07,1.1574,0.0
2023-06-08,1.1581,0.0006
2023-06-09,1.1592,0.0009
2023-06-12,1.1599,0.0006
2023-06-13,1.1602,0.0003
2023-06-14,1.1603,0.0001
2023-06-15,1.1614,0.0009
2023-06-16,1.1612,-0.0002
2023-06-19,1.1595,-0.0015
2023-06-20,1.1596,0.0001
2023-06-21,1.1587,-0.0008
2023-06-26,1.1574,-0.0011
2023-06-27,1.1588,0.0012
2023-06-28,1.159,0.0002
2023-06-29,1.1592,0.0002
2023-06-30,1.16,0.0007000000000000001
2023-07-03,1.161,0.0009
2023-07-04,1.1613,0.0003
2023-07-05,1.1611,-0.0002
2023-07-06,1.1609,-0.0002
2023-07-07,1.1611,0.0002
2023-07-10,1.1612,0.0001
2023-07-11,1.1615,0.0003
2023-07-12,1.1611,-0.0003
2023-07-13,1.1618,0.0006
2023-07-14,1.1615,-0.0003
2023-07-17,1.1615,0.0
2023-07-18,1.1624,0.0008
2023-07-19,1.1628,0.0003
2023-07-20,1.1628,0.0
2023-07-21,1.163,0.0002
2023-07-24,1.1629,-0.0001
2023-07-25,1.1641,0.001
2023-07-26,1.1641,0.0
2023-07-27,1.1643,0.0002
2023-07-28,1.1664,0.0018
2023-07-31,1.1664,0.0
2023-08-01,1.1657,-0.0006
2023-08-02,1.166,0.0003
2023-08-03,1.1672,0.001
2023-08-04,1.1679,0.0006
2023-08-07,1.1669,-0.0009
2023-08-08,1.167,0.0001
2023-08-09,1.1666,-0.0003
2023-08-10,1.1673,0.0006
2023-08-11,1.1666,-0.0006
2023-08-14,1.1664,-0.0002
2023-08-15,1.1668,0.0003
2023-08-16,1.1664,-0.0003
2023-08-17,1.1675,0.0009
2023-08-18,1.1674,-0.0001
2023-08-21,1.167,-0.0003
2023-08-22,1.1667,-0.0003
2023-08-23,1.1651,-0.0014000000000000002
2023-08-24,1.1663,0.001
2023-08-25,1.1654,-0.0008
2023-08-28,1.1657,0.0003
2023-08-29,1.1667,0.0009
2023-08-30,1.1667,0.0
2023-08-31,1.167,0.0003
2023-09-01,1.1678,0.0007000000000000001
2023-09-04,1.1687,0.0008
2023-09-05,1.1688,0.0001
2023-09-06,1.1678,-0.0009
2023-09-07,1.1642,-0.0031
2023-09-08,1.1629,-0.0011
2023-09-11,1.1631,0.0002
2023-09-12,1.1636,0.0004
2023-09-13,1.1631,-0.0004
2023-09-14,1.163,-0.0001
2023-09-15,1.1631,0.0001
2023-09-18,1.1634,0.0003
2023-09-19,1.1632,-0.0002
2023-09-20,1.163,-0.0002
2023-09-21,1.1625,-0.0004
2023-09-22,1.1639,0.0012
2023-09-25,1.1642,0.0003
2023-09-26,1.1638,-0.0003
2023-09-27,1.1645,0.0006
2023-09-28,1.1663,0.0015
2023-10-09,1.1664,0.0001
2023-10-10,1.1654,-0.0009
2023-10-11,1.1638,-0.0014000000000000002
2023-10-12,1.1646,0.0007000000000000001
2023-10-13,1.1642,-0.0003
2023-10-16,1.1629,-0.0011
2023-10-17,1.1621,-0.0007000000000000001
2023-10-18,1.1594,-0.0023
2023-10-19,1.1562,-0.0028000000000000004
2023-10-20,1.1553,-0.0008
2023-10-23,1.1525,-0.0024
2023-10-24,1.1559,0.003
2023-10-25,1.1575,0.0014000000000000002
2023-10-26,1.1581,0.0005
2023-10-27,1.1611,0.0026
2023-10-30,1.1612,0.0001
2023-10-31,1.1603,-0.0008
2023-11-01,1.159,-0.0011
2023-11-02,1.1591,0.0001
2023-11-03,1.1599,0.0007000000000000001
2023-11-06,1.1615,0.0014000000000000002
2023-11-07,1.1618,0.0003
2023-11-08,1.1612,-0.0005
2023-11-09,1.1616,0.0003
2023-11-10,1.1613,-0.0003
2023-11-13,1.1612,-0.0001
2023-11-14,1.1617,0.0004
2023-11-15,1.1632,0.0013
2023-11-16,1.162,-0.001
2023-11-17,1.1616,-0.0003
2023-11-20,1.1621,0.0004
2023-11-21,1.1621,0.0
2023-11-22,1.1597,-0.0021
2023-11-23,1.159,-0.0006
2023-11-24,1.1576,-0.0012
2023-11-27,1.1575,-0.0001
2023-11-28,1.1582,0.0006
2023-11-29,1.1571,-0.0009
2023-11-30,1.1568,-0.0003
2023-12-01,1.1572,0.0003
2023-12-04,1.1571,-0.0001
2023-12-05,1.1554,-0.0015
2023-12-06,1.1557,0.0003
2023-12-07,1.1561,0.0003
2023-12-08,1.1575,0.0012
2023-12-11,1.1588,0.0011
2023-12-12,1.159,0.0002
2023-12-13,1.1584,-0.0005
2023-12-14,1.1584,0.0
2023-12-15,1.1578,-0.0005
2023-12-18,1.1568,-0.0009
2023-12-19,1.1557,-0.001
2023-12-20,1.1553,-0.0003
2023-12-21,1.1564,0.001
2023-12-22,1.1573,0.0008
2023-12-25,1.1575,0.0002
2023-12-26,1.1572,-0.0003
2023-12-27,1.1589,0.0015
2023-12-28,1.1623,0.0029
2023-12-29,1.1643,0.0017000000000000001
2023-12-31,1.1644,0.0001
2024-01-02,1.1644,0.0
2024-01-03,1.163,-0.0012
2024-01-04,1.1626,-0.0003
2024-01-05,1.1625,-0.0001
2024-01-08,1.1607,-0.0015
2024-01-09,1.1619,0.001
2024-01-10,1.1616,-0.0003
2024-01-11,1.1626,0.0009
2024-01-12,1.1636,0.0009
2024-01-15,1.1634,-0.0002
2024-01-16,1.1627,-0.0006
2024-01-17,1.1602,-0.0022
2024-01-18,1.1596,-0.0005
2024-01-19,1.1596,0.0
2024-01-22,1.1554,-0.0036
2024-01-23,1.1559,0.0004
2024-01-24,1.1566,0.0006
2024-01-25,1.161,0.0038
2024-01-26,1.1621,0.0009
2024-01-29,1.1606,-0.0013
2024-01-30,1.1584,-0.0019
2024-01-31,1.1571,-0.0011
2024-02-01,1.1573,0.0002
2024-02-02,1.157,-0.0003
2024-02-05,1.1555,-0.0013
2024-02-06,1.1609,0.004699999999999999
2024-02-07,1.1625,0.0014000000000000002
2024-02-08,1.1639,0.0012
2024-02-19,1.1654,0.0013
2024-02-20,1.1684,0.0026
2024-02-21,1.1705,0.0018
2024-02-22,1.1722,0.0015
2024-02-23,1.1723,0.0001
2024-02-26,1.1714,-0.0008
2024-02-27,1.1727,0.0011
2024-02-28,1.1696,-0.0026
2024-02-29,1.1718,0.0019
2024-03-01,1.1723,0.0004
2024-03-04,1.1718,-0.0004
2024-03-05,1.1708,-0.0009
2024-03-06,1.1721,0.0011
2024-03-07,1.1716,-0.0004
2024-03-08,1.1721,0.0004
2024-03-11,1.1728,0.0006
2024-03-12,1.1716,-0.001
2024-03-13,1.1715,-0.0001
2024-03-14,1.1707,-0.0007000000000000001
2024-03-15,1.1717,0.0009
2024-03-18,1.1734,0.0015
2024-03-19,1.1738,0.0003
2024-03-20,1.1746,0.0007000000000000001
2024-03-21,1.175,0.0003
2024-03-22,1.174,-0.0009
2024-03-25,1.1733,-0.0006
2024-03-26,1.1726,-0.0006
2024-03-27,1.1718,-0.0007000000000000001
2024-03-28,1.1724,0.0005
2024-03-29,1.1736,0.001
2024-04-01,1.1753,0.0014000000000000002
2024-04-02,1.176,0.0006
2024-04-03,1.1768,0.0007000000000000001
2024-04-08,1.1767,-0.0001
2024-04-09,1.1782,0.0013
2024-04-10,1.1778,-0.0003
2024-04-11,1.1791,0.0011
2024-04-12,1.1801,0.0008
2024-04-15,1.1799,-0.0002
2024-04-16,1.1783,-0.0014000000000000002
2024-04-17,1.1812,0.0025
2024-04-18,1.1824,0.001
2024-04-19,1.182,-0.0003
2024-04-22,1.1814,-0.0005
2024-04-23,1.1816,0.0002
2024-04-24,1.1815,-0.0001
2024-04-25,1.1822,0.0006
2024-04-26,1.1825,0.0003
2024-04-29,1.1825,0.0
2024-04-30,1.1843,0.0015
2024-05-06,1.1877,0.0029
2024-05-07,1.1892,0.0013
2024-05-08,1.1883,-0.0008
2024-05-09,1.1903,0.0017000000000000001
2024-05-10,1.1906,0.0003
2024-05-13,1.1912,0.0005
2024-05-14,1.1917,0.0004
2024-05-15,1.1908,-0.0008
2024-05-16,1.1907,-0.0001
2024-05-17,1.1909,0.0002
2024-05-20,1.1924,0.0013
2024-05-21,1.1921,-0.0003
2024-05-22,1.1927,0.0005
2024-05-23,1.1916,-0.0009
2024-05-24,1.191,-0.0005
2024-05-27,1.1924,0.0012
2024-05-28,1.1922,-0.0002
2024-05-29,1.1921,-0.0001
2024-05-30,1.1922,0.0001
2024-05-31,1.1925,0.0003
2024-06-03,1.1915,-0.0008
2024-06-04,1.1933,0.0015
2024-06-05,1.1928,-0.0004
2024-06-06,1.1923,-0.0004
2024-06-07,1.1927,0.0003
2024-06-11,1.1937,0.0008
2024-06-12,1.1944,0.0006
2024-06-13,1.1932,-0.001
2024-06-14,1.1936,0.0003
2024-06-17,1.1923,-0.0011
2024-06-18,1.1936,0.0011
2024-06-19,1.1934,-0.0002
2024-06-20,1.1904,-0.0025
2024-06-21,1.1896,-0.0007000000000000001
2024-06-24,1.1858,-0.0032
2024-06-25,1.1875,0.0014000000000000002
2024-06-26,1.1911,0.003
2024-06-27,1.1903,-0.0007000000000000001
2024-06-28,1.1919,0.0013
2024-06-30,1.192,0.0001
2024-07-01,1.1929,0.0008
2024-07-02,1.1924,-0.0004
2024-07-03,1.1902,-0.0018
2024-07-04,1.1877,-0.0021
2024-07-05,1.1887,0.0008
2024-07-08,1.1847,-0.0034000000000000002
2024-07-09,1.1878,0.0026
2024-07-10,1.1873,-0.0004
2024-07-11,1.1896,0.0019
2024-07-12,1.1887,-0.0008
2024-07-15,1.1879,-0.0007000000000000001
2024-07-16,1.1869,-0.0008
2024-07-17,1.1848,-0.0018
2024-07-18,1.1847,-0.0001
2024-07-19,1.1857,0.0008
2024-07-22,1.1847,-0.0008
2024-07-23,1.1823,-0.002
2024-07-24,1.1799,-0.002
2024-07-25,1.1801,0.0002
2024-07-26,1.1842,0.0034999999999999996
2024-07-29,1.1849,0.0006
2024-07-30,1.1843,-0.0005
2024-07-31,1.1883,0.0034000000000000002
2024-08-01,1.189,0.0006
2024-08-02,1.1886,-0.0003
2024-08-05,1.1863,-0.0019
2024-08-06,1.1866,0.0003
2024-08-07,1.1876,0.0008
2024-08-08,1.1859,-0.0014000000000000002
2024-08-09,1.1851,-0.0007000000000000001
2024-08-12,1.1816,-0.003
2024-08-13,1.1822,0.0005
2024-08-14,1.1821,-0.0001
2024-08-15,1.1804,-0.0014000000000000002
2024-08-16,1.1775,-0.0025
2024-08-19,1.1799,0.002
2024-08-20,1.177,-0.0025
2024-08-21,1.1766,-0.0003
2024-08-22,1.1754,-0.001
2024-08-23,1.1752,-0.0002
2024-08-26,1.1766,0.0012
2024-08-27,1.1744,-0.0019
2024-08-28,1.1755,0.0009
2024-08-29,1.1767,0.001
2024-08-30,1.1793,0.0022
2024-09-02,1.1786,-0.0006
2024-09-03,1.179,0.0003
2024-09-04,1.1796,0.0005
2024-09-05,1.1804,0.0007000000000000001
2024-09-06,1.1794,-0.0008
2024-09-09,1.1781,-0.0011
2024-09-10,1.1768,-0.0011
2024-09-11,1.1757,-0.0009
2024-09-12,1.1762,0.0004
2024-09-13,1.1766,0.0003
2024-09-18,1.1779,0.0011
2024-09-19,1.1794,0.0013
2024-09-20,1.1781,-0.0011
2024-09-23,1.1792,0.0009
2024-09-24,1.1841,0.0042
2024-09-25,1.1868,0.0023
2024-09-26,1.1888,0.0017000000000000001
2024-09-27,1.1864,-0.002
2024-09-30,1.1925,0.0051
2024-10-08,1.196,0.0029
2024-10-09,1.1875,-0.0070999999999999995
2024-10-10,1.1902,0.0023
2024-10-11,1.1878,-0.002
2024-10-14,1.1911,0.0028000000000000004
2024-10-15,1.1902,-0.0008
2024-10-16,1.1918,0.0013
2024-10-17,1.192,0.0002
2024-10-18,1.1939,0.0016
2024-10-21,1.1947,0.0007000000000000001
2024-10-22,1.1944,-0.0003
2024-10-23,1.1948,0.0003
2024-10-24,1.1921,-0.0023
2024-10-25,1.1931,0.0008
2024-10-28,1.1931,0.0
2024-10-29,1.1924,-0.0006
2024-10-30,1.1907,-0.0014000000000000002
2024-10-31,1.1916,0.0008
2024-11-01,1.1933,0.0014000000000000002
2024-11-04,1.1946,0.0011
2024-11-05,1.1969,0.0019
2024-11-06,1.1962,-0.0006
2024-11-07,1.1986,0.002
2024-11-08,1.1978,-0.0007000000000000001
2024-11-11,1.1996,0.0015
2024-11-12,1.1998,0.0002
2024-11-13,1.1993,-0.0004
2024-11-14,1.1979,-0.0012
2024-11-15,1.197,-0.0008
2024-11-18,1.1958,-0.001
2024-11-19,1.1977,0.0016
2024-11-20,1.1981,0.0003
2024-11-21,1.1995,0.0012
2024-11-22,1.1982,-0.0011
2024-11-25,1.199,0.0007000000000000001
2024-11-26,1.1994,0.0003
2024-11-27,1.2006,0.001
2024-11-28,1.2023,0.0014000000000000002
2024-11-29,1.2037,0.0012
2024-12-02,1.2066,0.0024
2024-12-03,1.2072,0.0005
2024-12-04,1.2084,0.001
2024-12-05,1.2089,0.0004
2024-12-06,1.2098,0.0007000000000000001
2024-12-09,1.2119,0.0017000000000000001
2024-12-10,1.217,0.0042
2024-12-11,1.2188,0.0015
2024-12-12,1.221,0.0018
2024-12-13,1.222,0.0008
2024-12-16,1.2239,0.0016
2024-12-17,1.2224,-0.0012
2024-12-18,1.2214,-0.0008
2024-12-19,1.2213,-0.0001
2024-12-20,1.2244,0.0025
2024-12-23,1.2241,-0.0002
2024-12-24,1.2234,-0.0006
2024-12-25,1.222,-0.0011
2024-12-26,1.2235,0.0012
2024-12-27,1.2256,0.0017000000000000001
2024-12-30,1.2256,0.0
2024-12-31,1.2265,0.0007000000000000001
2025-01-02,1.2291,0.0021
2025-01-03,1.2294,0.0002
2025-01-06,1.2298,0.0003
2025-01-07,1.2293,-0.0004
2025-01-08,1.2291,-0.0002
2025-01-09,1.2272,-0.0015
2025-01-10,1.2272,0.0
2025-01-13,1.2254,-0.0015
2025-01-14,1.2283,0.0024
2025-01-15,1.2288,0.0004
2025-01-16,1.2283,-0.0004
2025-01-17,1.2279,-0.0003
2025-01-20,1.2277,-0.0002
2025-01-21,1.2294,0.0014000000000000002
2025-01-22,1.2288,-0.0005
2025-01-23,1.2285,-0.0002
2025-01-24,1.2295,0.0008
2025-01-27,1.2314,0.0015
2025-02-05,1.2321,0.0006
2025-02-06,1.234,0.0015
2025-02-07,1.2347,0.0006
2025-02-10,1.2331,-0.0013
2025-02-11,1.2333,0.0002
2025-02-12,1.2336,0.0002
2025-02-13,1.2334,-0.0002
2025-02-14,1.2316,-0.0015
2025-02-17,1.2295,-0.0017000000000000001
2025-02-18,1.228,-0.0012
2025-02-19,1.23,0.0016
2025-02-20,1.2288,-0.001
2025-02-21,1.2272,-0.0013
2025-02-24,1.2254,-0.0015
2025-02-25,1.2272,0.0015
2025-02-26,1.2295,0.0019
2025-02-27,1.2276,-0.0015
2025-02-28,1.2259,-0.0014000000000000002
2025-03-03,1.2256,-0.0002
2025-03-04,1.2262,0.0005
2025-03-05,1.2268,0.0005
2025-03-06,1.2271,0.0002
2025-03-07,1.2256,-0.0012
2025-03-10,1.2256,0.0
2025-03-11,1.2233,-0.0019
2025-03-12,1.2242,0.0007000000000000001
2025-03-13,1.2235,-0.0006
2025-03-14,1.2256,0.0017000000000000001
2025-03-17,1.2261,0.0004
2025-03-18,1.227,0.0007000000000000001
2025-03-19,1.2253,-0.0014000000000000002
2025-03-20,1.2253,0.0
2025-03-21,1.2225,-0.0023
2025-03-24,1.2214,-0.0009
2025-03-25,1.2228,0.0011
2025-03-26,1.2239,0.0009
2025-03-27,1.224,0.0001
2025-03-28,1.2227,-0.0011
2025-03-31,1.2214,-0.0011
2025-04-01,1.2223,0.0007000000000000001
2025-04-02,1.2242,0.0016
2025-04-03,1.2238,-0.0003
2025-04-07,1.2142,-0.0078000000000000005
2025-04-08,1.2154,0.001
2025-04-09,1.2182,0.0023
2025-04-10,1.2209,0.0022
2025-04-11,1.2197,-0.001
2025-04-14,1.2205,0.0007000000000000001
2025-04-15,1.2186,-0.0016
2025-04-16,1.2168,-0.0015
2025-04-17,1.2161,-0.0006
2025-04-18,1.2164,0.0002
2025-04-21,1.2172,0.0007000000000000001
2025-04-22,1.2188,0.0013
2025-04-23,1.2195,0.0006
2025-04-24,1.2184,-0.0009
2025-04-25,1.2193,0.0007000000000000001
2025-04-28,1.2179,-0.0011
2025-04-29,1.2204,0.0021
2025-04-30,1.2217,0.0011
2025-05-06,1.2246,0.0024
2025-05-07,1.2237,-0.0007000000000000001
2025-05-08,1.2273,0.0029
2025-05-09,1.2254,-0.0015
2025-05-12,1.2234,-0.0016
2025-05-13,1.2246,0.001
2025-05-14,1.2236,-0.0008
2025-05-15,1.2219,-0.0014000000000000002
2025-05-16,1.2227,0.0007000000000000001
2025-05-19,1.2243,0.0013
2025-05-20,1.2247,0.0003
2025-05-21,1.2246,-0.0001
2025-05-22,1.2231,-0.0012
2025-05-23,1.2218,-0.0011
2025-05-26,1.2219,0.0001
2025-05-27,1.2205,-0.0011
2025-05-28,1.2213,0.0007000000000000001
2025-05-29,1.2219,0.0005
2025-05-30,1.223,0.0009
2025-06-03,1.2233,0.0002
2025-06-04,1.2261,0.0023
2025-06-05,1.2266,0.0004
2025-06-06,1.2278,0.001
2025-06-09,1.2291,0.0011
2025-06-10,1.2278,-0.0011
2025-06-11,1.2298,0.0016
2025-06-12,1.2301,0.0002
2025-06-13,1.2285,-0.0013
2025-06-16,1.2292,0.0006
2025-06-17,1.2302,0.0008
2025-06-18,1.2315,0.0011
2025-06-19,1.2311,-0.0003
2025-06-20,1.2308,-0.0002
2025-06-23,1.2319,0.0009
2025-06-24,1.2324,0.0004
2025-06-25,1.2339,0.0012
2025-06-26,1.2348,0.0007000000000000001
2025-06-27,1.2355,0.0006
2025-06-30,1.2359,0.0003
2025-07-01,1.2386,0.0022
2025-07-02,1.238,-0.0005
2025-07-03,1.2394,0.0011
2025-07-04,1.2392,-0.0002
2025-07-07,1.2381,-0.0009
2025-07-08,1.2403,0.0018
2025-07-09,1.2396,-0.0006
2025-07-10,1.239,-0.0005
2025-07-11,1.2389,-0.0001
2025-07-14,1.2375,-0.0011
2025-07-15,1.2389,0.0011
2025-07-16,1.2394,0.0004
2025-07-17,1.2424,0.0024
2025-07-18,1.243,0.0005
2025-07-21,1.243,0.0
2025-07-22,1.242,-0.0008
2025-07-23,1.2407,-0.001
2025-07-24,1.2392,-0.0012
2025-07-25,1.2396,0.0003
2025-07-28,1.2406,0.0008
2025-07-29,1.2362,-0.0034999999999999996
2025-07-30,1.2391,0.0023
2025-07-31,1.2385,-0.0005
2025-08-01,1.2384,-0.0001
2025-08-04,1.2417,0.0027
2025-08-05,1.2436,0.0015
2025-08-06,1.2462,0.0021
2025-08-07,1.2463,0.0001
2025-08-08,1.2459,-0.0003
2025-08-11,1.2435,-0.0019
2025-08-12,1.2403,-0.0026
2025-08-13,1.2429,0.0021
2025-08-14,1.2405,-0.0019
2025-08-15,1.2415,0.0008
2025-08-18,1.2358,-0.0046
2025-08-19,1.2383,0.002
2025-08-20,1.238,-0.0002
2025-08-21,1.2414,0.0027
2025-08-22,1.2427,0.001
2025-08-25,1.246,0.0027
2025-08-26,1.2475,0.0012
2025-08-27,1.2393,-0.0066
2025-08-28,1.2357,-0.0029
2025-08-29,1.2362,0.0004
2025-09-01,1.2354,-0.0006
2025-09-02,1.2329,-0.002
2025-09-03,1.2366,0.003
2025-09-04,1.2348,-0.0015
2025-09-05,1.2394,0.0037
2025-09-08,1.24,0.0005
2025-09-09,1.2357,-0.0034999999999999996
2025-09-10,1.2318,-0.0032
2025-09-11,1.2344,0.0021
2025-09-12,1.2353,0.0007000000000000001
2025-09-15,1.2334,-0.0015
2025-09-16,1.2334,0.0
2025-09-17,1.2346,0.001
2025-09-18,1.2325,-0.0017000000000000001
2025-09-19,1.2307,-0.0015
2025-09-22,1.2325,0.0015
2025-09-23,1.2314,-0.0009
2025-09-24,1.2327,0.0011
2025-09-25,1.2339,0.001
2025-09-26,1.2326,-0.0011
2025-09-29,1.2354,0.0023
2025-09-30,1.2366,0.001
2025-10-09,1.2379,0.0011
2025-10-10,1.2351,-0.0023
2025-10-13,1.2343,-0.0006
2025-10-14,1.2311,-0.0026
2025-10-15,1.2328,0.0014000000000000002
2025-10-16,1.232,-0.0006
2025-10-17,1.2298,-0.0018
2025-10-20,1.2305,0.0006
2025-10-21,1.2332,0.0022
2025-10-22,1.2025,-0.0006
2025-10-23,1.2026,0.0001
2025-10-24,1.2052,0.0022
2025-10-27,1.2061,0.0007000000000000001
2025-10-28,1.2066,0.0004
2025-10-29,1.2083,0.0014000000000000002
2025-10-30,1.2072,-0.0009
2025-10-31,1.2069,-0.0002
2025-11-03,1.2068,-0.0001
2025-11-04,1.205,-0.0015
2025-11-05,1.2068,0.0015
2025-11-06,1.2074,0.0005
2025-11-07,1.2077,0.0002
2025-11-10,1.208,0.0002
2025-11-11,1.2071,-0.0007000000000000001
2025-11-12,1.2068,-0.0002
2025-11-13,1.2107,0.0032
2025-11-14,1.2083,-0.002
2025-11-17,1.2088,0.0004
2025-11-18,1.2056,-0.0026
2025-11-19,1.2067,0.0009
2025-11-20,1.2053,-0.0012
2025-11-21,1.2026,-0.0022
2025-11-24,1.2027,0.0001
2025-11-25,1.2036,0.0007000000000000001
2025-11-26,1.2001,-0.0029
2025-11-27,1.1984,-0.0014000000000000002
2025-11-28,1.2008,0.002
2025-12-01,1.2014,0.0005
2025-12-02,1.1998,-0.0013
2025-12-03,1.1988,-0.0008
2025-12-04,1.1982,-0.0005
2025-12-05,1.2011,0.0024
2025-12-08,1.2032,0.0017000000000000001
2025-12-09,1.2013,-0.0016
2025-12-10,1.202,0.0006
2025-12-11,1.2003,-0.0014000000000000002
2025-12-12,1.2005,0.0002
2025-12-15,1.1994,-0.0009
2025-12-16,1.1973,-0.0018
2025-12-17,1.2019,0.0038
2025-12-18,1.2016,-0.0002
2025-12-19,1.2026,0.0008
2025-12-22,1.2052,0.0022
2025-12-23,1.206,0.0007000000000000001
2025-12-24,1.209,0.0025
2025-12-25,1.2097,0.0006
2025-12-26,1.2081,-0.0013
2025-12-29,1.2051,-0.0025
2025-12-30,1.206,0.0007000000000000001
2025-12-31,1.2059,-0.0001
2026-01-05,1.2105,0.0038
2026-01-06,1.2128,0.0019
2026-01-07,1.2135,0.0006
2026-01-08,1.2139,0.0003
2026-01-09,1.2178,0.0032
2026-01-12,1.2191,0.0011
2026-01-13,1.2166,-0.0021
2026-01-14,1.2174,0.0007000000000000001
2026-01-15,1.2187,0.0011
2026-01-16,1.2214,0.0022
2026-01-19,1.223,0.0013
2026-01-20,1.2212,-0.0015
2026-01-21,1.2241,0.0024
2026-01-22,1.2253,0.001
2026-01-23,1.2287,0.0028000000000000004
2026-01-26,1.2261,-0.0021
2026-01-27,1.2257,-0.0003
2026-01-28,1.2288,0.0025
2026-01-29,1.2254,-0.0028000000000000004
2026-01-30,1.2212,-0.0034000000000000002
2026-02-02,1.2154,-0.004699999999999999
2026-02-03,1.221,0.0046
2026-02-04,1.2208,-0.0002
2026-02-05,1.2204,-0.0003
2026-02-06,1.2231,0.0022
2026-02-09,1.2273,0.0034000000000000002
2026-02-10,1.2272,-0.0001
2026-02-11,1.2294,0.0018
2026-02-12,1.2293,-0.0001
2026-02-13,1.2287,-0.0005
2026-02-24,1.2316,0.0024
2026-02-25,1.2322,0.0005
2026-02-26,1.2288,-0.0028000000000000004
2026-02-27,1.2279,-0.0007000000000000001
2026-03-02,1.2296,0.0014000000000000002
2026-03-03,1.2264,-0.0026
2026-03-04,1.2256,-0.0007000000000000001
2026-03-05,1.2252,-0.0003
2026-03-06,1.226,0.0007000000000000001
2026-03-09,1.2237,-0.0019
2026-03-10,1.2254,0.0014000000000000002
2026-03-11,1.2265,0.0009
2026-03-12,1.2264,-0.0001
2026-03-13,1.225,-0.0011
2026-03-16,1.2243,-0.0006
2026-03-17,1.2212,-0.0025
2026-03-18,1.2223,0.0009
2026-03-19,1.219,-0.0027
2026-03-20,1.2186,-0.0003
2026-03-23,1.2186,0.0
2026-03-24,1.2222,0.003
2026-03-25,1.2234,0.001
2026-03-26,1.2213,-0.0017000000000000001
2026-03-27,1.2228,0.0012
2026-03-30,1.2222,-0.0005
2026-03-31,1.2189,-0.0027
2026-04-01,1.2217,0.0023
2026-04-02,1.2197,-0.0016
2026-04-03,1.2208,0.0009
2026-04-07,1.2234,0.0021
2026-04-08,1.2278,0.0036
2026-04-09,1.2275,-0.0002
2026-04-10,1.2291,0.0013
2026-04-13,1.2303,0.001
2026-04-14,1.2307,0.0003
2026-04-15,1.2321,0.0011
2026-04-16,1.2336,0.0012
2026-04-17,1.2355,0.0015
2026-04-20,1.2352,-0.0002
2026-04-21,1.2363,0.0009
2026-04-22,1.2375,0.001
2026-04-23,1.2357,-0.0015
2026-04-24,1.2339,-0.0015
2026-04-27,1.2339,0.0
2026-04-28,1.2346,0.0006
2026-04-29,1.2378,0.0026
2026-04-30,1.2379,0.0001
2026-05-06,1.2374,-0.0004
2026-05-07,1.2341,-0.0027
2026-05-08,1.2331,-0.0008
2026-05-11,1.2337,0.0005
2026-05-12,1.2323,-0.0011
2026-05-13,1.2323,0.0
2026-05-14,1.2297,-0.0021
2026-05-15,1.2292,-0.0004
2026-05-18,1.23,0.0007000000000000001
2026-05-19,1.2326,0.0021
2026-05-20,1.2316,-0.0008
2026-05-21,1.23,-0.0013
2026-05-22,1.2302,0.0002
2026-05-25,1.2314,0.001
2026-05-26,1.2313,-0.0001
2026-05-27,1.2316,0.0002
2026-05-28,1.2328,0.001
2026-05-29,1.2329,0.0001
2026-06-01,1.2152,0.0019
2026-06-02,1.2153,0.0001
2026-06-03,1.2145,-0.0007000000000000001
2026-06-04,1.2155,0.0008
2026-06-05,1.2142,-0.0011
2026-06-08,1.2137,-0.0004
2026-06-09,1.2128,-0.0007000000000000001
2026-06-10,1.2103,-0.0021
2026-06-11,1.2102,-0.0001
2026-06-12,1.2111,0.0007000000000000001
2026-06-15,1.2123,0.001
2026-06-16,1.2125,0.0002
2026-06-17,1.2119,-0.0005
2026-06-18,1.2114,-0.0004
2026-06-22,1.2121,0.0006
2026-06-23,1.211,-0.0009
2026-06-24,1.2113,0.0002
2026-06-25,1.2117,0.0003
2026-06-26,1.211,-0.0006
2026-06-29,1.2109,-0.0001
2026-06-30,1.2102,-0.0006
2026-07-01,1.2096,-0.0005
2026-07-02,1.2094,-0.0002
2026-07-03,1.2095,0.0001
2026-07-06,1.2099,0.0003
2026-07-07,1.2081,-0.0015
2026-07-08,1.209,0.0007000000000000001
2026-07-09,1.2101,0.0009
2026-07-10,1.2096,-0.0004
2026-07-13,1.2081,-0.0012
2026-07-14,1.2099,0.0015
2026-07-15,1.2097,-0.0002
2026-07-16,1.2085,-0.001
2026-07-17,1.2076,-0.0007000000000000001
2026-07-20,1.208,0.0003
2026-07-21,1.2089,0.0007000000000000001
2026-07-22,1.2085,-0.0003
2026-07-23,1.2093,0.0007000000000000001
2026-07-24,1.2094,0.0001
2026-07-27,1.2106,0.001
2026-07-28,1.2087,-0.0016
2026-07-29,1.21,0.0011
2026-07-30,1.2102,0.0002
2026-07-31,1.2113,0.0009
2026-08-03,1.2088,-0.0021
2026-08-04,1.2106,0.0015
